side,source_decision,canlii_id,n_hits,first_offset,context,verdict,our_groups_for_source(canlii_only only)
ours_only,BCCA_2003bcca514,2003bcca514,3,6922,"inly not to the high standard required by cases such as Stein v. Kathy K., [1976] 2 S.C.R. 802, and Hausen and Nikoleson, [2002] S.C.R. 235. Nor am I persuaded the trial judge used an incorrect measure of damages or erred in c",真引用（原文有案名+引证）,
ours_only,BCCA_2010bcca410,2010bcca410,3,21608,"e of palpable and overriding error, this Court must defer to the findings of fact of a trial judge (Housen v. Nikolaisen, 2002 SCC 23, [2002] 2 S.C.R. 235). [39] The function of a trial judge in determining credibility, and th",真引用（原文有案名+引证）,
ours_only,BCCA_2010bcca541,2010bcca541,3,20985,"this Court cannot intervene absent a palpable and overriding error: Evans at para. 35, quoting from Housen v. Nikolaisen, 2003 SCC 33 at para. 36, [2002] 2 S.C.R. 235. [30] Wheaton asserts such error. With respect, I would not",真引用（原文有案名+引证）,
ours_only,BCCA_2012bcca233,2012bcca233,3,14449,"ach piece of evidence is only reviewable on the standard of being a palpable and overriding error. (Housen v. Nikolaisen, [2002] S.C.R. 235 at Paragraph 23) 70. The Trial Judge committed no palpable and overriding error, but r",真引用（原文有案名+引证）,
ours_only,ONCA_2014onca164,2014onca164,3,8251,"f mixed law and fact is deference, absent a palpable and overriding error or an error in principle: Housen v. Nikolaisen, [2002] 2 S.C.J. No. 31, at paras. 8, 10 and 37. [12] The question is not whether this court would arrive",真引用（原文有案名+引证）,
ours_only,ONCA_2016onca618,2016onca618,3,8667,"inciple and his decision is reviewable on a correctness standard. As the Supreme Court explained in Housen v. Nikolaisen, [2002] S.C.R. 235, at para. 36, where an error can be attributed to “the application of an incorrect sta",真引用（原文有案名+引证）,
ours_only,ONCA_2022onca302,2022onca302,3,28804,"d. Findings of fact are reversible only where a palpable and overriding error has been established: Housen v. Nikolaisen, 2002 SCC 3, [2002] 2 S.C.R. 235, at paras. 8, 10. [45] Dealing first with s. 190(4), the Crown submits t",真引用（原文有案名+引证）,
ours_only,ONCA_2023onca402,2023onca402,3,18730,"ion: Sattva Capital Corp. v. Creston Moly Corp., 2014 SCC 53, [2014] 2 S.C.R. 633, at paras. 50-54; Housen v. Nikolaisen, 2002 SCC 3, [2002] 2 S.C.R. 235. The trial judge made findings of fact as to who the payees were and wha",真引用（原文有案名+引证）,
ours_only,ONCA_2023onca781,2023onca781,2,7420,"hat appellate courts defer to findings of fact made at trial, absent palpable and overriding error: Housen v. Nikolaisen, [2002] SCC 35, at para. 36; L. (H.) v. Canada (AG), [2005] SCC, at para. 55. [15] When reviewing a trial",真引用（原文有案名+引证）,
ours_only,ONCA_2024onca594,2024onca594,3,4306,"this court should defer to that conclusion: Hickey v. Hickey, [1999] 2 S.C.R. 518, at paras. 10-12; Housen v. Nikolaisen, 2002 SCC 3, [2002] 2 S.C.R. 235, at paras. 10 and 36. [9] Similarly, the motion judge carefully consider",真引用（原文有案名+引证）,
ours_only,ONCA_2025onca251,2025onca251,4,10855," to any distribution was foreclosed – is a legal question. A standard of correctness applies to it: Housen v Nikolaisen, [2002] S.C.R. 235, at para. 8. The second ground of appeal is that the motion judge’s decision to approve",真引用（原文有案名+引证）,
ours_only,ONCA_c38408,2003canlii11814,2,1323,rd to the high standard of deference owing to a trial judge's findings of fact we cannot interfere: Housen v. Nikolaisen (2002) SCC 33. [2] We see no basis for setting aside the legal conclusion flowing from that finding of fa,真引用（原文有案名+引证）,
canlii_only,BCCA_2007bcca548,2007bcca548,2,6355," to address a relevant issue in his or her reasons must satisfy a strict review test. In Houston v. Nikolaisen [2002] S.C.J. No. 31, it is said at paras. 39 and 72 that an omission in reasons for judgment is only a ""material error",真引用（原文有案名+引证）,XC-G025951:counted;XC-G032549:counted;XC-G032638:counted
canlii_only,ONCA_c40885,2004canlii4324,3,11610,"ual error, are not to be disturbed on appeal: see Waxman v. Waxman, [2004] O.J. No. 1765 (C.A.) and Housen v. Nikolaisen, [2003] 2 S.C.R. 235. 2. Did the trustee’s discharge as Mrs. Marino’s trustee preclude it from moving to ",真引用（原文有案名+引证）,XC-G012328:counted;XC-G028852:counted;XC-G075840:counted;XC-G076700:counted;XC-G077480:counted;XC-G087171:counted;XC-G087223:counted;XC-G088667:counted
canlii_only,ONCA_c42809,2006canlii40663,4,12732,"at in deciding whether to lift the corporate veil, a court should bear in mind that those who have chosen the benefits of incorporation should bear the corresponding burdens. [22] In Wildman v. Wildman, [2006] O.J. No. 3966 (",真引用（原文有案名+引证）,XC-G010530:counted;XC-G014774:counted;XC-G016762:counted;XC-G020222:counted;XC-G020264:counted;XC-G029019:counted;XC-G030695:counted;XC-G031942:counted;XC-G073107:counted;XC-G075674:counted;XC-G077890:counted;XC-G078930:counted;XC-G079173:counted;XC-G079657:counted;XC-G080822:counted;XC-G082500:coun
