court,decade,basis,n
BCCA,catalog_size,,28756
BCCA,1990,name_unverified,2
BCCA,1990,neutral,768
BCCA,1990,neutral_absent,1
BCCA,2000,name_ambiguous,1
BCCA,2000,neutral,6319
BCCA,2000,none,15
BCCA,2010,name_unverified,4
BCCA,2010,neutral,4566
BCCA,2010,neutral_absent,3
BCCA,2020,name_unverified,2
BCCA,2020,neutral,3015
BCCA,2020,neutral_absent,7
ONCA,catalog_size,,37437
ONCA,0,none,136
ONCA,1990,name_ambiguous,106
ONCA,1990,name_unverified,764
ONCA,1990,none,187
ONCA,2000,name_ambiguous,705
ONCA,2000,name_unverified,3074
ONCA,2000,neutral,2668
ONCA,2000,neutral_absent,5
ONCA,2000,none,1352
ONCA,2010,name_ambiguous,6
ONCA,2010,name_unverified,23
ONCA,2010,neutral,9120
ONCA,2010,neutral_absent,55
ONCA,2020,name_ambiguous,4
ONCA,2020,name_unverified,5
ONCA,2020,neutral,5871
ONCA,2020,neutral_absent,8
SCC,catalog_size,,11789
SCC,0,none,62
SCC,1870,name_ambiguous,4
SCC,1870,name_unverified,72
SCC,1880,name_ambiguous,2
SCC,1880,name_unverified,385
SCC,1880,none,2
SCC,1890,name_ambiguous,21
SCC,1890,name_unverified,696
SCC,1890,none,1
SCC,1900,name_ambiguous,43
SCC,1900,name_unverified,683
SCC,1900,none,1
SCC,1910,name_ambiguous,82
SCC,1910,name_unverified,597
SCC,1910,none,4
SCC,1920,name_ambiguous,50
SCC,1920,name_unverified,680
SCC,1920,none,4
SCC,1930,name_ambiguous,22
SCC,1930,name_unverified,587
SCC,1930,none,4
SCC,1940,name_ambiguous,22
SCC,1940,name_unverified,464
SCC,1950,name_ambiguous,16
SCC,1950,name_unverified,636
SCC,1950,none,2
SCC,1960,name_ambiguous,23
SCC,1960,name_unverified,794
SCC,1960,none,2
SCC,1970,name_ambiguous,26
SCC,1970,name_unverified,1085
SCC,1970,none,4
SCC,1980,name_ambiguous,27
SCC,1980,name_unverified,959
SCC,1980,none,2
SCC,1990,name_ambiguous,100
SCC,1990,name_unverified,1016
SCC,1990,none,3
SCC,2000,neutral,735
SCC,2010,name_unverified,5
SCC,2010,neutral,665
SCC,2020,name_unverified,12
SCC,2020,neutral,291
