stratum,measure,n
BCCA_1999-2007,frame,6004
BCCA_1999-2007,taken,40
BCCA_2008-2016,frame,4256
BCCA_2008-2016,taken,40
BCCA_2017-2026,frame,4416
BCCA_2017-2026,taken,40
ONCA_1998-2006,frame,3833
ONCA_1998-2006,taken,40
ONCA_1998-2006,verified,40
ONCA_1998-2006,verify_failed,1
ONCA_2007-2015,frame,7803
ONCA_2007-2015,taken,40
ONCA_2016-2026,frame,9889
ONCA_2016-2026,taken,40
SCC_1875-1949,frame,4164
SCC_1875-1949,taken,40
SCC_1875-1949,verified,40
SCC_1875-1949,verify_failed,90
SCC_1950-1999,frame,4490
SCC_1950-1999,taken,40
SCC_1950-1999,verified,40
SCC_2000-2026,frame,1708
SCC_2000-2026,taken,40
