candidate_id,corpus_row_index,raw_string,shape,r2c_status,r2d_status,r2d_superseded_by,superseder_r2d_status,r2d_note,original_text_window,engineering_judgment
ONCA:10076:8322:8339:shape_neutral_bare,10076,2001 CanLII 24079,shape_neutral_bare,span_alternative_undecided,alternative_contained,ONCA:10076:8314:8339:shape_year_vol_page,counted,contained 攻击依据 ONCA:10076:8314:8339:shape_year_vol_page,"urt that have held “it is improper to call upon an accused to comment on the credibility of his accusers”: see R. v. Rose (2001), <<2001 CanLII 24079>> (ON CA), 53 O.R. (3d) 417 (C.A.), at para. 27, per Charron J.A.; and R. v. L.L., 2009 ONCA 413 (CanLII), 96 O.R. (3d) 412, at par","P1 系统问题实例：真中立引证 2001 CanLII 24079 被「(2001), 2001 CanLII 24079」长误析（vol槽=年份2001）以相容包含压制——相容判定未查 vol==年份复写。计入的是误析键。"
ONCA:10076:8322:8339:shape_vol_abbr_page,10076,2001 CanLII 24079,shape_vol_abbr_page,span_alternative_undecided,alternative_contained,ONCA:10076:8314:8339:shape_year_vol_page,counted,contained 攻击依据 ONCA:10076:8314:8339:shape_year_vol_page,"urt that have held “it is improper to call upon an accused to comment on the credibility of his accusers”: see R. v. Rose (2001), <<2001 CanLII 24079>> (ON CA), 53 O.R. (3d) 417 (C.A.), at para. 27, per Charron J.A.; and R. v. L.L., 2009 ONCA 413 (CanLII), 96 O.R. (3d) 412, at par",P1 同上（同引证的卷读法，同样被压制）。
ONCA:10125:12089:12104:shape_neutral_bare,10125,1989 CanLII 245,shape_neutral_bare,span_alternative_undecided,alternative_contained,ONCA:10125:12081:12104:shape_year_vol_page,counted,contained 攻击依据 ONCA:10125:12081:12104:shape_year_vol_page,"close: Time Development Group Inc. (In trust) v. Bitton, 2018 ONSC 4384 (CanLII), at para. 53; see also Norfolk v. Aikens (1989), <<1989 CanLII 245>> (BC CA), 41 B.C.L.R. (2d) 145 (C.A.). While tender is the best evidence that a party is ready, willing and able to close, tender ",P1 同款：1989 CanLII 245（Norfolk v. Aikens）真引证被长误析压制。
ONCA:10125:12089:12104:shape_vol_abbr_page,10125,1989 CanLII 245,shape_vol_abbr_page,span_alternative_undecided,alternative_contained,ONCA:10125:12081:12104:shape_year_vol_page,counted,contained 攻击依据 ONCA:10125:12081:12104:shape_year_vol_page,"close: Time Development Group Inc. (In trust) v. Bitton, 2018 ONSC 4384 (CanLII), at para. 53; see also Norfolk v. Aikens (1989), <<1989 CanLII 245>> (BC CA), 41 B.C.L.R. (2d) 145 (C.A.). While tender is the best evidence that a party is ready, willing and able to close, tender ",P1 同上。
ONCA:10125:12473:12489:shape_neutral_bare,10125,1977 CanLII 1151,shape_neutral_bare,span_alternative_undecided,alternative_contained,ONCA:10125:12465:12489:shape_year_vol_page,counted,contained 攻击依据 ONCA:10125:12465:12489:shape_year_vol_page,"ly repudiated the agreement or has made it clear that they have no intention of closing the deal: McCallum v. Zivojinovic (1977), <<1977 CanLII 1151>> (ON CA), 16 O.R. (2d) 721 at p. 723 (C.A.); see also Dacon Const. Ltd. v. Karkoulis, 1964 CanLII 252 (ON SC), [1964] 2 O.R. 139 (",P1 同款：1977 CanLII 1151（McCallum v. Zivojinovic）真引证被长误析压制。
ONCA:10208:72141:72167:shape_vol_abbr_page,10208,"1002953 Ontario Inc., 1999",shape_vol_abbr_page,counted,overlap_undecided,,,压制者本身未决,"gation process that lawsuits be decided within the boundaries of the pleadings. As Labrosse J.A. said in 60635 Ontario Limited v. <<1002953 Ontario Inc., 1999>> CanLII 789 (Ont. C.A.), at para. 9: …[T]he parties to a legal suit are entitled to have a resolution of their differences on the ","P2 改善：公司名碎片「1002953 Ontario Inc., 1999」不再计数；真引证 1999 CanLII 789 本轮也未决（弃权方向，不猜）。"
ONCA:10602:19934:19956:shape_vol_abbr_page,10602,"6907 Quebec Inc., 2008",shape_vol_abbr_page,counted,overlap_undecided,,,压制者本身未决,"is court to consider two recent decisions of the Ontario Superior Court of Justice: Sovereignty Investment Holdings, Inc. v. 9127-<<6907 Quebec Inc., 2008>> CanLII 57450 (ON S.C.), and 6862892 Canada Limited v. Dollar It Limited, 2008 CanLII 60699 (ON S.C.). In my view, however, these ","P2 改善：碎片「6907 Quebec Inc., 2008」不再计数；真引证 2008 CanLII 57450 未决。"
ONCA:12790:5552:5580:shape_vol_abbr_page,12790,"809963 Ontario Limited, 2005",shape_vol_abbr_page,counted,overlap_undecided,,,压制者本身未决,"nt did not expressly indicate that they wished to revive the agreement for purchase and sale. The appellants relied on Firoozi v. <<809963 Ontario Limited, 2005>> CanLII 56173 (Ont. S.C.), for the proposition that if waivers are not delivered on time, the contract is null and void. [12] The ","P2 改善：碎片「809963 Ontario Limited, 2005」不再计数；真引证 2005 CanLII 56173 未决。"
ONCA:13078:5240:5268:shape_year_vol_page,13078,"(2025), 2022 CanLIIDocs 4489",shape_year_vol_page,counted,overlap_undecided,,,压制者本身未决,"loyer in works created by an employee had been correctly described by Lucie Guibault et al. in Canadian Intellectual Property Law <<(2025), 2022 CanLIIDocs 4489>>[1], at pp. 62-63, as follows: The basis for the attribution of the initial ownership of rights to the employer is that since the ",P3 诚实弃权：CanLIIDocs 文档ID串非判决引证，r2c 的计数本属噪声；压制者未决。
SCC:10575:22391:22401:shape_vol_abbr_page,10575,2 F.C. 472,shape_vol_abbr_page,alternative_contained,overlap_undecided,,,压制者本身未决,". APPEAL from a judgment of the Federal Court of Appeal, [1986] 2 F.C. 179, allowing an appeal from a judgment of Reed J., [1985] <<2 F.C. 472>> (1984), 15 D.L.R. (4th) 515. Appeal allowed (Wilson J. dissenting); the first constitutional question should be answered in the a",P3 诚实漏计：2 F.C. 472（Reed J. 判决）是真引证；其长析 [1985] 2 F.C. 472 (1984) 同档未决拖累。
SCC:10575:22410:22429:shape_vol_abbr_page,10575,15 D.L.R. (4th) 515,shape_vol_abbr_page,alternative_contained,overlap_undecided,,,压制者本身未决,"gment of the Federal Court of Appeal, [1986] 2 F.C. 179, allowing an appeal from a judgment of Reed J., [1985] 2 F.C. 472 (1984), <<15 D.L.R. (4th) 515>>. Appeal allowed (Wilson J. dissenting); the first constitutional question should be answered in the affirmative, the second in th",P3 诚实漏计：15 D.L.R. (4th) 515 真引证；同上被未决压制者拖累。
SCC:10596:46550:46566:shape_vol_abbr_page,10596,"8 D.L.R. (3d), 1",shape_vol_abbr_page,alternative_contained,overlap_undecided,,,压制者本身未决,"plaintiff, appellant: Harold F. Jackson, Halifax. Solicitor for the defendant, respondent: David R. Chipman, Halifax. [1] (1969), <<8 D.L.R. (3d), 1>> N.S.R. (2d) 161. [2] (1892), 21 S.C.R. 556. [3] [1903] 1 K.B. 772. [4] [1965] 2 O.R. 51. [5] (1891), 19 S.C.R. 581. [6] (1915), 3",P3 诚实漏计：8 D.L.R. (3d) 1（N.S.R. 并印）真引证；脚注体例下压制者未决。
ONCA:10064:20485:20498:shape_vol_abbr_page,10064,2007 ONCA 492,shape_vol_abbr_page,alternative_unsupported_reading,alternative_contained,ONCA:10064:20477:20498:shape_year_vol_page,counted,contained 攻击依据 ONCA:10064:20477:20498:shape_year_vol_page,"linked to the automobile policy to which it is attached and with which it is purchased: Pilot Insurance Co. v. Sutherland (2007), <<2007 ONCA 492>>, 86 O.R. (3d) 789. In Pilot, Lang J.A. observed, at para. 21: In any event, in my view, an endorsement is generally not understoo","P1 同款：2007 ONCA 492（Pilot Insurance）真中立引证被 (2007), 前缀长误析压制。"
ONCA:10774:3358:3371:shape_vol_abbr_page,10774,2007 ONCA 230,shape_vol_abbr_page,alternative_unsupported_reading,alternative_contained,ONCA:10774:3350:3371:shape_year_vol_page,counted,contained 攻击依据 ONCA:10774:3350:3371:shape_year_vol_page,"nto account in arriving at an appropriate sentence in cases of this nature: Criminal Code, s. 718(b). See also R. v. Chen (2007), <<2007 ONCA 230>>, at para. 2; Nguyen at para. 47; R. v. Dawson (2004), 189 O.A.C. 147 (C.A.); R. v. Koenders (2007), 221 C.C.C. (3d) 225 (B.C.C.A.",P1 同款：2007 ONCA 230（R. v. Chen）真中立引证被长误析压制。
ONCA:20711:21306:21319:shape_neutral_bare,20711,2011 ONCA 445,shape_neutral_bare,alternative_contained,counted,,,,"tainted” apply: Khela, at para. 3. Such an instruction, a Vetrovec caution, is not mandatory in judge alone trials: R. v. Snyder, <<2011 ONCA 445>> (2011), 273 C.C.C. (3d) 211, at paras. 24-25. [66] Third, where a Vetrovec warning is provided, in appropriate cases the trial ju",P4 正确回收：2011 ONCA 445（R. v. Snyder）真引证；原压制者最终 OUT 后按 grounded 回收为 counted。
SCC:6517:6081:6101:shape_vol_abbr_page,6517,1989 U.S. Briefs 478,shape_vol_abbr_page,alternative_contained,counted,,,,". 16, s. 7]. Authors Cited American Psychological Association. Brief for Amicus Curiae in Maryland v. Craig, 497 U.S. 836 (1990), <<1989 U.S. Briefs 478>> (Lexis). Bala, Nicholas. “Double Victims: Child Sexual Abuse and the Canadian Criminal Justice System”, in Walter S. Tarnopolsky,",P4 回收：1989 U.S. Briefs 478 (Lexis) 是brief编号非判决引证——被引对象真实存在但属边缘样本，计数无害但建议人工知悉。
ONCA:21164:34864:34878:shape_vol_abbr_page,21164,"2010 BCCA, 257",shape_vol_abbr_page,alternative_unsupported_reading,overlap_undecided,,,压制者本身未决,"may very well have tried to conceal the gun under the seat but was not successful. Bennett J.A.’s observations in R. v. Grunwald, <<2010 BCCA, 257>> C.C.C. (3d) 53 leave to appeal refused [2010] S.C.C.A. No. 299 are apt in this case: “[a] wish for privacy is not the same as an ",P3 诚实漏计：R. v. Grunwald（BCCA 2010）真引证；同档冲突弃权。
SCC:1630:43807:43821:shape_bracket,1630,[1897] Q.R. 12,shape_bracket,alternative_dominated_by_support,overlap_undecided,,,压制者本身未决,"8] 33 L.C.J. 1. [15] [1900] 3 R. de P. 232. [16] [1903] R. de P. 426. [17] [1905] 7 R. de P. 350. [18] [1906] 8 R. de P. 43. [19] <<[1897] Q.R. 12>> B.C. 68. [20] [1905] Q.R. 27 S.C. 198. [21] 2 Q.L.R. 255, at p. 257. [22] 2 R. de Pr. 529. [23] 17 L.C.J. 253. [24] [1883] 27 L.C",P3 诚实漏计：[1897] Q.R. 12 真引证；压制者未决。
SCC:167:55435:55464:shape_vol_page_year,167,215 Federal Reporter 3 (1916),shape_vol_page_year,alternative_spanning_mismatch,alternative_dominated_by_support,SCC:167:55458:55477:shape_year_vol_page,counted,dominated 攻击依据 SCC:167:55458:55477:shape_year_vol_page,", Edmison & Beullac. Solicitors for the respondent: Osier, Hoskin & Harcourt 1 [1938] Ex. C.R. 263; [1938] 4 D.L.R. 145. 2 (1914) <<215 Federal Reporter 3 (1916)>> 241 U.S. 265. 527. 4 [1910] 1 Ch. 130. 5 (1934) 51 R.P.C. 129, at 144. 6 (1936) 53 R.P.C. 355, at 378. 7 George Banham & Co. Ltd.",P5 可接受：215 Federal Reporter 3 (1916) 是 OCR 混排碎片，两种读法皆噪声；让位给 counted 长析无害。
SCC:6173:152841:152863:shape_vol_page_year,6173,134 F.Supp. 710 (1955),shape_vol_page_year,alternative_same_key,overlap_undecided,,,压制者本身未决,"inum Co. of America, 148 F.2d 416 (1945), and U.S. v. Watchmakers of Switzerland Information Center, Inc., 133 F.Supp. 40 (1955), <<134 F.Supp. 710 (1955)>>). Thus, the objective territorial principle will give way to an impermissible extraterritoriality on the basis of two factors: fi",P3 诚实漏计：134 F.Supp. 710 (1955)（美联邦地区法院）真引证；同键代表未决。
ONCA:17128:35153:35168:shape_neutral_bare,17128,2021 Grant 2022,shape_neutral_bare,cross_boundary_invalid,span_alternative_undecided,,,同跨度异读法同档冲突（top-grade tie 或均无可用支持）,"SUs during the 10-month common law notice period: Vest date Value per share on close of business on vesting date (US$) 2020 Grant <<2021 Grant 2022>> Grant 2023 Grant Value (US$) February 15, 2024 (2.5 months after notice of termination) $484.03 2711 49 167 208 $1,517,434.05 May",P6 状态词更准确：2021 Grant 2022 是表决表碎片非引证；r2c 的 invalidated 依赖无支持配对者，r2d 改弃权（仍未计数）。
