court,source_decision_citation,match_start_offset,match_end_offset,shape_name,raw_string,old_jurisdiction,old_supported,r2c_status,r2d_status,r2d_counted,human_verified,note
SCC,SCC_1972scr889,57689,57701,shape_vol_abbr_page,3 C.C.C. 152,CA,yes,overlap_undecided,overlap_undecided,no,,
SCC,SCC_2024scc24,16688,16701,shape_neutral_bare,2022 DTC 5064,CA,yes,span_alternative_undecided,span_alternative_undecided,no,,
SCC,SCC_2024scc24,16857,16870,shape_neutral_bare,2021 DTC 5063,CA,yes,span_alternative_undecided,span_alternative_undecided,no,,
SCC,SCC_2024scc24,65344,65357,shape_neutral_bare,2019 DTC 5069,CA,yes,span_alternative_undecided,span_alternative_undecided,no,,
SCC,SCC_2024scc24,65406,65419,shape_neutral_bare,2022 DTC 5103,CA,yes,span_alternative_undecided,span_alternative_undecided,no,,
SCC,SCC_2024scc24,65869,65882,shape_neutral_bare,2021 DTC 5075,CA,yes,span_alternative_undecided,span_alternative_undecided,no,,
SCC,SCC_2024scc24,78839,78852,shape_neutral_bare,2017 DTC 5074,CA,yes,span_alternative_undecided,span_alternative_undecided,no,,
SCC,SCC_2024scc23,26477,26490,shape_neutral_bare,2017 DTC 5074,CA,yes,span_alternative_undecided,span_alternative_undecided,no,,
SCC,SCC_2024scc23,26920,26933,shape_neutral_bare,2017 DTC 5135,CA,yes,span_alternative_undecided,span_alternative_undecided,no,,
SCC,SCC_2024scc23,27190,27203,shape_neutral_bare,2002 DTC 7397,CA,yes,span_alternative_undecided,span_alternative_undecided,no,,
SCC,SCC_2024scc23,35530,35543,shape_neutral_bare,2022 DTC 5050,CA,yes,span_alternative_undecided,span_alternative_undecided,no,,
SCC,SCC_2024scc23,35681,35694,shape_neutral_bare,2021 DTC 1001,CA,yes,span_alternative_undecided,span_alternative_undecided,no,,
SCC,SCC_2024scc23,87409,87422,shape_neutral_bare,2017 DTC 5074,CA,yes,span_alternative_undecided,span_alternative_undecided,no,,
SCC,SCC_2024scc23,96398,96411,shape_neutral_bare,2017 DTC 5135,CA,yes,span_alternative_undecided,span_alternative_undecided,no,,
SCC,SCC_2024scc23,104518,104531,shape_neutral_bare,2002 DTC 7397,CA,yes,span_alternative_undecided,span_alternative_undecided,no,,
SCC,SCC_2024scc23,186243,186256,shape_neutral_bare,2018 DTC 1139,CA,yes,span_alternative_undecided,span_alternative_undecided,no,,
SCC,SCC_2024scc39,34906,34919,shape_neutral_bare,2020 DTC 5055,CA,yes,span_alternative_undecided,span_alternative_undecided,no,,
SCC,SCC_2024scc39,155454,155467,shape_neutral_bare,2020 DTC 5055,CA,yes,span_alternative_undecided,span_alternative_undecided,no,,
SCC,SCC_2026scc7,47440,47453,shape_neutral_bare,2024 DTC 1024,CA,yes,span_alternative_undecided,span_alternative_undecided,no,,
SCC,SCC_2026scc7,49102,49115,shape_neutral_bare,2018 DTC 5066,CA,yes,span_alternative_undecided,span_alternative_undecided,no,,
SCC,SCC_2026scc7,285798,285811,shape_neutral_bare,2024 DTC 1024,CA,yes,span_alternative_undecided,span_alternative_undecided,no,,
SCC,SCC_2026scc7,328707,328720,shape_neutral_bare,2018 DTC 5066,CA,yes,span_alternative_undecided,span_alternative_undecided,no,,
SCC,SCC_2016scc21,8602,8615,shape_neutral_bare,2013 DTC 5146,CA,yes,span_alternative_undecided,span_alternative_undecided,no,,
SCC,SCC_2016scc56,15702,15715,shape_neutral_bare,2015 DTC 5084,CA,yes,span_alternative_undecided,span_alternative_undecided,no,,
SCC,SCC_2016scc56,18693,18706,shape_neutral_bare,2015 DTC 5073,CA,yes,span_alternative_undecided,span_alternative_undecided,no,,
SCC,SCC_2016scc56,18859,18872,shape_neutral_bare,2015 DTC 5019,CA,yes,span_alternative_undecided,span_alternative_undecided,no,,
SCC,SCC_2016scc56,80969,80982,shape_neutral_bare,2015 DTC 5084,CA,yes,span_alternative_undecided,span_alternative_undecided,no,,
SCC,SCC_2015scc41,25670,25683,shape_neutral_bare,2013 DTC 5113,CA,yes,span_alternative_undecided,span_alternative_undecided,no,,
SCC,SCC_2015scc41,25813,25826,shape_neutral_bare,2012 DTC 1283,CA,yes,span_alternative_undecided,span_alternative_undecided,no,,
SCC,SCC_2015scc41,32205,32218,shape_neutral_bare,2012 DTC 1283,CA,yes,span_alternative_undecided,span_alternative_undecided,no,,
SCC,SCC_2011scc36,11382,11395,shape_neutral_bare,2009 DTC 5171,CA,yes,span_alternative_undecided,span_alternative_undecided,no,,
SCC,SCC_2011scc36,19888,19901,shape_neutral_bare,2009 DTC 5171,CA,yes,span_alternative_undecided,span_alternative_undecided,no,,
SCC,SCC_2011scc39,7654,7667,shape_neutral_bare,2009 DTC 5175,CA,yes,span_alternative_undecided,span_alternative_undecided,no,,
SCC,SCC_19822scr518,12347,12359,shape_neutral_bare,1979 SCR 495,CA,yes,span_alternative_undecided,span_alternative_undecided,no,,
ONCA,ONCA_2019onca296,1184,1195,shape_neutral_bare,2009 SCJ 23,CA,yes,span_alternative_undecided,span_alternative_undecided,no,,
ONCA,ONCA_2019onca144,1461,1472,shape_neutral_bare,1932 OR 675,ON,yes,span_alternative_undecided,span_alternative_undecided,no,,
ONCA,ONCA_2014onca200,1283,1295,shape_neutral_bare,2007 OJ 1272,ON,yes,span_alternative_undecided,span_alternative_undecided,no,,
ONCA,ONCA_2024onca344,5975,5985,shape_neutral_bare,2018 SCR 6,CA,yes,span_alternative_undecided,span_alternative_undecided,no,,
ONCA,ONCA_2013onca678,14146,14157,shape_neutral_bare,2000 SCR 39,CA,yes,span_alternative_undecided,span_alternative_undecided,no,,
ONCA,ONCA_2012onca566,21306,21319,shape_neutral_bare,2011 ONCA 445,ON,yes,alternative_contained,counted,yes,,
ONCA,ONCA_2022onca640,34864,34878,shape_neutral_bare,"2010 BCCA, 257",BC,yes,overlap_undecided,overlap_undecided,no,,
ONCA,ONCA_2021onca256,43141,43155,shape_neutral_bare,"2020 ONCA, 150",ON,yes,overlap_undecided,overlap_undecided,no,,
ONCA,ONCA_2020onca848,44250,44261,shape_neutral_bare,2014 SCR 59,CA,yes,span_alternative_undecided,span_alternative_undecided,no,,
