run,status,rebuildable,commit,fingerprint,batch_size,year_from,limit_batches,python,pyarrow,disposition,note
r2smoke,,no,,,,,,,,delete,冒烟目录；无引用
run_20260912_final,complete,no,,,500,,,3.11.9,25.0.0,keep_answers,不可重建（无 input_identity）；r2closure_delta.py 的 Round-1 基线
run_20260912_r2,running,yes,82c456a4e0bc8884465b1c788d0cd6b3e2425a27,5af717f6a3c566bb191d2656a1fbb72a96cdeceb99eb5264fc536f35a1f73892,500,,,3.11.9,25.0.0,delete,可重建；原 manifest status=running（原 run 未收尾）
run_20260912_r2b,running,no,,2bfe2f5740689926f2b6ebd4e1e77bac79ce97a57d3a17240998eb1c9ffb5468,500,,,3.11.9,25.0.0,delete,不可重建（run_all.py 当时未提交）；仅台账提及，无脚本读；原 manifest status=running（原 run 未收尾）
run_20260912_r2c,complete,yes,e4eadf46ebaa582d5460e69462a212022a1001c6,53ae1f248f6ea1dc04115e33fb63dc0c650fe49edd00eb27dff91ef7bdb5b35e,500,,,3.11.9,25.0.0,delete,可重建
run_20260912_stage2,complete,no,,,500,,,3.11.9,25.0.0,keep_answers,不可重建（无 input_identity）；diff_old_new.py、traceback 用法示例
run_20260912_stage3,,no,,,,,,,,delete,不可重建（无 manifest）；仅台账提及
run_20260913_r2d,failed,yes,3d3104f58b0948e2a789b6d877199ee5b928a774,e5af9a08d1126f7fde01ab05869accf732503e4f0cb635f9f16b30995f14870b,500,,,3.11.9,25.0.0,delete,可重建；原 run 失败于 merge_SCC（重建会复现失败）
run_20260913_r2d_b,complete,yes,1493ce99bbfcc05f758fabc8393c8c0b39fbf68e,d80bd92b4e9215e8445a464c34cd028f1d04e93ceb89f6b4e0ab8e4a760c9212,500,,,3.11.9,25.0.0,keep_extras,五层可重建；sensitivity_* 与 audit/ 由 r2closure_sensitivity.py 事后追加、不在指纹内 → 这部分保留
run_20260913_r2d_c,complete,yes,ed85e99fa667f99b28e3f172e88d4cef338c7633,58b15d1b77b110c65a825728039fdbb999b642d991a36dc8d67a356a136eb3c7,500,,,3.11.9,25.0.0,delete,可重建
run_20260913_r2e,complete,yes,96b3665a61013d019522cfb6af24b2fac9de2c79,ecb1102834146e591a475a1121ec08a8d2e5d713d027c811715a044f159be7e8,500,,,3.11.9,25.0.0,delete,可重建
run_20260913_r2f,complete,yes,8a8e324996d415572bb9f81ff4784043bd39ca43,1c4cc49b627498fe10328c3e533f3be7e9d78536d52c32831ed5943df84a1186,500,,,3.11.9,25.0.0,delete,可重建
run_20260913_r2g,complete,no,,76537c82abb79ef467e74290ed29ac69811e390385738e6010e93de6078c4731,500,,,3.11.9,25.0.0,keep_answers,不可重建（classify.py 当时未提交）；build_demo_examples.py → demo_examples.md
run_20260913_r2h,complete,yes,69178874029b1385702d2d169143a1cc64b54e8e,dc6fe5be49419a5a157d6203ba62a67a3c6dd410d05acdbc74cd18b1da2c25b0,500,,,3.11.9,25.0.0,delete,可重建
run_20260913_r2i,complete,yes,4a721eae4ad419216f6b4f896125caf2ad3dcd16,6deba00b40ff51053a9f4c7dea827854f885ef5714be9c9eca90bc820be9504b,500,,,3.11.9,25.0.0,delete,可重建
run_20260913_r3a,complete,yes,1cacaf8c8ac3c273cac0dcc40a773bac37cd9c69,a065686886cacd388e6a6a06f7cadd1d51e403dbfdf996af70e67a81dfa99731,500,,,3.11.9,25.0.0,delete,可重建
run_20260913_r3b,complete,no,,db24db9ba7e9d658eb885d1e79ea9fc1906ff53d2489f7210ee2df3aafde8e85,500,,,3.11.9,25.0.0,delete,不可重建（reporter_origin_scope.csv 当时未提交）；仅 r3_session_report、demo_repair_progress 提及
run_20260913_r3c,complete,yes,5db35ef3935915b1535261a22cdc4bff9c66c44c,7610ace4934e82d0bbf022acf27ff1769dc38d2581cfa1ee68e9d539172f376c,500,,,3.11.9,25.0.0,delete,可重建
run_20260913_r3d,complete,no,,58af3b39d203626d73227db4119a598efd513a9afea43cd22ca9c4c2f2712a1c,500,,,3.11.9,25.0.0,keep_answers,不可重建（decide.py 当时未提交）；4 个 _probe_r3d_*.py
run_20260913_r3e,complete,yes,42752697f84374c7e57e2e4e45cad409e0c508aa,998c7e44a218b11ca3cf22edd069c153c7a8809c2fdaa8a01628fe0d3207d882,500,,,3.11.9,25.0.0,keep_whole,上一基线；r4_invariance_check / r4_verify_stage4 读它
run_20260914_r4a,complete,yes,8200f810192538b0b4567e8154dee29aa0ffea6d,59958410c604a805ccb52f7bc9c047df34e90543d3d3c35fdec6a7c8d82deeb0,500,,,3.11.9,25.0.0,delete,可重建
run_20260914_r4b,complete,yes,f9f4b2290241a15df8b610d686e5dfc6e73e4314,3cf94ef49e31e5a574b4c1af943ff68fda4e192f1928b3588c5e9a7a0d186d50,500,,,3.11.9,25.0.0,delete,可重建
run_20260914_r4c,complete,yes,8ecb4c94c38c631f6a146ac1a870d55a2f333f6e,92bd2840dc315383e7e5b6cde976d74d2ea9484bd838b15224dd3c8a4ea8426d,500,,,3.11.9,25.0.0,keep_whole,交付 run（唯一交付物）
stage0_smoke,complete,no,,,500,,1,3.11.9,25.0.0,delete,冒烟目录；无引用
stage1_smoke,complete,no,,,500,,1,3.11.9,25.0.0,delete,冒烟目录；无引用
