abbreviation,normalized_key,table_jurisdiction,corpus_rows,decision,approved_scope,sources,source_count,rank
Can. S.C.R.,canscr,CA,7039,批准元数据,批准列明的汇编身份与表列法域；不证明逐案来源或独占范围。,https://legalabbrevs.cardiff.ac.uk/page/379/?paged=379,1,1
U.S.,us,US,3152,批准元数据,批准列明的汇编身份与表列法域；不证明逐案来源或独占范围。,https://www.supremecourt.gov/opinions/USReports.aspx | https://saclaw.org/resource_library/federal-primary-law/,2,2
Ch. D.,chd,GB,2004,批准元数据,批准列明的汇编身份与表列法域；不证明逐案来源或独占范围。,https://lawfoundation.org.nz/style-guide2018/appendix-4.html | https://dcj.nsw.gov.au/content/dcj/ctsd/courtsandtribunals/courts-and-tribunals/resources/law-courts-library/law-reports-online.html,2,3
Q.B.D.,qbd,GB,1639,批准元数据,批准列明的汇编身份与表列法域；不证明逐案来源或独占范围。,https://lawfoundation.org.nz/style-guide2018/appendix-4.html | https://dcj.nsw.gov.au/content/dcj/ctsd/courtsandtribunals/courts-and-tribunals/resources/law-courts-library/law-reports-online.html,2,4
F.,f,US,1434,批准元数据,批准列明的汇编身份与表列法域；不证明逐案来源或独占范围。,https://saclaw.org/resource_library/federal-primary-law/ | https://law.ucdavis.edu/library/course-support/common-abbreviations,2,5
Ont. L.R.,ontlr,ON,1326,暂缓,O.R./OLR 不能替代精确 Ont.L.R. 别名证据。,,0,6
Ont. App. R.,ontappr,ON,891,暂缓,未取得精确 Ont.App.R. 权威记录。,,0,7
U.C.Q.B.,ucqb,ON,802,批准元数据,批准列明的汇编身份与表列法域；不证明逐案来源或独占范围。,https://legalabbrevs.cardiff.ac.uk/record/upper-canada-queens-bench-reports-new-series/,1,8
L. C. Jur.,lcjur,QC,505,批准元数据,批准列明的汇编身份与表列法域；不证明逐案来源或独占范围。,https://legalabbrevs.cardiff.ac.uk/page/254/?paged=254,1,9
U.C.C.P.,uccp,ON,480,批准元数据,批准列明的汇编身份与表列法域；不证明逐案来源或独占范围。,https://legalabbrevs.cardiff.ac.uk/page/403/?paged=403,1,10
B.C. Rep.,bcrep,BC,473,暂缓,精确加拿大读法未核；Cardiff 另有英国同形，需逐案消歧。,,0,11
Ch. App.,chapp,GB,459,批准元数据,批准列明的汇编身份与表列法域；不证明逐案来源或独占范围。,https://lawfoundation.org.nz/style-guide2018/appendix-4.html | https://dcj.nsw.gov.au/content/dcj/ctsd/courtsandtribunals/courts-and-tribunals/resources/law-courts-library/law-reports-online.html,2,12
Gr.,gr,ON,390,暂缓,裸 Gr. 未取得精确对应 Grant 汇编的证据。,,0,13
Q.L.R.,qlr,QC,385,批准元数据,批准列明的汇编身份与表列法域；不证明逐案来源或独占范围。,https://legalabbrevs.cardiff.ac.uk/page/325/?paged=325,1,14
N.Z.L.R.,nzlr,NZ,377,暂缓,本轮未打开精确 N.Z.L.R. 权威记录。,,0,15
R.L.,rl,QC,367,暂缓,精确 R.L. 与 Revue légale 对应待核。,,0,16
H.L. Cas.,hlcas,GB,347,批准元数据,批准列明的汇编身份与表列法域；不证明逐案来源或独占范围。,https://www.justcite.com/kb/search-technology/english-reports-reference-formats/,1,17
N.Y.,ny,US,325,批准元数据,批准列明的汇编身份与表列法域；不证明逐案来源或独占范围。,https://legalabbrevs.cardiff.ac.uk/page/287/?paged=287,1,18
C.B.N.S.,cbns,GB,321,批准元数据,批准列明的汇编身份与表列法域；不证明逐案来源或独占范围。,https://www.justcite.com/kb/search-technology/english-reports-reference-formats/,1,19
P.D.,pd,GB,313,批准元数据,批准列明的汇编身份与表列法域；不证明逐案来源或独占范围。,https://lawfoundation.org.nz/style-guide2018/appendix-4.html | https://dcj.nsw.gov.au/content/dcj/ctsd/courtsandtribunals/courts-and-tribunals/resources/law-courts-library/law-reports-online.html,2,20
Times L.R.,timeslr,GB,310,暂缓,TLR 不能独自证明 Times L.R. 是同一别名。,,0,21
N.S. Rep.,nsrep,NS,303,暂缓,N.S.Rep. 的精确别名与新辑歧义待核。,,0,22
A.,a,US,303,部分支持,只确认 Atlantic Reporter 的缩写身份；地域覆盖待核。,https://law.ucdavis.edu/library/course-support/common-abbreviations | https://dcj.nsw.gov.au/content/dcj/ctsd/courtsandtribunals/courts-and-tribunals/resources/law-courts-library/law-reports-online.html,2,23
N.E.,ne,US,296,批准元数据,批准列明的汇编身份与表列法域；不证明逐案来源或独占范围。,https://legalabbrevs.cardiff.ac.uk/record/north-eastern-reporter/,1,24
U.S.R.,usr,US,289,暂缓,U.S. 的证据未证明精确 U.S.R. 别名。,,0,25
F. Supp.,fsupp,US,288,批准元数据,批准列明的汇编身份与表列法域；不证明逐案来源或独占范围。,https://saclaw.org/resource_library/federal-primary-law/ | https://law.ucdavis.edu/library/course-support/common-abbreviations,2,26
R.D.J.,rdj,QC,252,暂缓,采集标题与原表 Revue de droit judiciaire 不同，拒绝替换。,,0,27
E. & B.,eb,GB,250,批准元数据,批准列明的汇编身份与表列法域；不证明逐案来源或独占范围。,https://www.justcite.com/kb/search-technology/english-reports-reference-formats/,1,28
T.T.,tt,QC,233,暂缓,T.T. 的精确含义与汇编角色待核。,,0,29
L.J. Ch.,ljch,GB,229,批准元数据,批准列明的汇编身份与表列法域；不证明逐案来源或独占范围。,https://www.lawsociety.sk.ca/wp-content/uploads/KBRA2022-STUDENTS.pdf | https://dcj.nsw.gov.au/content/dcj/ctsd/courtsandtribunals/courts-and-tribunals/resources/law-courts-library/law-reports-online.html,2,30
S.Ct.,sct,US,206,批准元数据,批准列明的汇编身份与表列法域；不证明逐案来源或独占范围。,https://legalabbrevs.cardiff.ac.uk/page/379/?paged=379,1,31
C.P.D.,cpd,GB,205,批准元数据,批准列明的汇编身份与表列法域；不证明逐案来源或独占范围。,https://lawfoundation.org.nz/style-guide2018/appendix-4.html | https://dcj.nsw.gov.au/content/dcj/ctsd/courtsandtribunals/courts-and-tribunals/resources/law-courts-library/law-reports-online.html,2,32
Mass.,mass,US,187,暂缓,6.1 独立访问官方页面受阻；本轮暂缓完整审批。,,0,33
B.R.,br,QC,180,部分支持,确认魁北克汇编身份；法院括注与汇编用法仍需区分。,https://legalabbrevs.cardiff.ac.uk/page/325/?paged=325,1,34
N.B. Rep.,nbrep,NB,174,暂缓,6.1 独立读取精确记录失败；不以搜索摘要批准。,,0,35
L.C.J.,lcj,QC,173,批准元数据,批准列明的汇编身份与表列法域；不证明逐案来源或独占范围。,https://legalabbrevs.cardiff.ac.uk/page/254/?paged=254,1,36
A. & E.,ae,GB,169,暂缓,采集标题与原表 Adolphus & Ellis 不同；精确 A.&E. 待核。,,0,37
L. T. N. S.,ltns,GB,169,部分支持,确认 Law Times Reports New Series 身份；地域覆盖待核。,https://dcj.nsw.gov.au/content/dcj/ctsd/courtsandtribunals/courts-and-tribunals/resources/law-courts-library/law-reports-online.html,1,38
N.W.,nw,US,168,部分支持,确认 Northwestern Reporter 身份；地域覆盖待核。,https://law.ucdavis.edu/library/course-support/common-abbreviations,1,39
Ont. W.N.,ontwn,ON,166,批准元数据,批准列明的汇编身份与表列法域；不证明逐案来源或独占范围。,https://legalabbrevs.cardiff.ac.uk/page/303/?paged=303,1,40
C.A.R.,car,GB,157,暂缓,采集标题与原表 Criminal Appeal Reports 不同；精确含义待核。,,0,41
O'M. & H.,omh,GB,156,批准元数据,批准列明的汇编身份与表列法域；不证明逐案来源或独占范围。,https://legalabbrevs.cardiff.ac.uk/record/omalley-hardcastle-election-cases/,1,42
Can. Cr. Cas.,cancrcas,CA,146,暂缓,CCC 不能独自证明历史 Can.Cr.Cas. 别名。,,0,43
Grant,grant,ON,144,暂缓,裸 Grant 未核实；不采用无关 Russell 汇编替代。,,0,44
Ex. D.,exd,GB,138,批准元数据,批准列明的汇编身份与表列法域；不证明逐案来源或独占范围。,https://lawfoundation.org.nz/style-guide2018/appendix-4.html | https://dcj.nsw.gov.au/content/dcj/ctsd/courtsandtribunals/courts-and-tribunals/resources/law-courts-library/law-reports-online.html,2,45
S.C.,sc,"GB,QC",0,暂缓,保留英国/魁北克同形；未逐行取得精确证据。,,0,46
P.,p,"GB,US",0,部分支持,英国 Probate 元数据获准；美国 Pacific 仅身份支持，保留两读。,https://lawfoundation.org.nz/style-guide2018/appendix-4.html | https://dcj.nsw.gov.au/content/dcj/ctsd/courtsandtribunals/courts-and-tribunals/resources/law-courts-library/law-reports-online.html | https://law.ucdavis.edu/library/course-support/common-abbreviations,3,47
H.L.,hl,GB,0,部分支持,仅核到 Law Reports House of Lords；其他含义与法院用法待分。,https://dcj.nsw.gov.au/content/dcj/ctsd/courtsandtribunals/courts-and-tribunals/resources/law-courts-library/law-reports-online.html | https://lawfoundation.org.nz/style-guide2018/appendix-4.html,2,48
Eq.,eq,GB,0,批准元数据,批准列明的汇编身份与表列法域；不证明逐案来源或独占范围。,https://dcj.nsw.gov.au/content/dcj/ctsd/courtsandtribunals/courts-and-tribunals/resources/law-courts-library/law-reports-online.html | https://lawfoundation.org.nz/style-guide2018/appendix-4.html,2,49
P.C.,pc,GB,0,部分支持,确认 Privy Council 汇编身份；法院用法和案件来源需另查。,https://dcj.nsw.gov.au/content/dcj/ctsd/courtsandtribunals/courts-and-tribunals/resources/law-courts-library/law-reports-online.html | https://lawfoundation.org.nz/style-guide2018/appendix-4.html,2,50
