"abbreviation","normalized_key","table_jurisdiction","corpus_rows","status","province_check","channels"
"Can. S.C.R.","canscr","CA","7039","无证据","",""
"U.S.","us","US","3152","无证据","",""
"Ch. D.","chd","GB","2004","无证据","",""
"Q.B.D.","qbd","GB","1639","无证据","",""
"F.","f","US","1434","无证据","",""
"Ont. L.R.","ontlr","ON","1326","无证据","",""
"Ont. App. R.","ontappr","ON","891","无证据","",""
"U.C.Q.B.","ucqb","ON","802","无证据","",""
"L. C. Jur.","lcjur","QC","505","无证据","",""
"U.C.C.P.","uccp","ON","480","无证据","",""
"B.C. Rep.","bcrep","BC","473","无证据","",""
"Ch. App.","chapp","GB","459","无证据","",""
"Gr.","gr","ON","390","无证据","",""
"Q.L.R.","qlr","QC","385","无证据","",""
"N.Z.L.R.","nzlr","NZ","377","无证据","",""
"R.L.","rl","QC","367","无证据","",""
"H.L. Cas.","hlcas","GB","347","无证据","",""
"N.Y.","ny","US","325","无证据","",""
"C.B.N.S.","cbns","GB","321","无证据","",""
"P.D.","pd","GB","313","无证据","",""
"Times L.R.","timeslr","GB","310","无证据","",""
"N.S. Rep.","nsrep","NS","303","无证据","",""
"A.","a","US","303","无证据","",""
"N.E.","ne","US","296","无证据","",""
"U.S.R.","usr","US","289","无证据","",""
"F. Supp.","fsupp","US","288","无证据","",""
"R.D.J.","rdj","QC","252","无证据","",""
"E. & B.","eb","GB","250","无证据","",""
"T.T.","tt","QC","233","无证据","",""
"L.J. Ch.","ljch","GB","229","无证据","",""
"S.Ct.","sct","US","206","无证据","",""
"C.P.D.","cpd","GB","205","无证据","",""
"Mass.","mass","US","187","无证据","",""
"B.R.","br","QC","180","无证据","",""
"N.B. Rep.","nbrep","NB","174","无证据","",""
"L.C.J.","lcj","QC","173","无证据","",""
"A. & E.","ae","GB","169","无证据","",""
"L. T. N. S.","ltns","GB","169","无证据","",""
"N.W.","nw","US","168","无证据","",""
"Ont. W.N.","ontwn","ON","166","无证据","",""
"C.A.R.","car","GB","157","无证据","",""
"O'M. & H.","omh","GB","156","无证据","",""
"Can. Cr. Cas.","cancrcas","CA","146","无证据","",""
"Grant","grant","ON","144","无证据","",""
"Ex. D.","exd","GB","138","无证据","",""
"S.C.","sc","GB,QC","0","无证据","",""
"P.","p","GB,US","0","无证据","",""
"H.L.","hl","GB","0","无证据","",""
"Eq.","eq","GB","0","无证据","",""
"P.C.","pc","GB","0","无证据","",""
