abbreviation,normalized_key,jurisdiction,vol_range_start,vol_range_end,year_range_start,year_range_end,confidence,verification_level,source,source_locator,added_date,notes
S.C.R.,scr,CA,,,,,estimated,verified_print_evidence,语料印刷证据（六渠道，research agent，not human-reviewed）,"audit/findings/jurisdiction_channels/summary.csv 行 scr；ch1:支持(45996; CA 45996) | ch2:支持(389; CA 388, GB 1) | ch3:支持(8533; CA 8533)",2026-09-09,Canada Supreme Court Reports；2026-10-02 升级：原「临时推断（未核实）」→ 印刷证据支持；证据只到国家层，省级未核。confidence 列未动（管线读它，改它会改变管线输出，须另行裁决）
C.C.C.,ccc,CA,,,,,estimated,verified_print_evidence,语料印刷证据（六渠道，research agent，not human-reviewed）,audit/findings/jurisdiction_channels/summary.csv 行 ccc；ch1:支持(8204; CA 8204) | ch2:支持(11331; CA 11331),2026-09-09,Canadian Criminal Cases；2026-10-02 升级：原「临时推断（未核实）」→ 印刷证据支持；证据只到国家层，省级未核。confidence 列未动（管线读它，改它会改变管线输出，须另行裁决）
O.R.,or,ON,,,,,estimated,verified_print_evidence,语料印刷证据（六渠道，research agent，not human-reviewed）,"audit/findings/jurisdiction_channels/summary.csv 行 or；ch1:支持(9348; CA 9348) | ch2:支持(568; CA 568, 枢密院 1)",2026-09-09,Ontario Reports；2026-10-02 升级：原「临时推断（未核实）」→ 印刷证据支持；省级也有证据支持。confidence 列未动（管线读它，改它会改变管线输出，须另行裁决）
D.L.R.,dlr,CA,,,,,estimated,verified_print_evidence,语料印刷证据（六渠道，research agent，not human-reviewed）,"audit/findings/jurisdiction_channels/summary.csv 行 dlr；ch1:支持(4817; CA 4816, GB 1) | ch2:支持(3750; CA 3750, 枢密院 131)",2026-09-09,Dominion Law Reports（全国性）；2026-10-02 升级：原「临时推断（未核实）」→ 印刷证据支持；证据只到国家层，省级未核。confidence 列未动（管线读它，改它会改变管线输出，须另行裁决）
A.C.,ac,GB,,,,,estimated,verified_print_evidence,语料印刷证据（六渠道，research agent，not human-reviewed）,"audit/findings/jurisdiction_channels/summary.csv 行 ac；ch1:支持(270; GB 270) | ch2:支持(1384; GB 1384, 枢密院 730)",2026-09-09,Appeal Cases（英国 Law Reports，1891- ）。枢密院案件亦印于此，案件真实来源地属 case_origin.csv 辖区，与本列不必相等；2026-10-02 升级：原「临时推断（未核实）」→ 印刷证据支持；证据只到国家层，省级未核。confidence 列未动（管线读它，改它会改变管线输出，须另行裁决）
Can. S.C.R.,canscr,CA,,,,,estimated,name_inference,临时推断（未核实）,本轮填表者据缩写全称推断，未核对任何权威源；语料实测归一族 canscr：7039 行 / 1888 份判决印此缩写（约束七的键锚）,2026-09-09,Canada Supreme Court Reports 的另一印刷形（归一族 canscr）
O.J.,oj,ON,,,,,estimated,verified_print_evidence,语料印刷证据（六渠道，research agent，not human-reviewed）,"audit/findings/jurisdiction_channels/summary.csv 行 oj；ch1:支持(913; CA 913) | ch2:支持(186; CA 186, 枢密院 2)",2026-09-09,Ontario Judgments（电子汇编）；2026-10-02 升级：原「临时推断（未核实）」→ 印刷证据支持；省级也有证据支持。confidence 列未动（管线读它，改它会改变管线输出，须另行裁决）
W.W.R.,wwr,CA,,,,,estimated,verified_print_evidence,语料印刷证据（六渠道，research agent，not human-reviewed）,"audit/findings/jurisdiction_channels/summary.csv 行 wwr；ch1:支持(572; CA 572) | ch2:支持(835; CA 835, 枢密院 33)",2026-09-09,Western Weekly Reports —— **区域性，横跨 AB/BC/SK/MB**；本列单值装不下，取国别粒度。已知口径缺陷，须复核；2026-10-02 升级：原「临时推断（未核实）」→ 印刷证据支持；证据只到国家层，省级未核。confidence 列未动（管线读它，改它会改变管线输出，须另行裁决）
O.A.C.,oac,ON,,,,,estimated,verified_print_evidence,语料印刷证据（六渠道，research agent，not human-reviewed）,audit/findings/jurisdiction_channels/summary.csv 行 oac；ch1:支持(2451; CA 2451) | ch2:支持(124; CA 124),2026-09-09,Ontario Appeal Cases；2026-10-02 升级：原「临时推断（未核实）」→ 印刷证据支持；省级也有证据支持。confidence 列未动（管线读它，改它会改变管线输出，须另行裁决）
S.C.C.A.,scca,CA,,,,,estimated,verified_print_evidence,语料印刷证据（六渠道，research agent，not human-reviewed）,audit/findings/jurisdiction_channels/summary.csv 行 scca；ch2:支持(58; CA 58),2026-09-09,Supreme Court of Canada Applications（上诉许可申请）；2026-10-02 升级：原「临时推断（未核实）」→ 印刷证据支持；证据只到国家层，省级未核。confidence 列未动（管线读它，改它会改变管线输出，须另行裁决）
C.R.,cr,CA,,,,,estimated,verified_print_evidence,语料印刷证据（六渠道，research agent，not human-reviewed）,audit/findings/jurisdiction_channels/summary.csv 行 cr；ch1:支持(989; CA 989) | ch2:支持(545; CA 545),2026-09-09,Criminal Reports；2026-10-02 升级：原「临时推断（未核实）」→ 印刷证据支持；证据只到国家层，省级未核。confidence 列未动（管线读它，改它会改变管线输出，须另行裁决）
All E.R.,aller,GB,,,,,estimated,verified_print_evidence,语料印刷证据（六渠道，research agent，not human-reviewed）,"audit/findings/jurisdiction_channels/summary.csv 行 aller；ch1:支持(181; GB 181) | ch2:支持(611; GB 611, 枢密院 46)",2026-09-09,All England Law Reports；2026-10-02 升级：原「临时推断（未核实）」→ 印刷证据支持；证据只到国家层，省级未核。confidence 列未动（管线读它，改它会改变管线输出，须另行裁决）
App. Cas.,appcas,GB,,,,,estimated,verified_print_evidence,语料印刷证据（六渠道，research agent，not human-reviewed）,"audit/findings/jurisdiction_channels/summary.csv 行 appcas；ch2:支持(89; GB 89, 枢密院 82)",2026-09-09,Appeal Cases（英国 Law Reports 1875-1890，A.C. 前身）；2026-10-02 升级：原「临时推断（未核实）」→ 印刷证据支持；证据只到国家层，省级未核。confidence 列未动（管线读它，改它会改变管线输出，须另行裁决）
U.S.,us,US,,,,,estimated,name_inference,临时推断（未核实）,本轮填表者据缩写全称推断，未核对任何权威源；语料实测归一族 us：3152 行 / 719 份判决印此缩写（约束七的键锚）,2026-09-09,United States Reports
B.C.L.R.,bclr,BC,,,,,estimated,verified_print_evidence,语料印刷证据（六渠道，research agent，not human-reviewed）,audit/findings/jurisdiction_channels/summary.csv 行 bclr；ch1:支持(2858; CA 2858) | ch2:支持(941; CA 941),2026-09-09,British Columbia Law Reports；2026-10-02 升级：原「临时推断（未核实）」→ 印刷证据支持；省级也有证据支持。confidence 列未动（管线读它，改它会改变管线输出，须另行裁决）
F.C.,fc,CA,,,,,estimated,verified_print_evidence,语料印刷证据（六渠道，research agent，not human-reviewed）,audit/findings/jurisdiction_channels/summary.csv 行 fc；ch1:支持(113; CA 113) | ch2:支持(22; CA 22),2026-09-09,Federal Court Reports。**本行入表会激活 §8.2 两表并查**：[1979] 1 F.C. 103 将同时命中中立码 FC 与本行，判 table_conflict 交人裁，正是 PROBLEMS #36 残留的既定解法；2026-10-02 升级：原「临时推断（未核实）」→ 印刷证据支持；证据只到国家层，省级未核。confidence 列未动（管线读它，改它会改变管线输出，须另行裁决）
R.F.L.,rfl,CA,,,,,estimated,verified_print_evidence,语料印刷证据（六渠道，research agent，not human-reviewed）,audit/findings/jurisdiction_channels/summary.csv 行 rfl；ch1:支持(802; CA 802) | ch2:支持(588; CA 588),2026-09-09,Reports of Family Law；2026-10-02 升级：原「临时推断（未核实）」→ 印刷证据支持；证据只到国家层，省级未核。confidence 列未动（管线读它，改它会改变管线输出，须另行裁决）
R.J.Q.,rjq,QC,,,,,estimated,verified_print_evidence,语料印刷证据（六渠道，research agent，not human-reviewed）,audit/findings/jurisdiction_channels/summary.csv 行 rjq；ch1:支持(433; CA 433),2026-09-09,Recueils de jurisprudence du Québec；2026-10-02 升级：原「临时推断（未核实）」→ 印刷证据支持；省级也有证据支持。confidence 列未动（管线读它，改它会改变管线输出，须另行裁决）
A.R.,ar,AB,,,,,estimated,verified_print_evidence,语料印刷证据（六渠道，research agent，not human-reviewed）,audit/findings/jurisdiction_channels/summary.csv 行 ar；ch1:支持(1171; CA 1171),2026-09-09,Alberta Reports；2026-10-02 升级：原「临时推断（未核实）」→ 印刷证据支持；省级也有证据支持。confidence 列未动（管线读它，改它会改变管线输出，须另行裁决）
Ch. D.,chd,GB,,,,,estimated,name_inference,临时推断（未核实）,本轮填表者据缩写全称推断，未核对任何权威源；语料实测归一族 chd：2004 行 / 832 份判决印此缩写（约束七的键锚）,2026-09-09,Chancery Division（英国 Law Reports 1875-1890）
E.R.,er,GB,,,,,estimated,verified_print_evidence,语料印刷证据（六渠道，research agent，not human-reviewed）,"audit/findings/jurisdiction_channels/summary.csv 行 er；ch2:支持(36; GB 36, 枢密院 4)",2026-09-09,English Reports（旧 nominate reports 重印集）；2026-10-02 升级：原「临时推断（未核实）」→ 印刷证据支持；证据只到国家层，省级未核。confidence 列未动（管线读它，改它会改变管线输出，须另行裁决）
Ch.,ch,GB,,,,,estimated,verified_print_evidence,语料印刷证据（六渠道，research agent，not human-reviewed）,audit/findings/jurisdiction_channels/summary.csv 行 ch；ch4:支持(49; GB 49),2026-09-09,Chancery（英国 Law Reports 1891- ）；2026-10-02 升级：原「临时推断（未核实）」→ 印刷证据支持；证据只到国家层，省级未核。confidence 列未动（管线读它，改它会改变管线输出，须另行裁决）
Alta. L.R.,altalr,AB,,,,,estimated,verified_print_evidence,语料印刷证据（六渠道，research agent，not human-reviewed）,audit/findings/jurisdiction_channels/summary.csv 行 altalr；ch1:支持(967; CA 967),2026-09-09,Alberta Law Reports；2026-10-02 升级：原「临时推断（未核实）」→ 印刷证据支持；省级也有证据支持。confidence 列未动（管线读它，改它会改变管线输出，须另行裁决）
C.B.R.,cbr,CA,,,,,estimated,verified_print_evidence,语料印刷证据（六渠道，research agent，not human-reviewed）,"audit/findings/jurisdiction_channels/summary.csv 行 cbr；ch1:支持(689; CA 689) | ch2:支持(248; CA 248, 枢密院 1)",2026-09-09,Canadian Bankruptcy Reports；2026-10-02 升级：原「临时推断（未核实）」→ 印刷证据支持；证据只到国家层，省级未核。confidence 列未动（管线读它，改它会改变管线输出，须另行裁决）
Ex. C.R.,excr,CA,,,,,estimated,verified_print_evidence,语料印刷证据（六渠道，research agent，not human-reviewed）,audit/findings/jurisdiction_channels/summary.csv 行 excr；ch4:支持(259; CA 259),2026-09-09,Exchequer Court Reports（1971 年由联邦法院取代）；2026-10-02 升级：原「临时推断（未核实）」→ 印刷证据支持；证据只到国家层，省级未核。confidence 列未动（管线读它，改它会改变管线输出，须另行裁决）
Q.B.D.,qbd,GB,,,,,estimated,name_inference,临时推断（未核实）,本轮填表者据缩写全称推断，未核对任何权威源；语料实测归一族 qbd：1639 行 / 798 份判决印此缩写（约束七的键锚）,2026-09-09,Queen's Bench Division（英国 Law Reports 1875-1890）。与裸 Q.B. 不同，本形只指英国系列，故单行
C.R.R.,crr,CA,,,,,estimated,verified_print_evidence,语料印刷证据（六渠道，research agent，not human-reviewed）,audit/findings/jurisdiction_channels/summary.csv 行 crr；ch1:支持(960; CA 960) | ch2:支持(52; CA 52),2026-09-09,Canadian Rights Reporter；2026-10-02 升级：原「临时推断（未核实）」→ 印刷证据支持；证据只到国家层，省级未核。confidence 列未动（管线读它，改它会改变管线输出，须另行裁决）
Man. R.,manr,MB,,,,,estimated,verified_print_evidence,语料印刷证据（六渠道，research agent，not human-reviewed）,audit/findings/jurisdiction_channels/summary.csv 行 manr；ch1:支持(481; CA 481),2026-09-09,Manitoba Reports；2026-10-02 升级：原「临时推断（未核实）」→ 印刷证据支持；省级也有证据支持。confidence 列未动（管线读它，改它会改变管线输出，须另行裁决）
N.S.R.,nsr,NS,,,,,estimated,verified_print_evidence,语料印刷证据（六渠道，research agent，not human-reviewed）,audit/findings/jurisdiction_channels/summary.csv 行 nsr；ch1:支持(541; CA 541),2026-09-09,Nova Scotia Reports；2026-10-02 升级：原「临时推断（未核实）」→ 印刷证据支持；省级也有证据支持。confidence 列未动（管线读它，改它会改变管线输出，须另行裁决）
F.,f,US,,,,,estimated,name_inference,临时推断（未核实）,本轮填表者据缩写全称推断，未核对任何权威源；语料实测归一族 f：1434 行 / 361 份判决印此缩写（约束七的键锚）,2026-09-09,Federal Reporter（F./F.2d/F.3d，序数在 series 槽）
B.C.A.C.,bcac,BC,,,,,estimated,verified_print_evidence,语料印刷证据（六渠道，research agent，not human-reviewed）,audit/findings/jurisdiction_channels/summary.csv 行 bcac；ch1:支持(2065; CA 2065) | ch2:支持(95; CA 95),2026-09-09,British Columbia Appeal Cases；2026-10-02 升级：原「临时推断（未核实）」→ 印刷证据支持；省级也有证据支持。confidence 列未动（管线读它，改它会改变管线输出，须另行裁决）
C.P.C.,cpc,CA,,,,,estimated,verified_print_evidence,语料印刷证据（六渠道，research agent，not human-reviewed）,audit/findings/jurisdiction_channels/summary.csv 行 cpc；ch1:支持(573; CA 573) | ch2:支持(373; CA 373),2026-09-09,Carswell's Practice Cases；2026-10-02 升级：原「临时推断（未核实）」→ 印刷证据支持；证据只到国家层，省级未核。confidence 列未动（管线读它，改它会改变管线输出，须另行裁决）
Ont. L.R.,ontlr,ON,,,,,estimated,name_inference,临时推断（未核实）,本轮填表者据缩写全称推断，未核对任何权威源；语料实测归一族 ontlr：1326 行 / 465 份判决印此缩写（约束七的键锚）,2026-09-09,Ontario Law Reports
B.C.J.,bcj,BC,,,,,estimated,verified_print_evidence,语料印刷证据（六渠道，research agent，not human-reviewed）,"audit/findings/jurisdiction_channels/summary.csv 行 bcj；ch1:支持(864; CA 864) | ch2:支持(402; CA 402, 枢密院 9)",2026-09-09,British Columbia Judgments（电子汇编）；2026-10-02 升级：原「临时推断（未核实）」→ 印刷证据支持；省级也有证据支持。confidence 列未动（管线读它，改它会改变管线输出，须另行裁决）
D.T.C.,dtc,CA,,,,,estimated,verified_print_evidence,语料印刷证据（六渠道，research agent，not human-reviewed）,audit/findings/jurisdiction_channels/summary.csv 行 dtc；ch1:支持(153; CA 153) | ch2:支持(116; CA 116),2026-09-09,Dominion Tax Cases；2026-10-02 升级：原「临时推断（未核实）」→ 印刷证据支持；证据只到国家层，省级未核。confidence 列未动（管线读它，改它会改变管线输出，须另行裁决）
O.L.R.,olr,ON,,,,,estimated,verified_print_evidence,语料印刷证据（六渠道，research agent，not human-reviewed）,"audit/findings/jurisdiction_channels/summary.csv 行 olr；ch2:支持(12; CA 12, 枢密院 1) | ch4:支持(90; CA 90)",2026-09-09,Ontario Law Reports 的另一印刷形（归一族 olr）；2026-10-02 升级：原「临时推断（未核实）」→ 印刷证据支持；省级也有证据支持。confidence 列未动（管线读它，改它会改变管线输出，须另行裁决）
N.B.R.,nbr,NB,,,,,estimated,verified_print_evidence,语料印刷证据（六渠道，research agent，not human-reviewed）,audit/findings/jurisdiction_channels/summary.csv 行 nbr；ch1:支持(259; CA 259),2026-09-09,New Brunswick Reports；2026-10-02 升级：原「临时推断（未核实）」→ 印刷证据支持；省级也有证据支持。confidence 列未动（管线读它，改它会改变管线输出，须另行裁决）
C.A.,ca,QC,,,,,estimated,verified_print_evidence,语料印刷证据（六渠道，research agent，not human-reviewed）,audit/findings/jurisdiction_channels/summary.csv 行 ca；ch4:支持(80; CA 80),2026-09-09,Cour d'appel（魁北克上诉法院判例集，R.J.Q. 前身）。**存疑**：亦可能是英文 Court of Appeal 的标注词，须复核；2026-10-02 升级：原「临时推断（未核实）」→ 印刷证据支持；证据只到国家层，省级未核。confidence 列未动（管线读它，改它会改变管线输出，须另行裁决）
Sask. R.,saskr,SK,,,,,estimated,verified_print_evidence,语料印刷证据（六渠道，research agent，not human-reviewed）,audit/findings/jurisdiction_channels/summary.csv 行 saskr；ch1:支持(430; CA 430),2026-09-09,Saskatchewan Reports；2026-10-02 升级：原「临时推断（未核实）」→ 印刷证据支持；省级也有证据支持。confidence 列未动（管线读它，改它会改变管线输出，须另行裁决）
N.R.,nr,CA,,,,,estimated,verified_print_evidence,语料印刷证据（六渠道，research agent，not human-reviewed）,"audit/findings/jurisdiction_channels/summary.csv 行 nr；ch1:支持(406; CA 405, GB 1) | ch2:支持(143; CA 143)",2026-09-09,National Reporter；2026-10-02 升级：原「临时推断（未核实）」→ 印刷证据支持；证据只到国家层，省级未核。confidence 列未动（管线读它，改它会改变管线输出，须另行裁决）
C.P.R.,cpr,CA,,,,,estimated,verified_print_evidence,语料印刷证据（六渠道，research agent，not human-reviewed）,audit/findings/jurisdiction_channels/summary.csv 行 cpr；ch1:支持(198; CA 198) | ch2:支持(91; CA 91),2026-09-09,Canadian Patent Reporter；2026-10-02 升级：原「临时推断（未核实）」→ 印刷证据支持；证据只到国家层，省级未核。confidence 列未动（管线读它，改它会改变管线输出，须另行裁决）
C.T.C.,ctc,CA,,,,,estimated,verified_print_evidence,语料印刷证据（六渠道，research agent，not human-reviewed）,audit/findings/jurisdiction_channels/summary.csv 行 ctc；ch1:支持(194; CA 194) | ch2:支持(50; CA 50),2026-09-09,Canada Tax Cases；2026-10-02 升级：原「临时推断（未核实）」→ 印刷证据支持；证据只到国家层，省级未核。confidence 列未动（管线读它，改它会改变管线输出，须另行裁决）
Ont. App. R.,ontappr,ON,,,,,estimated,name_inference,临时推断（未核实）,本轮填表者据缩写全称推断，未核对任何权威源；语料实测归一族 ontappr：891 行 / 479 份判决印此缩写（约束七的键锚）,2026-09-09,Ontario Appeal Reports
Que. Q.B.,queqb,QC,,,,,estimated,verified_print_evidence,语料印刷证据（六渠道，research agent，not human-reviewed）,audit/findings/jurisdiction_channels/summary.csv 行 queqb；ch4:支持(55; CA 55),2026-09-09,Quebec Queen's Bench；2026-10-02 升级：原「临时推断（未核实）」→ 印刷证据支持；证据只到国家层，省级未核。confidence 列未动（管线读它，改它会改变管线输出，须另行裁决）
Nfld. & P.E.I.R.,nfldpeir,NL,,,,,estimated,name_inference,临时推断（未核实）,本轮填表者据缩写全称推断，未核对任何权威源；语料实测归一族 nfldpeir：871 行 / 401 份判决印此缩写（约束七的键锚）,2026-09-09,Newfoundland & Prince Edward Island Reports —— **横跨两省**，并列两行交 §8.6 判
Nfld. & P.E.I.R.,nfldpeir,PE,,,,,estimated,name_inference,临时推断（未核实）,本轮填表者据缩写全称推断，未核对任何权威源；语料实测归一族 nfldpeir：871 行 / 401 份判决印此缩写（约束七的键锚）,2026-09-09,同上一行，横跨 NL 与 PE
B.L.R.,blr,CA,,,,,estimated,verified_print_evidence,语料印刷证据（六渠道，research agent，not human-reviewed）,"audit/findings/jurisdiction_channels/summary.csv 行 blr；ch1:支持(452; CA 451, GB 1) | ch2:支持(96; CA 96)",2026-09-09,Business Law Reports；2026-10-02 升级：原「临时推断（未核实）」→ 印刷证据支持；证据只到国家层，省级未核。confidence 列未动（管线读它，改它会改变管线输出，须另行裁决）
Q.J.,qj,QC,,,,,estimated,verified_print_evidence,语料印刷证据（六渠道，research agent，not human-reviewed）,audit/findings/jurisdiction_channels/summary.csv 行 qj；ch1:支持(48; CA 48),2026-09-09,Quebec Judgments（电子汇编）；2026-10-02 升级：原「临时推断（未核实）」→ 印刷证据支持；省级也有证据支持。confidence 列未动（管线读它，改它会改变管线输出，须另行裁决）
U.C.Q.B.,ucqb,ON,,,,,estimated,name_inference,临时推断（未核实）,本轮填表者据缩写全称推断，未核对任何权威源；语料实测归一族 ucqb：802 行 / 342 份判决印此缩写（约束七的键锚）,2026-09-09,Upper Canada Queen's Bench（上加拿大，今安大略）
F.C.R.,fcr,CA,,,,,estimated,verified_print_evidence,语料印刷证据（六渠道，research agent，not human-reviewed）,audit/findings/jurisdiction_channels/summary.csv 行 fcr；ch1:支持(713; CA 713),2026-09-09,Federal Courts Reports（2003 年起的名称）；2026-10-02 升级：原「临时推断（未核实）」→ 印刷证据支持；证据只到国家层，省级未核。confidence 列未动（管线读它，改它会改变管线输出，须另行裁决）
O.W.N.,own,ON,,,,,estimated,verified_print_evidence,语料印刷证据（六渠道，research agent，not human-reviewed）,audit/findings/jurisdiction_channels/summary.csv 行 own；ch2:支持(13; CA 13) | ch4:支持(138; CA 138),2026-09-09,Ontario Weekly Notes；2026-10-02 升级：原「临时推断（未核实）」→ 印刷证据支持；省级也有证据支持。confidence 列未动（管线读它，改它会改变管线输出，须另行裁决）
Cr. App. R.,crappr,GB,,,,,estimated,verified_print_evidence,语料印刷证据（六渠道，research agent，not human-reviewed）,"audit/findings/jurisdiction_channels/summary.csv 行 crappr；ch1:支持(10; GB 10) | ch2:支持(16; GB 16, 枢密院 4)",2026-09-09,Criminal Appeal Reports（英国）；2026-10-02 升级：原「临时推断（未核实）」→ 印刷证据支持；证据只到国家层，省级未核。confidence 列未动（管线读它，改它会改变管线输出，须另行裁决）
W.A.C.,wac,CA,,,,,estimated,verified_print_evidence,语料印刷证据（六渠道，research agent，not human-reviewed）,audit/findings/jurisdiction_channels/summary.csv 行 wac；ch1:支持(222; CA 222) | ch2:支持(28; CA 28),2026-09-09,Western Appeal Cases；2026-10-02 升级：原「临时推断（未核实）」→ 印刷证据支持；证据只到国家层，省级未核。confidence 列未动（管线读它，改它会改变管线输出，须另行裁决）
M.V.R.,mvr,CA,,,,,estimated,verified_print_evidence,语料印刷证据（六渠道，research agent，not human-reviewed）,"audit/findings/jurisdiction_channels/summary.csv 行 mvr；ch1:支持(355; CA 352, AU 3) | ch2:支持(79; CA 79)",2026-09-09,Motor Vehicle Reports；2026-10-02 升级：原「临时推断（未核实）」→ 印刷证据支持；证据只到国家层，省级未核。confidence 列未动（管线读它，改它会改变管线输出，须另行裁决）
C.C.L.I.,ccli,CA,,,,,estimated,verified_print_evidence,语料印刷证据（六渠道，research agent，not human-reviewed）,audit/findings/jurisdiction_channels/summary.csv 行 ccli；ch1:支持(288; CA 288) | ch2:支持(95; CA 95),2026-09-09,Canadian Cases on the Law of Insurance；2026-10-02 升级：原「临时推断（未核实）」→ 印刷证据支持；证据只到国家层，省级未核。confidence 列未动（管线读它，改它会改变管线输出，须另行裁决）
C.C.E.L.,ccel,CA,,,,,estimated,verified_print_evidence,语料印刷证据（六渠道，research agent，not human-reviewed）,audit/findings/jurisdiction_channels/summary.csv 行 ccel；ch1:支持(229; CA 229) | ch2:支持(115; CA 115),2026-09-09,Canadian Cases on Employment Law；2026-10-02 升级：原「临时推断（未核实）」→ 印刷证据支持；证据只到国家层，省级未核。confidence 列未动（管线读它，改它会改变管线输出，须另行裁决）
C.S.,cs,QC,,,,,estimated,verified_print_evidence,语料印刷证据（六渠道，research agent，not human-reviewed）,audit/findings/jurisdiction_channels/summary.csv 行 cs；ch4:支持(34; CA 34),2026-09-09,Cour supérieure（魁北克高等法院）；2026-10-02 升级：原「临时推断（未核实）」→ 印刷证据支持；证据只到国家层，省级未核。confidence 列未动（管线读它，改它会改变管线输出，须另行裁决）
R.P.R.,rpr,CA,,,,,estimated,verified_print_evidence,语料印刷证据（六渠道，research agent，not human-reviewed）,audit/findings/jurisdiction_channels/summary.csv 行 rpr；ch1:支持(355; CA 355) | ch2:支持(81; CA 81),2026-09-09,Real Property Reports；2026-10-02 升级：原「临时推断（未核实）」→ 印刷证据支持；证据只到国家层，省级未核。confidence 列未动（管线读它，改它会改变管线输出，须另行裁决）
F.T.R.,ftr,CA,,,,,estimated,verified_print_evidence,语料印刷证据（六渠道，research agent，not human-reviewed）,audit/findings/jurisdiction_channels/summary.csv 行 ftr；ch1:支持(243; CA 243),2026-09-09,Federal Trial Reports；2026-10-02 升级：原「临时推断（未核实）」→ 印刷证据支持；证据只到国家层，省级未核。confidence 列未动（管线读它，改它会改变管线输出，须另行裁决）
L.T.,lt,GB,,,,,estimated,verified_print_evidence,语料印刷证据（六渠道，research agent，not human-reviewed）,"audit/findings/jurisdiction_channels/summary.csv 行 lt；ch2:支持(10; GB 10, 枢密院 2) | ch4:支持(21; GB 21)",2026-09-09,Law Times Reports（英国）；2026-10-02 升级：原「临时推断（未核实）」→ 印刷证据支持；证据只到国家层，省级未核。confidence 列未动（管线读它，改它会改变管线输出，须另行裁决）
M.P.L.R.,mplr,CA,,,,,estimated,verified_print_evidence,语料印刷证据（六渠道，research agent，not human-reviewed）,audit/findings/jurisdiction_channels/summary.csv 行 mplr；ch1:支持(289; CA 289) | ch2:支持(121; CA 121),2026-09-09,Municipal and Planning Law Reports；2026-10-02 升级：原「临时推断（未核实）」→ 印刷证据支持；证据只到国家层，省级未核。confidence 列未动（管线读它，改它会改变管线输出，须另行裁决）
A.J.,aj,AB,,,,,estimated,verified_print_evidence,语料印刷证据（六渠道，research agent，not human-reviewed）,audit/findings/jurisdiction_channels/summary.csv 行 aj；ch1:支持(232; CA 232),2026-09-09,Alberta Judgments（电子汇编）；2026-10-02 升级：原「临时推断（未核实）」→ 印刷证据支持；省级也有证据支持。confidence 列未动（管线读它，改它会改变管线输出，须另行裁决）
C.C.L.T.,cclt,CA,,,,,estimated,verified_print_evidence,语料印刷证据（六渠道，research agent，not human-reviewed）,audit/findings/jurisdiction_channels/summary.csv 行 cclt；ch1:支持(224; CA 224) | ch2:支持(76; CA 76),2026-09-09,Canadian Cases on the Law of Torts；2026-10-02 升级：原「临时推断（未核实）」→ 印刷证据支持；证据只到国家层，省级未核。confidence 列未动（管线读它，改它会改变管线输出，须另行裁决）
M. & W.,mw,GB,,,,,estimated,verified_print_evidence,语料印刷证据（六渠道，research agent，not human-reviewed）,audit/findings/jurisdiction_channels/summary.csv 行 mw；ch4:支持(31; GB 31),2026-09-09,Meeson & Welsby（英国 nominate reports）；2026-10-02 升级：原「临时推断（未核实）」→ 印刷证据支持；证据只到国家层，省级未核。confidence 列未动（管线读它，改它会改变管线输出，须另行裁决）
R.P.C.,rpc,GB,,,,,estimated,verified_print_evidence,语料印刷证据（六渠道，research agent，not human-reviewed）,"audit/findings/jurisdiction_channels/summary.csv 行 rpc；ch2:支持(20; GB 19, AU 1)",2026-09-09,Reports of Patent Cases（英国）；2026-10-02 升级：原「临时推断（未核实）」→ 印刷证据支持；证据只到国家层，省级未核。confidence 列未动（管线读它，改它会改变管线输出，须另行裁决）
L. C. Jur.,lcjur,QC,,,,,estimated,name_inference,临时推断（未核实）,本轮填表者据缩写全称推断，未核对任何权威源；语料实测归一族 lcjur：505 行 / 221 份判决印此缩写（约束七的键锚）,2026-09-09,Lower Canada Jurist
A.P.R.,apr,CA,,,,,estimated,verified_print_evidence,语料印刷证据（六渠道，research agent，not human-reviewed）,audit/findings/jurisdiction_channels/summary.csv 行 apr；ch1:支持(50; CA 50),2026-09-09,Atlantic Provinces Reports —— **区域性，横跨 NB/NS/NL/PE**；取国别粒度，同 W.W.R.；2026-10-02 升级：原「临时推断（未核实）」→ 印刷证据支持；证据只到国家层，省级未核。confidence 列未动（管线读它，改它会改变管线输出，须另行裁决）
C.R.N.S.,crns,CA,,,,,estimated,verified_print_evidence,语料印刷证据（六渠道，research agent，not human-reviewed）,audit/findings/jurisdiction_channels/summary.csv 行 crns；ch2:支持(55; CA 55),2026-09-09,Criminal Reports New Series；2026-10-02 升级：原「临时推断（未核实）」→ 印刷证据支持；证据只到国家层，省级未核。confidence 列未动（管线读它，改它会改变管线输出，须另行裁决）
U.C.C.P.,uccp,ON,,,,,estimated,name_inference,临时推断（未核实）,本轮填表者据缩写全称推断，未核对任何权威源；语料实测归一族 uccp：480 行 / 229 份判决印此缩写（约束七的键锚）,2026-09-09,Upper Canada Common Pleas
B.C. Rep.,bcrep,BC,,,,,estimated,name_inference,临时推断（未核实）,本轮填表者据缩写全称推断，未核对任何权威源；语料实测归一族 bcrep：473 行 / 198 份判决印此缩写（约束七的键锚）,2026-09-09,British Columbia Reports
Ch. App.,chapp,GB,,,,,estimated,name_inference,临时推断（未核实）,本轮填表者据缩写全称推断，未核对任何权威源；语料实测归一族 chapp：459 行 / 239 份判决印此缩写（约束七的键锚）,2026-09-09,Chancery Appeals（英国 Law Reports 1865-1875）
F.C.J.,fcj,CA,,,,,estimated,verified_print_evidence,语料印刷证据（六渠道，research agent，not human-reviewed）,audit/findings/jurisdiction_channels/summary.csv 行 fcj；ch1:支持(182; CA 182),2026-09-09,Federal Court Judgments（电子汇编）；2026-10-02 升级：原「临时推断（未核实）」→ 印刷证据支持；证据只到国家层，省级未核。confidence 列未动（管线读它，改它会改变管线输出，须另行裁决）
C.N.L.R.,cnlr,CA,,,,,estimated,verified_print_evidence,语料印刷证据（六渠道，research agent，not human-reviewed）,audit/findings/jurisdiction_channels/summary.csv 行 cnlr；ch1:支持(177; CA 177) | ch2:支持(45; CA 45),2026-09-09,Canadian Native Law Reporter；2026-10-02 升级：原「临时推断（未核实）」→ 印刷证据支持；证据只到国家层，省级未核。confidence 列未动（管线读它，改它会改变管线输出，须另行裁决）
E.T.R.,etr,CA,,,,,estimated,verified_print_evidence,语料印刷证据（六渠道，research agent，not human-reviewed）,audit/findings/jurisdiction_channels/summary.csv 行 etr；ch1:支持(227; CA 227) | ch2:支持(66; CA 66),2026-09-09,Estates and Trusts Reports；2026-10-02 升级：原「临时推断（未核实）」→ 印刷证据支持；证据只到国家层，省级未核。confidence 列未动（管线读它，改它会改变管线输出，须另行裁决）
J.Q.,jq,QC,,,,,estimated,verified_print_evidence,语料印刷证据（六渠道，research agent，not human-reviewed）,audit/findings/jurisdiction_channels/summary.csv 行 jq；ch1:支持(98; CA 98),2026-09-09,Jugements du Québec（电子汇编）；2026-10-02 升级：原「临时推断（未核实）」→ 印刷证据支持；省级也有证据支持。confidence 列未动（管线读它，改它会改变管线输出，须另行裁决）
Admin. L.R.,adminlr,CA,,,,,estimated,verified_print_evidence,语料印刷证据（六渠道，research agent，not human-reviewed）,audit/findings/jurisdiction_channels/summary.csv 行 adminlr；ch1:支持(220; CA 220) | ch2:支持(26; CA 26),2026-09-09,Administrative Law Reports；2026-10-02 升级：原「临时推断（未核实）」→ 印刷证据支持；证据只到国家层，省级未核。confidence 列未动（管线读它，改它会改变管线输出，须另行裁决）
Beav.,beav,GB,,,,,estimated,verified_print_evidence,语料印刷证据（六渠道，research agent，not human-reviewed）,audit/findings/jurisdiction_channels/summary.csv 行 beav；ch4:支持(37; GB 37),2026-09-09,Beavan（英国 nominate reports）；2026-10-02 升级：原「临时推断（未核实）」→ 印刷证据支持；证据只到国家层，省级未核。confidence 列未动（管线读它，改它会改变管线输出，须另行裁决）
C.H.R.R.,chrr,CA,,,,,estimated,verified_print_evidence,语料印刷证据（六渠道，research agent，not human-reviewed）,audit/findings/jurisdiction_channels/summary.csv 行 chrr；ch1:支持(51; CA 51) | ch2:支持(10; CA 10),2026-09-09,Canadian Human Rights Reporter；2026-10-02 升级：原「临时推断（未核实）」→ 印刷证据支持；证据只到国家层，省级未核。confidence 列未动（管线读它，改它会改变管线输出，须另行裁决）
Gr.,gr,ON,,,,,estimated,name_inference,临时推断（未核实）,本轮填表者据缩写全称推断，未核对任何权威源；语料实测归一族 gr：390 行 / 205 份判决印此缩写（约束七的键锚）,2026-09-09,Grant's Chancery Reports（上加拿大）
W.C.B.,wcb,CA,,,,,estimated,verified_print_evidence,语料印刷证据（六渠道，research agent，not human-reviewed）,audit/findings/jurisdiction_channels/summary.csv 行 wcb；ch1:支持(178; CA 178) | ch2:支持(46; CA 46),2026-09-09,Weekly Criminal Bulletin；2026-10-02 升级：原「临时推断（未核实）」→ 印刷证据支持；证据只到国家层，省级未核。confidence 列未动（管线读它，改它会改变管线输出，须另行裁决）
Q.L.R.,qlr,QC,,,,,estimated,name_inference,临时推断（未核实）,本轮填表者据缩写全称推断，未核对任何权威源；语料实测归一族 qlr：385 行 / 190 份判决印此缩写（约束七的键锚）,2026-09-09,Quebec Law Reports
Que. K.B.,quekb,QC,,,,,estimated,name_inference,临时推断（未核实）,本轮填表者据缩写全称推断，未核对任何权威源；语料实测归一族 quekb：382 行 / 146 份判决印此缩写（约束七的键锚）,2026-09-09,Quebec King's Bench
N.Z.L.R.,nzlr,NZ,,,,,estimated,name_inference,临时推断（未核实）,本轮填表者据缩写全称推断，未核对任何权威源；语料实测归一族 nzlr：377 行 / 163 份判决印此缩写（约束七的键锚）,2026-09-09,New Zealand Law Reports
Ex.,ex,GB,,,,,estimated,verified_print_evidence,语料印刷证据（六渠道，research agent，not human-reviewed）,audit/findings/jurisdiction_channels/summary.csv 行 ex；ch4:支持(55; GB 55),2026-09-09,Exchequer（英国）；2026-10-02 升级：原「临时推断（未核实）」→ 印刷证据支持；证据只到国家层，省级未核。confidence 列未动（管线读它，改它会改变管线输出，须另行裁决）
B.C.R.,bcr,BC,,,,,estimated,verified_print_evidence,语料印刷证据（六渠道，research agent，not human-reviewed）,audit/findings/jurisdiction_channels/summary.csv 行 bcr；ch2:支持(24; CA 24),2026-09-09,British Columbia Reports；2026-10-02 升级：原「临时推断（未核实）」→ 印刷证据支持；省级也有证据支持。confidence 列未动（管线读它，改它会改变管线输出，须另行裁决）
R.L.,rl,QC,,,,,estimated,name_inference,临时推断（未核实）,本轮填表者据缩写全称推断，未核对任何权威源；语料实测归一族 rl：367 行 / 187 份判决印此缩写（约束七的键锚）,2026-09-09,Revue légale（魁北克）
C.B.,cb,GB,,,,,estimated,verified_print_evidence,语料印刷证据（六渠道，research agent，not human-reviewed）,audit/findings/jurisdiction_channels/summary.csv 行 cb；ch4:支持(36; GB 36),2026-09-09,Common Bench（英国 nominate reports）。**归一后与版权委员会中立码 CB 同形**，本行入表会激活 §8.2 两表并查（PROBLEMS #33 的既定解法）；2026-10-02 升级：原「临时推断（未核实）」→ 印刷证据支持；证据只到国家层，省级未核。confidence 列未动（管线读它，改它会改变管线输出，须另行裁决）
L.C.R.,lcr,CA,,,,,estimated,verified_print_evidence,语料印刷证据（六渠道，research agent，not human-reviewed）,audit/findings/jurisdiction_channels/summary.csv 行 lcr；ch1:支持(59; CA 59) | ch2:支持(20; CA 20),2026-09-09,Land Compensation Reports；2026-10-02 升级：原「临时推断（未核实）」→ 印刷证据支持；证据只到国家层，省级未核。confidence 列未动（管线读它，改它会改变管线输出，须另行裁决）
H.L. Cas.,hlcas,GB,,,,,estimated,name_inference,临时推断（未核实）,本轮填表者据缩写全称推断，未核对任何权威源；语料实测归一族 hlcas：347 行 / 212 份判决印此缩写（约束七的键锚）,2026-09-09,House of Lords Cases（Clark）
M.P.R.,mpr,CA,,,,,estimated,verified_print_evidence,语料印刷证据（六渠道，research agent，not human-reviewed）,audit/findings/jurisdiction_channels/summary.csv 行 mpr；ch4:支持(56; CA 56),2026-09-09,Maritime Provinces Reports —— 区域性，取国别粒度，同 W.W.R.；2026-10-02 升级：原「临时推断（未核实）」→ 印刷证据支持；证据只到国家层，省级未核。confidence 列未动（管线读它，改它会改变管线输出，须另行裁决）
N.Y.,ny,US,,,,,estimated,name_inference,临时推断（未核实）,本轮填表者据缩写全称推断，未核对任何权威源；语料实测归一族 ny：325 行 / 192 份判决印此缩写（约束七的键锚）,2026-09-09,New York Reports
C.B.N.S.,cbns,GB,,,,,estimated,name_inference,临时推断（未核实）,本轮填表者据缩写全称推断，未核对任何权威源；语料实测归一族 cbns：321 行 / 208 份判决印此缩写（约束七的键锚）,2026-09-09,Common Bench New Series（英国）
P.D.,pd,GB,,,,,estimated,name_inference,临时推断（未核实）,本轮填表者据缩写全称推断，未核对任何权威源；语料实测归一族 pd：313 行 / 149 份判决印此缩写（约束七的键锚）,2026-09-09,Probate Division（英国 Law Reports 1875-1890）
Times L.R.,timeslr,GB,,,,,estimated,name_inference,临时推断（未核实）,本轮填表者据缩写全称推断，未核对任何权威源；语料实测归一族 timeslr：310 行 / 178 份判决印此缩写（约束七的键锚）,2026-09-09,Times Law Reports（英国）
N.S. Rep.,nsrep,NS,,,,,estimated,name_inference,临时推断（未核实）,本轮填表者据缩写全称推断，未核对任何权威源；语料实测归一族 nsrep：303 行 / 170 份判决印此缩写（约束七的键锚）,2026-09-09,Nova Scotia Reports 的另一印刷形
A.,a,US,,,,,estimated,name_inference,临时推断（未核实）,本轮填表者据缩写全称推断，未核对任何权威源；语料实测归一族 a：303 行 / 119 份判决印此缩写（约束七的键锚）,2026-09-09,Atlantic Reporter（美国）
N.E.,ne,US,,,,,estimated,name_inference,临时推断（未核实）,本轮填表者据缩写全称推断，未核对任何权威源；语料实测归一族 ne：296 行 / 132 份判决印此缩写（约束七的键锚）,2026-09-09,North Eastern Reporter（美国）
S.C.J.,scj,CA,,,,,estimated,verified_print_evidence,语料印刷证据（六渠道，research agent，not human-reviewed）,audit/findings/jurisdiction_channels/summary.csv 行 scj；ch1:支持(82; CA 82) | ch2:支持(24; CA 24),2026-09-09,Supreme Court Judgments（电子汇编）；2026-10-02 升级：原「临时推断（未核实）」→ 印刷证据支持；证据只到国家层，省级未核。confidence 列未动（管线读它，改它会改变管线输出，须另行裁决）
U.S.R.,usr,US,,,,,estimated,name_inference,临时推断（未核实）,本轮填表者据缩写全称推断，未核对任何权威源；语料实测归一族 usr：289 行 / 142 份判决印此缩写（约束七的键锚）,2026-09-09,United States Reports 的另一印刷形
F. Supp.,fsupp,US,,,,,estimated,name_inference,临时推断（未核实）,本轮填表者据缩写全称推断，未核对任何权威源；语料实测归一族 fsupp：288 行 / 116 份判决印此缩写（约束七的键锚）,2026-09-09,Federal Supplement（美国联邦地区法院）
H. & N.,hn,GB,,,,,estimated,verified_print_evidence,语料印刷证据（六渠道，research agent，not human-reviewed）,audit/findings/jurisdiction_channels/summary.csv 行 hn；ch4:支持(34; GB 34),2026-09-09,Hurlstone & Norman（英国 nominate reports）；2026-10-02 升级：原「临时推断（未核实）」→ 印刷证据支持；证据只到国家层，省级未核。confidence 列未动（管线读它，改它会改变管线输出，须另行裁决）
T.L.R.,tlr,GB,,,,,estimated,verified_print_evidence,语料印刷证据（六渠道，research agent，not human-reviewed）,"audit/findings/jurisdiction_channels/summary.csv 行 tlr；ch4:支持(15; GB 14, CA 1)",2026-09-09,Times Law Reports（英国）；2026-10-02 升级：原「临时推断（未核实）」→ 印刷证据支持；证据只到国家层，省级未核。confidence 列未动（管线读它，改它会改变管线输出，须另行裁决）
L.A.C.,lac,CA,,,,,estimated,verified_print_evidence,语料印刷证据（六渠道，research agent，not human-reviewed）,audit/findings/jurisdiction_channels/summary.csv 行 lac；ch1:支持(16; CA 16),2026-09-09,Labour Arbitration Cases；2026-10-02 升级：原「临时推断（未核实）」→ 印刷证据支持；证据只到国家层，省级未核。confidence 列未动（管线读它，改它会改变管线输出，须另行裁决）
B. & C.,bc,GB,,,,,estimated,verified_print_evidence,语料印刷证据（六渠道，research agent，not human-reviewed）,audit/findings/jurisdiction_channels/summary.csv 行 bc；ch4:支持(24; GB 24),2026-09-09,Barnewall & Cresswell（英国 nominate reports）；2026-10-02 升级：原「临时推断（未核实）」→ 印刷证据支持；证据只到国家层，省级未核。confidence 列未动（管线读它，改它会改变管线输出，须另行裁决）
Q.A.C.,qac,QC,,,,,estimated,verified_print_evidence,语料印刷证据（六渠道，research agent，not human-reviewed）,audit/findings/jurisdiction_channels/summary.csv 行 qac；ch4:支持(111; CA 111),2026-09-09,Quebec Appeal Cases；2026-10-02 升级：原「临时推断（未核实）」→ 印刷证据支持；证据只到国家层，省级未核。confidence 列未动（管线读它，改它会改变管线输出，须另行裁决）
Ves.,ves,GB,,,,,estimated,verified_print_evidence,语料印刷证据（六渠道，research agent，not human-reviewed）,audit/findings/jurisdiction_channels/summary.csv 行 ves；ch4:支持(18; GB 18),2026-09-09,Vesey（英国 nominate reports）；2026-10-02 升级：原「临时推断（未核实）」→ 印刷证据支持；证据只到国家层，省级未核。confidence 列未动（管线读它，改它会改变管线输出，须另行裁决）
Lloyd's Rep.,lloydsrep,GB,,,,,estimated,verified_print_evidence,语料印刷证据（六渠道，research agent，not human-reviewed）,"audit/findings/jurisdiction_channels/summary.csv 行 lloydsrep；ch2:支持(11; GB 10, AU 1, 枢密院 2)",2026-09-09,Lloyd's Law Reports（英国）；2026-10-02 升级：原「临时推断（未核实）」→ 印刷证据支持；证据只到国家层，省级未核。confidence 列未动（管线读它，改它会改变管线输出，须另行裁决）
R.D.J.,rdj,QC,,,,,estimated,name_inference,临时推断（未核实）,本轮填表者据缩写全称推断，未核对任何权威源；语料实测归一族 rdj：252 行 / 70 份判决印此缩写（约束七的键锚）,2026-09-09,Revue de droit judiciaire（魁北克）
E. & B.,eb,GB,,,,,estimated,name_inference,临时推断（未核实）,本轮填表者据缩写全称推断，未核对任何权威源；语料实测归一族 eb：250 行 / 157 份判决印此缩写（约束七的键锚）,2026-09-09,Ellis & Blackburn（英国 nominate reports）
R.R.A.,rra,QC,,,,,estimated,verified_print_evidence,语料印刷证据（六渠道，research agent，not human-reviewed）,audit/findings/jurisdiction_channels/summary.csv 行 rra；ch1:支持(29; CA 29),2026-09-09,Recueil en responsabilité et assurance（魁北克）；2026-10-02 升级：原「临时推断（未核实）」→ 印刷证据支持；省级也有证据支持。confidence 列未动（管线读它，改它会改变管线输出，须另行裁决）
B. & S.,bs,GB,,,,,estimated,verified_print_evidence,语料印刷证据（六渠道，research agent，not human-reviewed）,audit/findings/jurisdiction_channels/summary.csv 行 bs；ch4:支持(32; GB 32),2026-09-09,Best & Smith（英国 nominate reports）；2026-10-02 升级：原「临时推断（未核实）」→ 印刷证据支持；证据只到国家层，省级未核。confidence 列未动（管线读它，改它会改变管线输出，须另行裁决）
Cox C.C.,coxcc,GB,,,,,estimated,verified_print_evidence,语料印刷证据（六渠道，research agent，not human-reviewed）,audit/findings/jurisdiction_channels/summary.csv 行 coxcc；ch4:支持(10; GB 10),2026-09-09,Cox's Criminal Cases（英国）；2026-10-02 升级：原「临时推断（未核实）」→ 印刷证据支持；证据只到国家层，省级未核。confidence 列未动（管线读它，改它会改变管线输出，须另行裁决）
East,east,GB,,,,,estimated,verified_print_evidence,语料印刷证据（六渠道，research agent，not human-reviewed）,audit/findings/jurisdiction_channels/summary.csv 行 east；ch4:支持(34; GB 34),2026-09-09,East's Term Reports（英国 nominate reports）；2026-10-02 升级：原「临时推断（未核实）」→ 印刷证据支持；证据只到国家层，省级未核。confidence 列未动（管线读它，改它会改变管线输出，须另行裁决）
Moo. P.C.,moopc,GB,,,,,estimated,verified_print_evidence,语料印刷证据（六渠道，research agent，not human-reviewed）,"audit/findings/jurisdiction_channels/summary.csv 行 moopc；ch4:支持(16; GB 14, CA 2)",2026-09-09,Moore's Privy Council Cases。枢密院案件，来源地属 case_origin.csv 辖区；2026-10-02 升级：原「临时推断（未核实）」→ 印刷证据支持；证据只到国家层，省级未核。confidence 列未动（管线读它，改它会改变管线输出，须另行裁决）
T.T.,tt,QC,,,,,estimated,name_inference,临时推断（未核实）,本轮填表者据缩写全称推断，未核对任何权威源；语料实测归一族 tt：233 行 / 22 份判决印此缩写（约束七的键锚）,2026-09-09,Tribunal du travail（魁北克劳动法庭）
L.J. Ch.,ljch,GB,,,,,estimated,name_inference,临时推断（未核实）,本轮填表者据缩写全称推断，未核对任何权威源；语料实测归一族 ljch：229 行 / 159 份判决印此缩写（约束七的键锚）,2026-09-09,"Law Journal Reports, Chancery（英国）"
L.J.Q.B.,ljqb,GB,,,,,estimated,verified_print_evidence,语料印刷证据（六渠道，research agent，not human-reviewed）,audit/findings/jurisdiction_channels/summary.csv 行 ljqb；ch4:支持(13; GB 13),2026-09-09,"Law Journal Reports, Queen's Bench（英国）；2026-10-02 升级：原「临时推断（未核实）」→ 印刷证据支持；证据只到国家层，省级未核。confidence 列未动（管线读它，改它会改变管线输出，须另行裁决）"
L.J.K.B.,ljkb,GB,,,,,estimated,verified_print_evidence,语料印刷证据（六渠道，research agent，not human-reviewed）,audit/findings/jurisdiction_channels/summary.csv 行 ljkb；ch4:支持(30; GB 30),2026-09-09,"Law Journal Reports, King's Bench（英国）；2026-10-02 升级：原「临时推断（未核实）」→ 印刷证据支持；证据只到国家层，省级未核。confidence 列未动（管线读它，改它会改变管线输出，须另行裁决）"
S.Ct.,sct,US,,,,,estimated,name_inference,临时推断（未核实）,本轮填表者据缩写全称推断，未核对任何权威源；语料实测归一族 sct：206 行 / 107 份判决印此缩写（约束七的键锚）,2026-09-09,Supreme Court Reporter（美国）
C.P.D.,cpd,GB,,,,,estimated,name_inference,临时推断（未核实）,本轮填表者据缩写全称推断，未核对任何权威源；语料实测归一族 cpd：205 行 / 130 份判决印此缩写（约束七的键锚）,2026-09-09,Common Pleas Division（英国 Law Reports 1875-1890）
T.R.,tr,GB,,,,,estimated,verified_print_evidence,语料印刷证据（六渠道，research agent，not human-reviewed）,audit/findings/jurisdiction_channels/summary.csv 行 tr；ch4:支持(24; GB 24),2026-09-09,Term Reports（英国 nominate reports）；2026-10-02 升级：原「临时推断（未核实）」→ 印刷证据支持；证据只到国家层，省级未核。confidence 列未动（管线读它，改它会改变管线输出，须另行裁决）
Mass.,mass,US,,,,,estimated,name_inference,临时推断（未核实）,本轮填表者据缩写全称推断，未核对任何权威源；语料实测归一族 mass：187 行 / 115 份判决印此缩写（约束七的键锚）,2026-09-09,Massachusetts Reports
Can. C.C.,cancc,CA,,,,,estimated,verified_print_evidence,语料印刷证据（六渠道，research agent，not human-reviewed）,audit/findings/jurisdiction_channels/summary.csv 行 cancc；ch4:支持(11; CA 11),2026-09-09,Canadian Criminal Cases 的旧印刷形；2026-10-02 升级：原「临时推断（未核实）」→ 印刷证据支持；证据只到国家层，省级未核。confidence 列未动（管线读它，改它会改变管线输出，须另行裁决）
Bing.,bing,GB,,,,,estimated,verified_print_evidence,语料印刷证据（六渠道，research agent，not human-reviewed）,audit/findings/jurisdiction_channels/summary.csv 行 bing；ch4:支持(27; GB 27),2026-09-09,Bingham（英国 nominate reports）；2026-10-02 升级：原「临时推断（未核实）」→ 印刷证据支持；证据只到国家层，省级未核。confidence 列未动（管线读它，改它会改变管线输出，须另行裁决）
Sask. L.R.,sasklr,SK,,,,,estimated,name_inference,临时推断（未核实）,本轮填表者据缩写全称推断，未核对任何权威源；语料实测归一族 sasklr：182 行 / 82 份判决印此缩写（约束七的键锚）,2026-09-09,Saskatchewan Law Reports
C.C.P.B.,ccpb,CA,,,,,estimated,verified_print_evidence,语料印刷证据（六渠道，research agent，not human-reviewed）,audit/findings/jurisdiction_channels/summary.csv 行 ccpb；ch1:支持(85; CA 85) | ch2:支持(16; CA 16),2026-09-09,Canadian Cases on Pensions and Benefits；2026-10-02 升级：原「临时推断（未核实）」→ 印刷证据支持；证据只到国家层，省级未核。confidence 列未动（管线读它，改它会改变管线输出，须另行裁决）
B.R.,br,QC,,,,,estimated,name_inference,临时推断（未核实）,本轮填表者据缩写全称推断，未核对任何权威源；语料实测归一族 br：180 行 / 78 份判决印此缩写（约束七的键锚）,2026-09-09,Banc de la Reine / du Roi（魁北克）
A.C.W.S.,acws,CA,,,,,estimated,verified_print_evidence,语料印刷证据（六渠道，research agent，not human-reviewed）,audit/findings/jurisdiction_channels/summary.csv 行 acws；ch1:支持(107; CA 107) | ch2:支持(67; CA 67),2026-09-09,All Canada Weekly Summaries；2026-10-02 升级：原「临时推断（未核实）」→ 印刷证据支持；证据只到国家层，省级未核。confidence 列未动（管线读它，改它会改变管线输出，须另行裁决）
Imm. L.R.,immlr,CA,,,,,estimated,verified_print_evidence,语料印刷证据（六渠道，research agent，not human-reviewed）,audit/findings/jurisdiction_channels/summary.csv 行 immlr；ch1:支持(105; CA 105),2026-09-09,Immigration Law Reporter；2026-10-02 升级：原「临时推断（未核实）」→ 印刷证据支持；证据只到国家层，省级未核。confidence 列未动（管线读它，改它会改变管线输出，须另行裁决）
N.B. Rep.,nbrep,NB,,,,,estimated,name_inference,临时推断（未核实）,本轮填表者据缩写全称推断，未核对任何权威源；语料实测归一族 nbrep：174 行 / 100 份判决印此缩写（约束七的键锚）,2026-09-09,New Brunswick Reports 的另一印刷形
L.C.J.,lcj,QC,,,,,estimated,name_inference,临时推断（未核实）,本轮填表者据缩写全称推断，未核对任何权威源；语料实测归一族 lcj：173 行 / 78 份判决印此缩写（约束七的键锚）,2026-09-09,Lower Canada Jurist 的另一印刷形
M.J.,mj,MB,,,,,estimated,verified_print_evidence,语料印刷证据（六渠道，research agent，not human-reviewed）,audit/findings/jurisdiction_channels/summary.csv 行 mj；ch1:支持(35; CA 35),2026-09-09,Manitoba Judgments（电子汇编）；2026-10-02 升级：原「临时推断（未核实）」→ 印刷证据支持；省级也有证据支持。confidence 列未动（管线读它，改它会改变管线输出，须另行裁决）
A. & E.,ae,GB,,,,,estimated,name_inference,临时推断（未核实）,本轮填表者据缩写全称推断，未核对任何权威源；语料实测归一族 ae：169 行 / 101 份判决印此缩写（约束七的键锚）,2026-09-09,Adolphus & Ellis（英国 nominate reports）
L. T. N. S.,ltns,GB,,,,,estimated,name_inference,临时推断（未核实）,本轮填表者据缩写全称推断，未核对任何权威源；语料实测归一族 ltns：169 行 / 105 份判决印此缩写（约束七的键锚）,2026-09-09,"Law Times Reports, New Series（英国）"
N.W.,nw,US,,,,,estimated,name_inference,临时推断（未核实）,本轮填表者据缩写全称推断，未核对任何权威源；语料实测归一族 nw：168 行 / 74 份判决印此缩写（约束七的键锚）,2026-09-09,North Western Reporter（美国）
S.J.,sj,GB,1,999,,,estimated,name_inference,临时推断（未核实）,"本轮填表者据缩写全称推断，未核对任何权威源；语料实测归一族 sj：167 行 / 111 份判决印此缩写（约束七的键锚）；2026-10-02 加卷号区间：语料实测本读法恒印卷号（38 S.J. 234、(1894), 38 S.J. 234 式 20 行，年份 1894–1976），区间从 1 起即不接无卷号行（PROBLEMS #52 口径）",2026-09-09,Solicitors' Journal（英国）。2026-10-02 PROBLEMS #100：S.J. 两国同形，按卷号拆行——有卷号归本行，无卷号的 [YYYY] S.J. No. N 归萨斯喀彻温行。本行法域仍为名字推断，未核权威源
S.J.,sj,SK,0,0,,,estimated,verified_authority,"Emond Publishing — Emond Style Guide, McGill: Examples & Applications (10th ed), Quicklaw Citations（SJ = Saskatchewan judgments）；旁证：Government of Canada Department of Justice — List of Abbreviations（同族 B.C.J. = British Columbia Judgments and Yukon Judgments (Quicklaw)）",https://style.emond.ca/references/mcgill-examples-applications-10（Quicklaw Citations 一节；核实 2026-10-02）；https://www.justice.gc.ca/eng/rp-pr/csj-sjc/harmonization/denau/abbrevia.html（B.C.J. 条；核实 2026-10-02）,2026-10-02,Saskatchewan Judgments（Quicklaw 电子汇编，与 O.J./B.C.J./A.J. 同族）。来源原印 SJ（McGill 体例省略句点）；带点 S.J. 由句点省略规则对应，非逐字印刷。语料印刷形 [YYYY] S.J. No. N，不印卷号（卷号区间 0–0），主线实测 211 行、年份 1978–2025；与中立引证并列的 81 串全部是萨斯喀彻温法院（PROBLEMS #100，渠道 1）。confidence 沿用 estimated，与同族各行一致
Ont. W.N.,ontwn,ON,,,,,estimated,name_inference,临时推断（未核实）,本轮填表者据缩写全称推断，未核对任何权威源；语料实测归一族 ontwn：166 行 / 85 份判决印此缩写（约束七的键锚）,2026-09-09,Ontario Weekly Notes 的另一印刷形
C.E.L.R.,celr,CA,,,,,estimated,verified_print_evidence,语料印刷证据（六渠道，research agent，not human-reviewed）,audit/findings/jurisdiction_channels/summary.csv 行 celr；ch1:支持(96; CA 96),2026-09-09,Canadian Environmental Law Reports；2026-10-02 升级：原「临时推断（未核实）」→ 印刷证据支持；证据只到国家层，省级未核。confidence 列未动（管线读它，改它会改变管线输出，须另行裁决）
N.S.J.,nsj,NS,,,,,estimated,verified_print_evidence,语料印刷证据（六渠道，research agent，not human-reviewed）,audit/findings/jurisdiction_channels/summary.csv 行 nsj；ch1:支持(51; CA 51),2026-09-09,Nova Scotia Judgments（电子汇编）；2026-10-02 升级：原「临时推断（未核实）」→ 印刷证据支持；省级也有证据支持。confidence 列未动（管线读它，改它会改变管线输出，须另行裁决）
O.A.R.,oar,ON,,,,,estimated,verified_print_evidence,语料印刷证据（六渠道，research agent，not human-reviewed）,audit/findings/jurisdiction_channels/summary.csv 行 oar；ch2:支持(11; CA 11),2026-09-09,Ontario Appeal Reports 的另一印刷形；2026-10-02 升级：原「临时推断（未核实）」→ 印刷证据支持；省级也有证据支持。confidence 列未动（管线读它，改它会改变管线输出，须另行裁决）
C.A.R.,car,GB,,,,,estimated,name_inference,临时推断（未核实）,本轮填表者据缩写全称推断，未核对任何权威源；语料实测归一族 car：157 行 / 38 份判决印此缩写（约束七的键锚）,2026-09-09,Criminal Appeal Reports（英国）
O'M. & H.,omh,GB,,,,,estimated,name_inference,临时推断（未核实）,本轮填表者据缩写全称推断，未核对任何权威源；语料实测归一族 omh：156 行 / 19 份判决印此缩写（约束七的键锚）,2026-09-09,O'Malley & Hardcastle（英国选举诉讼汇编）
Hare,hare,GB,,,,,estimated,verified_print_evidence,语料印刷证据（六渠道，research agent，not human-reviewed）,audit/findings/jurisdiction_channels/summary.csv 行 hare；ch4:支持(58; GB 58),2026-09-09,Hare（英国 nominate reports）；2026-10-02 升级：原「临时推断（未核实）」→ 印刷证据支持；证据只到国家层，省级未核。confidence 列未动（管线读它，改它会改变管线输出，须另行裁决）
H.L.C.,hlc,GB,,,,,estimated,verified_print_evidence,语料印刷证据（六渠道，research agent，not human-reviewed）,audit/findings/jurisdiction_channels/summary.csv 行 hlc；ch4:支持(45; GB 45),2026-09-09,House of Lords Cases 的另一印刷形；2026-10-02 升级：原「临时推断（未核实）」→ 印刷证据支持；证据只到国家层，省级未核。confidence 列未动（管线读它，改它会改变管线输出，须另行裁决）
Can. Cr. Cas.,cancrcas,CA,,,,,estimated,name_inference,临时推断（未核实）,本轮填表者据缩写全称推断，未核对任何权威源；语料实测归一族 cancrcas：146 行 / 40 份判决印此缩写（约束七的键锚）,2026-09-09,Canadian Criminal Cases 的旧印刷形
L.J.P.C.,ljpc,GB,,,,,estimated,verified_print_evidence,语料印刷证据（六渠道，research agent，not human-reviewed）,"audit/findings/jurisdiction_channels/summary.csv 行 ljpc；ch4:支持(47; GB 45, CA 2)",2026-09-09,"Law Journal Reports, Privy Council（英国）；2026-10-02 升级：原「临时推断（未核实）」→ 印刷证据支持；证据只到国家层，省级未核。confidence 列未动（管线读它，改它会改变管线输出，须另行裁决）"
DeG. M. & G.,degmg,GB,,,,,estimated,verified_print_evidence,语料印刷证据（六渠道，research agent，not human-reviewed）,audit/findings/jurisdiction_channels/summary.csv 行 degmg；ch4:支持(16; GB 16),2026-09-09,"De Gex, Macnaghten & Gordon（英国 nominate reports）；2026-10-02 升级：原「临时推断（未核实）」→ 印刷证据支持；证据只到国家层，省级未核。confidence 列未动（管线读它，改它会改变管线输出，须另行裁决）"
Grant,grant,ON,,,,,estimated,name_inference,临时推断（未核实）,本轮填表者据缩写全称推断，未核对任何权威源；语料实测归一族 grant：144 行 / 63 份判决印此缩写（约束七的键锚）,2026-09-09,Grant's Chancery Reports（上加拿大）的另一印刷形
Ex. D.,exd,GB,,,,,estimated,name_inference,临时推断（未核实）,本轮填表者据缩写全称推断，未核对任何权威源；语料实测归一族 exd：138 行 / 104 份判决印此缩写（约束七的键锚）,2026-09-09,Exchequer Division（英国 Law Reports 1875-1890）
Burr.,burr,GB,,,,,estimated,verified_print_evidence,语料印刷证据（六渠道，research agent，not human-reviewed）,audit/findings/jurisdiction_channels/summary.csv 行 burr；ch4:支持(46; GB 46),2026-09-09,Burrow（英国 nominate reports）；2026-10-02 升级：原「临时推断（未核实）」→ 印刷证据支持；证据只到国家层，省级未核。confidence 列未动（管线读它，改它会改变管线输出，须另行裁决）
N.J.,nj,NL,,,,,estimated,verified_print_evidence,语料印刷证据（六渠道，research agent，not human-reviewed）,audit/findings/jurisdiction_channels/summary.csv 行 nj；ch1:支持(35; CA 35),2026-09-09,Newfoundland Judgments（电子汇编，与 A.J./B.C.J./M.J./N.S.J./O.J./Q.J. 同族体例）。**存疑**：亦可能是美国 New Jersey Reports，须复核；2026-10-02 升级：原「临时推断（未核实）」→ 印刷证据支持；省级也有证据支持。confidence 列未动（管线读它，改它会改变管线输出，须另行裁决）
K.B.,kb,GB,0,4,1901,1952,estimated,name_inference,临时推断（未核实）,区间据语料印刷结构实测（前缀标注行与各形状的卷号/年份分布，仪器 audit/disambiguation_audit.py）与该系列出版史推定，未核对权威源,2026-09-11,King's Bench（英国 Law Reports，1901–1952，[年] 印 1–4 卷或不印卷号）
K.B.,kb,QC,5,100,1892,1941,estimated,name_inference,临时推断（未核实）,区间据语料印刷结构实测（前缀标注行与各形状的卷号/年份分布，仪器 audit/disambiguation_audit.py）与该系列出版史推定，未核对权威源,2026-09-11,Cour du banc du roi（魁北克 Q.R. K.B.；语料 Q.R. 前缀行 vol 10–71 落 1900–1941）。1–4 卷不收：语料里无前缀的 [1893]–[1900] 1/2 K.B. 周围全是英国引证，是英国 Q.B. 的误印，不是魁北克
K.B.,kb,QC,0,0,1942,1952,estimated,name_inference,临时推断（未核实）,区间据语料印刷结构实测（前缀标注行与各形状的卷号/年份分布，仪器 audit/disambiguation_audit.py）与该系列出版史推定，未核对权威源,2026-09-11,魁北克 1942 年起改以年份编卷，印 [年] K.B. 页（语料旁证 [1953] Que. Q.B.、[1962] B.R.）。与英国 [年] K.B. 同年同形，此窗内判不出，不猜
Q.B.,qb,GB,1,18,1841,1852,estimated,name_inference,临时推断（未核实）,区间据语料印刷结构实测（前缀标注行与各形状的卷号/年份分布，仪器 audit/disambiguation_audit.py）与该系列出版史推定，未核对权威源,2026-09-11,Queen's Bench Reports（Adolphus & Ellis 新辑，1841–1852）
Q.B.,qb,GB,1,10,1865,1876,estimated,name_inference,临时推断（未核实）,区间据语料印刷结构实测（前缀标注行与各形状的卷号/年份分布，仪器 audit/disambiguation_audit.py）与该系列出版史推定，未核对权威源,2026-09-11,"Law Reports, Queen's Bench（L.R. Q.B.；语料 L.R. 前缀行 vol 1–10 主体落 1865–1875）"
Q.B.,qb,GB,0,2,1891,1900,estimated,name_inference,临时推断（未核实）,区间据语料印刷结构实测（前缀标注行与各形状的卷号/年份分布，仪器 audit/disambiguation_audit.py）与该系列出版史推定，未核对权威源,2026-09-11,[年] Q.B.（英国 Law Reports，1891–1900，每年 1–2 卷）
Q.B.,qb,GB,0,3,1952,2030,estimated,name_inference,临时推断（未核实）,区间据语料印刷结构实测（前缀标注行与各形状的卷号/年份分布，仪器 audit/disambiguation_audit.py）与该系列出版史推定，未核对权威源,2026-09-11,[年] Q.B.（英国 Law Reports，1952 年起；语料旁证 1970 年代起 All E.R./W.L.R.）
Q.B.,qb,QC,1,1,1883,1886,estimated,name_inference,临时推断（未核实）,区间据语料印刷结构实测（前缀标注行与各形状的卷号/年份分布，仪器 audit/disambiguation_audit.py）与该系列出版史推定，未核对权威源,2026-09-11,"Montreal Law Reports, Queen's Bench 第 1 卷（语料 M.L.R. 前缀行 vol 1–6 落 1884–1890；逐卷年窗 ±2）"
Q.B.,qb,QC,2,2,1884,1887,estimated,name_inference,临时推断（未核实）,区间据语料印刷结构实测（前缀标注行与各形状的卷号/年份分布，仪器 audit/disambiguation_audit.py）与该系列出版史推定，未核对权威源,2026-09-11,"Montreal Law Reports, Queen's Bench 第 2 卷（语料 M.L.R. 前缀行 vol 1–6 落 1884–1890；逐卷年窗 ±2）"
Q.B.,qb,QC,3,3,1885,1888,estimated,name_inference,临时推断（未核实）,区间据语料印刷结构实测（前缀标注行与各形状的卷号/年份分布，仪器 audit/disambiguation_audit.py）与该系列出版史推定，未核对权威源,2026-09-11,"Montreal Law Reports, Queen's Bench 第 3 卷（语料 M.L.R. 前缀行 vol 1–6 落 1884–1890；逐卷年窗 ±2）"
Q.B.,qb,QC,4,4,1886,1889,estimated,name_inference,临时推断（未核实）,区间据语料印刷结构实测（前缀标注行与各形状的卷号/年份分布，仪器 audit/disambiguation_audit.py）与该系列出版史推定，未核对权威源,2026-09-11,"Montreal Law Reports, Queen's Bench 第 4 卷（语料 M.L.R. 前缀行 vol 1–6 落 1884–1890；逐卷年窗 ±2）"
Q.B.,qb,QC,5,5,1887,1890,estimated,name_inference,临时推断（未核实）,区间据语料印刷结构实测（前缀标注行与各形状的卷号/年份分布，仪器 audit/disambiguation_audit.py）与该系列出版史推定，未核对权威源,2026-09-11,"Montreal Law Reports, Queen's Bench 第 5 卷（语料 M.L.R. 前缀行 vol 1–6 落 1884–1890；逐卷年窗 ±2）"
Q.B.,qb,QC,6,6,1888,1891,estimated,name_inference,临时推断（未核实）,区间据语料印刷结构实测（前缀标注行与各形状的卷号/年份分布，仪器 audit/disambiguation_audit.py）与该系列出版史推定，未核对权威源,2026-09-11,"Montreal Law Reports, Queen's Bench 第 6 卷（语料 M.L.R. 前缀行 vol 1–6 落 1884–1890；逐卷年窗 ±2）"
Q.B.,qb,QC,7,7,1889,1892,estimated,name_inference,临时推断（未核实）,区间据语料印刷结构实测（前缀标注行与各形状的卷号/年份分布，仪器 audit/disambiguation_audit.py）与该系列出版史推定，未核对权威源,2026-09-11,"Montreal Law Reports, Queen's Bench 第 7 卷（语料 M.L.R. 前缀行 vol 1–6 落 1884–1890；逐卷年窗 ±2）"
Q.B.,qb,QC,1,1,1890,1893,estimated,name_inference,临时推断（未核实）,区间据语料印刷结构实测（前缀标注行与各形状的卷号/年份分布，仪器 audit/disambiguation_audit.py）与该系列出版史推定，未核对权威源,2026-09-11,Q.R. Q.B. 第 1 卷（语料 Q.R. 前缀行 vol 3–10 落 1894–1900，卷号约为年份减 1890；逐卷年窗 ±2）。与英国 [年] 1 Q.B. 同年同卷，窗内判不出，不猜
Q.B.,qb,QC,2,2,1891,1894,estimated,name_inference,临时推断（未核实）,区间据语料印刷结构实测（前缀标注行与各形状的卷号/年份分布，仪器 audit/disambiguation_audit.py）与该系列出版史推定，未核对权威源,2026-09-11,Q.R. Q.B. 第 2 卷（语料 Q.R. 前缀行 vol 3–10 落 1894–1900，卷号约为年份减 1890；逐卷年窗 ±2）。与英国 [年] 2 Q.B. 同年同卷，窗内判不出，不猜
Q.B.,qb,QC,3,3,1892,1895,estimated,name_inference,临时推断（未核实）,区间据语料印刷结构实测（前缀标注行与各形状的卷号/年份分布，仪器 audit/disambiguation_audit.py）与该系列出版史推定，未核对权威源,2026-09-11,Q.R. Q.B. 第 3 卷（语料 Q.R. 前缀行 vol 3–10 落 1894–1900，卷号约为年份减 1890；逐卷年窗 ±2）
Q.B.,qb,QC,4,4,1893,1896,estimated,name_inference,临时推断（未核实）,区间据语料印刷结构实测（前缀标注行与各形状的卷号/年份分布，仪器 audit/disambiguation_audit.py）与该系列出版史推定，未核对权威源,2026-09-11,Q.R. Q.B. 第 4 卷（语料 Q.R. 前缀行 vol 3–10 落 1894–1900，卷号约为年份减 1890；逐卷年窗 ±2）
Q.B.,qb,QC,5,5,1894,1897,estimated,name_inference,临时推断（未核实）,区间据语料印刷结构实测（前缀标注行与各形状的卷号/年份分布，仪器 audit/disambiguation_audit.py）与该系列出版史推定，未核对权威源,2026-09-11,Q.R. Q.B. 第 5 卷（语料 Q.R. 前缀行 vol 3–10 落 1894–1900，卷号约为年份减 1890；逐卷年窗 ±2）
Q.B.,qb,QC,6,6,1895,1898,estimated,name_inference,临时推断（未核实）,区间据语料印刷结构实测（前缀标注行与各形状的卷号/年份分布，仪器 audit/disambiguation_audit.py）与该系列出版史推定，未核对权威源,2026-09-11,Q.R. Q.B. 第 6 卷（语料 Q.R. 前缀行 vol 3–10 落 1894–1900，卷号约为年份减 1890；逐卷年窗 ±2）
Q.B.,qb,QC,7,7,1896,1899,estimated,name_inference,临时推断（未核实）,区间据语料印刷结构实测（前缀标注行与各形状的卷号/年份分布，仪器 audit/disambiguation_audit.py）与该系列出版史推定，未核对权威源,2026-09-11,Q.R. Q.B. 第 7 卷（语料 Q.R. 前缀行 vol 3–10 落 1894–1900，卷号约为年份减 1890；逐卷年窗 ±2）
Q.B.,qb,QC,8,8,1897,1900,estimated,name_inference,临时推断（未核实）,区间据语料印刷结构实测（前缀标注行与各形状的卷号/年份分布，仪器 audit/disambiguation_audit.py）与该系列出版史推定，未核对权威源,2026-09-11,Q.R. Q.B. 第 8 卷（语料 Q.R. 前缀行 vol 3–10 落 1894–1900，卷号约为年份减 1890；逐卷年窗 ±2）
Q.B.,qb,QC,9,9,1898,1901,estimated,name_inference,临时推断（未核实）,区间据语料印刷结构实测（前缀标注行与各形状的卷号/年份分布，仪器 audit/disambiguation_audit.py）与该系列出版史推定，未核对权威源,2026-09-11,Q.R. Q.B. 第 9 卷（语料 Q.R. 前缀行 vol 3–10 落 1894–1900，卷号约为年份减 1890；逐卷年窗 ±2）
Q.B.,qb,QC,10,10,1899,1902,estimated,name_inference,临时推断（未核实）,区间据语料印刷结构实测（前缀标注行与各形状的卷号/年份分布，仪器 audit/disambiguation_audit.py）与该系列出版史推定，未核对权威源,2026-09-11,Q.R. Q.B. 第 10 卷（语料 Q.R. 前缀行 vol 3–10 落 1894–1900，卷号约为年份减 1890；逐卷年窗 ±2）
Q.B.,qb,QC,0,0,1952,1970,estimated,name_inference,临时推断（未核实）,区间据语料印刷结构实测（前缀标注行与各形状的卷号/年份分布，仪器 audit/disambiguation_audit.py）与该系列出版史推定，未核对权威源,2026-09-11,魁北克 Cour du banc de la reine 年份系列 [年] Q.B./B.R.（语料旁证 [1953] Que. Q.B.、[1962] B.R.；1970 起改 C.A.）。与英国同形，窗内不猜
S.C.,sc,QC,1,100,1878,1941,estimated,name_inference,临时推断（未核实）,区间据语料印刷结构实测（前缀标注行与各形状的卷号/年份分布，仪器 audit/disambiguation_audit.py）与该系列出版史推定，未核对权威源,2026-09-11,Cour supérieure（魁北克；语料 M.L.R. 前缀行 vol 1–6 落 1878–1890，Q.R. 前缀行 vol 1–79 落 1892–1941）
S.C.,sc,QC,0,0,1942,1986,estimated,name_inference,临时推断（未核实）,区间据语料印刷结构实测（前缀标注行与各形状的卷号/年份分布，仪器 audit/disambiguation_audit.py）与该系列出版史推定，未核对权威源,2026-09-11,魁北克 Cour supérieure 年份系列 [年] S.C./C.S.。与苏格兰同形，窗内不猜
S.C.,sc,GB,0,0,1907,2030,estimated,name_inference,临时推断（未核实）,区间据语料印刷结构实测（前缀标注行与各形状的卷号/年份分布，仪器 audit/disambiguation_audit.py）与该系列出版史推定，未核对权威源,2026-09-11,Session Cases（苏格兰，1907 起以 [年] S.C. 引、不印卷号）
P.,p,GB,0,0,1891,1971,estimated,name_inference,临时推断（未核实）,区间据语料印刷结构实测（前缀标注行与各形状的卷号/年份分布，仪器 audit/disambiguation_audit.py）与该系列出版史推定，未核对权威源,2026-09-11,Probate（英国 Law Reports 1891–1971，以 [年] P. 引、不印卷号；语料旁证 1940–50 年代 All E.R./A.C.）
P.,p,US,1,999,1883,2030,estimated,name_inference,临时推断（未核实）,区间据语料印刷结构实测（前缀标注行与各形状的卷号/年份分布，仪器 audit/disambiguation_audit.py）与该系列出版史推定，未核对权威源,2026-09-11,Pacific Reporter（美国，P./P.2d/P.3d，恒印卷号）
C.L.R.,clr,AU,1,100,1903,1960,estimated,name_inference,临时推断（未核实）,区间据语料印刷结构实测（前缀标注行与各形状的卷号/年份分布，仪器 audit/disambiguation_audit.py）与该系列出版史推定，未核对权威源,2026-09-11,Commonwealth Law Reports（澳大利亚，1903 起；第 100 卷约 1958 年）
C.L.R.,clr,AU,101,500,1957,2030,estimated,name_inference,临时推断（未核实）,区间据语料印刷结构实测（前缀标注行与各形状的卷号/年份分布，仪器 audit/disambiguation_audit.py）与该系列出版史推定，未核对权威源,2026-09-11,Commonwealth Law Reports 第 101 卷起
C.L.R.,clr,CA,1,100,1975,2030,estimated,name_inference,临时推断（未核实）,区间据语料印刷结构实测（前缀标注行与各形状的卷号/年份分布，仪器 audit/disambiguation_audit.py）与该系列出版史推定，未核对权威源,2026-09-11,Construction Law Reports（加拿大，分辑 2d/3d/4th，各辑卷号不过百；语料旁证 1980 年代起 B.C.L.R./Sask. R./R.P.R.）
A.L.R.,alr,AU,0,0,1895,1973,estimated,name_inference,临时推断（未核实）,区间据语料印刷结构实测（前缀标注行与各形状的卷号/年份分布，仪器 audit/disambiguation_audit.py）与该系列出版史推定，未核对权威源,2026-09-11,Argus Law Reports（澳大利亚，以 [年] A.L.R. 引、不印卷号）
A.L.R.,alr,AU,1,500,1973,2030,estimated,name_inference,临时推断（未核实）,区间据语料印刷结构实测（前缀标注行与各形状的卷号/年份分布，仪器 audit/disambiguation_audit.py）与该系列出版史推定，未核对权威源,2026-09-11,Australian Law Reports（1973 起）
A.L.R.,alr,US,1,200,1919,2030,estimated,name_inference,临时推断（未核实）,区间据语料印刷结构实测（前缀标注行与各形状的卷号/年份分布，仪器 audit/disambiguation_audit.py）与该系列出版史推定，未核对权威源,2026-09-11,American Law Reports（1919 起，含 2d–6th 各辑，恒印卷号）。1973 年后与澳大利亚两边都落，不猜
W.L.R.,wlr,GB,0,4,1953,2030,estimated,name_inference,临时推断（未核实）,区间据语料印刷结构实测（前缀标注行与各形状的卷号/年份分布，仪器 audit/disambiguation_audit.py）与该系列出版史推定，未核对权威源,2026-09-11,Weekly Law Reports（英国，1953 起，每年 1–3 卷；语料旁证 All E.R.）
W.L.R.,wlr,CA,1,40,1905,1916,estimated,name_inference,临时推断（未核实）,区间据语料印刷结构实测（前缀标注行与各形状的卷号/年份分布，仪器 audit/disambiguation_audit.py）与该系列出版史推定，未核对权威源,2026-09-11,Western Law Reporter（加拿大，1905–1916；语料旁证 C.C.C.）
C. & P.,cp,GB,1,9,1823,1841,estimated,name_inference,临时推断（未核实）,区间据语料印刷结构实测（前缀标注行与各形状的卷号/年份分布，仪器 audit/disambiguation_audit.py）与该系列出版史推定，未核对权威源,2026-09-11,Carrington & Payne（英国 nominate reports，1823–1841）。归一后与 C.P. 同形（nk 均为 cp），故须带区间
C.P.,cp,GB,1,10,1865,1877,estimated,name_inference,临时推断（未核实）,区间据语料印刷结构实测（前缀标注行与各形状的卷号/年份分布，仪器 audit/disambiguation_audit.py）与该系列出版史推定，未核对权威源,2026-09-11,"Law Reports, Common Pleas（语料 L.R. 前缀行 vol 1–10 落 1866–1877）"
C.P.,cp,QC,0,0,1965,1988,estimated,name_inference,临时推断（未核实）,区间据语料印刷结构实测（前缀标注行与各形状的卷号/年份分布，仪器 audit/disambiguation_audit.py）与该系列出版史推定，未核对权威源,2026-09-11,Cour provinciale（魁北克省级法院，以 [年] C.P. 引、不印卷号）。入表前 [1981] C.P. 292 类经归一键误落 C. & P.（英国），见 PROBLEMS #52
H.L.,hl,GB,,,,,estimated,name_inference,临时推断（未核实）,本轮填表者据缩写全称推断，未核对任何权威源；为 L.R. 前缀行的分辑补行（PROBLEMS #52）,2026-09-11,House of Lords（L.R. H.L. 1866–1875 与 Clark 的 H.L. 1847–1866）
Eq.,eq,GB,,,,,estimated,name_inference,临时推断（未核实）,本轮填表者据缩写全称推断，未核对任何权威源；为 L.R. 前缀行的分辑补行（PROBLEMS #52）,2026-09-11,"Law Reports, Equity Cases（L.R. Eq.，1865–1875）"
P.C.,pc,GB,,,,,estimated,name_inference,临时推断（未核实）,本轮填表者据缩写全称推断，未核对任何权威源；为 L.R. 前缀行的分辑补行（PROBLEMS #52）,2026-09-11,"Law Reports, Privy Council Appeals（L.R. P.C.，1865–1875）。枢密院案件的来源地属 case_origin.csv 辖区"
P.D.,pd,GB,,,,,estimated,name_inference,临时推断（未核实）,本轮填表者据缩写全称推断，未核对任何权威源；为 L.R. 前缀行的分辑补行（PROBLEMS #52）,2026-09-11,Probate Division（L.R. P.D.，1875–1890）；P. & D.（1865–1875）归一后同族
