detector,template,count,example
R1,No. 9-9-9,2869," Crawford v. Treasury Board, PSSRB File No. 168-02-37 (19731120), the Pub"
R1,Nos. 9-9-9,637,"anada – Customs and Excise), PSSRB File Nos. 166-02-28332 and 28333 (19990819"
R1,A-9-9,384, dismissed. (2011 FCA 150) (Court File: A-277-10) Keywords Schedulin
R1,T-9-9,278,l Court has been withdrawn (Court file: T-1334-09). Keywords Compensa
R1,EMP-9-9,246,14 Citation 2021 FPSLREB 82 File Number EMP-2017-11058 Before Renaud Paque
R1,Local 9-9,121,Valley Operations) v. United Steelworks Local 1-207 (Greaves Grievance)
R1,File 9-9-9,121,"nsion imposed on him by the respondent (File 566-02-3226). On July 31, 2009,"
R1,Files 9-9-9,87,"he Board’s decision in respect of PSLRB Files 547-02-4 to 547-02-06, dated"
R1,May 9-9,51,"vember 1, 20-22, 2006 January 9-11, 16; May 28-30; June 4-7; Septembe"
R1,CD 9-9,50, observing the search. This contravenes CD 566-7 – Searching of Inma
R1,No. 9-9,44,"Service Alliance of Canada), PSSRB File No. 100-1 (19920331); Martel "
R1,In 9-9,43,"r cannot begin with a negative balance. In 2005-2006, the grievor took m"
R1,Directive 9-9,42," June 6, 2002 version of Commissioner’s Directive 254-1 (the CSC’s smoking "
R1,No 9-9-9,40,"orrectional Service Canada), PSSRB File No 166-2-27445 (19970922); and Sch"
R1,June 9-9,38,"ation and Refugee Board et al. Hearing: June 19-20, 2008 Toronto, ON D"
R1,E-9-9,34,"tion. 2 The termination letter (Exhibit E-10-5), dated June 25, 20"
R1,October 9-9,33," and Social Development et al. Hearing: October 23-24, 2008 Toronto, ON D"
R1,Bulletin 9-9,33,"ectional Service Canada, Human Resource Bulletin 2009-37). 50 Mr. King testi"
R1,DAOD 9-9,30,eve managements [sic] failure to follow DAOD 5012-0 Harassment Preventi
R1,January 9-9,29,"that, due to low expected volume on the January 2-3, 2005 shift, he was"
R1,Complaint 9-9-9,29,"lication by either party, may set. … A. Complaint 561-02-227 2 The Board receive"
R1,September 9-9,28," of Fisheries and Oceans et al.Hearing: September 9-10, 2008 Halifax, NSDa"
R1,Guidelines 9-9,27,r was also alleged to have breached the Guidelines 563-1 - CSC badges (Exhib
R1,Exclusion 9-9-9,27,ccupant Geographic Location Grounds for Exclusion 572-34-1354 Canada Revenue Agen
R1,March 9-9,25,"t the hearing tentatively scheduled for March 2-5, 2010, proceed if h"
R1,G9-9-9,25,PSLRB # 566-02-1948 / Paul W.J. Braun / G635-13-168 & G635-13-169/ (Sus
R1,November 9-9,24,"of Fisheries and Oceans et al. Hearing: November 18-19, 2008 St. John's (N"
R1,April 9-9,24,"ilability, we scheduled the matters for April 27-30, 2009, which were t"
R1,July 9-9,20,"evor submitted a request for leave from July 3-7, 2003 (4 shifts) (E"
R1,August 9-9,20,"ut of the province on annual leave from August 17-23, 2010. She requeste"
R1,December 9-9,19,"ster of National Defence et al.Hearing: December 4-5, 2008, and February"
R1,The 9-9,19,he wrote the following: [translation] … The 1996-1997 period during which
R1,SOP 9-9,18,In response to a question about whether SOP 2-19 is used for inspect
R1,LOU 9-9,18,rary to the agreement reached regarding LOU 04-5 and is further in b
R1,Kingston 9-9-9,17,"estionnaire, Évaluation et intervention Kingston 572-02-30 Correctional Servic"
R1,No.9-9-9,16,"nd Northern Affairs Canada), PSSRB File No.166-02-27344 (19980128); Jarvis "
R1,AOD 9-9,16,’ Surplus Material” (AOD 5 ASG 9200-9; “AOD 9200-9”) and “Defence Admi
R1,DA 9-9,16," available qualified employees."" 5 The ""DA 450-4 Directive,"" entitle"
R1,February 9-9,15," et al.Hearing: December 4-5, 2008, and February 10-11, 2009 Ottawa, ONDat"
R1,Grievance 9-9-9,15, of events that led to their filing. A. Grievance 566-02-1741 9 In the grievance 
R1,S-9-9,15,n bio-psycho-social assessment (Exhibit S-10-8) and a summary asse
R1,P.C. 9-9,15,"rnor in Council, under Order in Council P.C. 2003-2064 and in conformity w"
R1,A9-9,15,"aval, (20030320), AZ-03142062 (Soquij), A01-16 et A01-17 (T.A. Qué"
R1,IPB 9-9,14,e enclosed a proposed IPB (that became “IPB 2016-05 v.1”) to replace Po
R1,June 9/9,13,"tions & Ministerial complaint submitted June 29/06, but now Stockwell "
R1,HUM-9-9,13,"f shortcomings, as prescribed in policy HUM-306-1, because issuing su"
R1,EG-9-9,13,"elines, and that it was determined that EG-318-02 and EG-318-09 could"
R1,B9/9,13,"ernational Union, Local 1-85, BCLRB No. B24/2008, as follows: 101 … "
R1,Feb 9/9,12,ay: “I did submit my complaint prior to Feb 19/09 because it stated i
R1,CD-9-9,12,"grievor’s PERs, they were identified as CD-318-02 and CD-318-09. It a"
R1,Appendix 9-9-9,12,ment states that the factors set out in Appendix 1-10-1 of the Guide must b
R1,On 9-9-9,11,"lows (Exhibit P-1): [Translation] . . . On 25-04-2000, p.m., I received m"
R1,Edmonton 9-9-9,11,des agents de libération conditionnelle Edmonton 575-02-30 Correctional Servic
R1,July 9/9,10,"ired further discussion or training. On July 11/07, I was told my perf"
R1,R9-9-9,10, This threshold was set in 1999 in memo R17-1-3 which is still in e
R1,Order 9-9,10,"unts and Security Patrols, and Standing Order 567-5 (Use of Firearms at"
R1,Winnipeg 9-9-9,10,"estionnaire, Évaluation et intervention Winnipeg 572-02-30 Correctional Servic"
R1,Albert 9-9-9,10,"aire, Évaluation et intervention Prince Albert 572-02-30 Correctional Servic"
R1,Number 9-9-9,10,"ctions. The first grievance, PSLRB File Number 566-02-7434, challenged the emp"
R1,Tab 9-9,10,"n support of his testimony (Exhibit 26, Tab 8-0) that he and the gr"
R1,C9-9,9,tised processes. The position is at the C0-01 group and level. 6T
R1,March 9/9,9,have been disciplined (see letter dated March 27/06) by Gary Gustafson 
R1,Tabs 9-9,9,out the employer’s book of documents. · Tabs 1-2: These documents ar
R1,FY 9/9,8, Level 1 Civilian Human Resources Plan (FY 2008/2009 / FY 2010/2011) dat
R1,FY 9-9,8,")) Level Civilian Human Resources Plan (FY 2008-2009 – FY 2010/2011), wa"
R1,Complaints 9-9-9,8,assessment of the facts. II. Reasons A. Complaints 561-02-227 and 561-02-345 14 T
R1,No. 9/9,8,"ns Board in MacLure’s Cabs (1984) Ltd., No. 80/86, April 3, 1986, in "
R1,Laval 9-9-9,8,"estionnaire, Évaluation et intervention Laval 572-02-30 Correctional Servic"
R1,Agassiz 9-9-9,8,"estionnaire, Évaluation et intervention Agassiz 572-02-30 Correctional Servic"
R1,April-9-9,8,"he complainant, (Exhibit 6) as follows: April-01-2011 9:24 AM – [responde"
R1,T.D. 9/9,7,"Employment and Immigration Commission), T.D. 8/90; Brown v. Canada (D"
R1,XR 9-9-9,7,"s Act Date: 2009-10-21 File: 525-02-24 (XR 572-02-1670, 572-02-H1) Citatio"
R1,Dossiers 9-9-9,7," ou de confiance Annex - Annexe Files - Dossiers 572-02-68, 572-02-C1 PSLRB Re"
R1,May 9/9,7,grieve the Employer’s decision taken on May 17/04 to cancel my term. 
R1,Abbotsford 9-9-9,7,des agents de libération conditionnelle Abbotsford 575-02-30 Correctional Servic
R1,PSSRB 9-9-9,6,bé v. Treasury Board (Transport Canada) PSSRB 166-02-22187 (19930215); Roireau
R1,Oct 9/9,6,k that I received from my supervisor on Oct 26/07 was proven to be in
R1,Exhibit 9-9,6,my workplace concern with the employer (Exhibit 9-1) 4. Repeated refusa
R1,Jan 9/9,6,on 23 complaint dated Oct 30/03 . . . - Jan 26/04 letter of layoff ef
R1,Year 9/9,6,"2004/2005 periods. In respect of fiscal Year 2003/2004, the documentary ev"
R1,SOR 9-9,6," Service Staffing Tribunal Regulations, SOR 2006-6 (the PSST Regulatio"
R1,On 9/9/9,6,"ly to make him aware of the dress code. On 2005/11/29, his supervisor met"
R1,Loc. 9-9,6,"ed me to Brink’s Canada Ltd. v. I.W.A., Loc. 1-217, (1990) 13 L.A.C. ("
R1,PS 9-9,6,fessional standard report investigation PS 10-277 (the Report) trigge
R1,September 9/9,6,vised her that the period would be from September 1/12 to June 9/15. This 
R1,Springhill 9-9-9,6,"estionnaire, Évaluation et intervention Springhill 572-02-30 Correctional Servic"
R1,KP 9-9-9,6,institutional counts as described in PO KP 08-24-01 and SO 566-4. On 09
R1,Number 9-9,5,Annex E pertaining to Selection Process Number 2005-4041-SOR-1214-3066. I wa
R1,T9/9,5,"ttorney General) case, CHRT file number T1266/7807. At issue in the Ha"
R1,SOR 9/9,5,"A and the Equal Wages Guidelines, 1986 [SOR 86/1082] - the respondent’s"
R1,Plan 9-9,5,o CFHA HR Plans. The CFHA Integrated HR Plan 08-09 (the Integrated HR 
R1,File 9-9,5,"tment processes in Belleville, Ontario. File 2006-0233 deals with process "
R1,EG 9-9,5,Energy Measurement and Conservation and EG 318-09: Water Measurement 
R1,GCT9-9,5, the “General Competency Test: Level 2 (GCT2-314)” and “Middle Manag
R1,OC 9-9,5,"erstanding, and the operations circular OC 11-2015, I conclude that co"
R1,Dorchester 9-9-9,5,"estionnaire, Évaluation et intervention Dorchester 572-02-30 Correctional Servic"
R1,Drumheller 9-9-9,5,"estionnaire, Évaluation et intervention Drumheller 572-02-30 Correctional Servic"
R1,Innisfail 9-9-9,5,"estionnaire, Évaluation et intervention Innisfail 572-02-30 Correctional Servic"
R1,Mission 9-9-9,5,"estionnaire, Évaluation et intervention Mission 572-02-30 Correctional Servic"
R1,MARLANTORD 9-9,5,ivilege and that DND’s parking policy (“MARLANTORD 29-9”) provided that tha
R1,October 9/9,4,evor “… is fit for modified duties from October 7/03 to as per [the work
R1,The 9/9,4,"n, three days off (“the 5/3 schedule”). The 2/2 schedule and the 4/"
R1,April 9/9,4,"h the PREA performance increase payable April 1/06, the performance in"
R1,Nos. 9-9,4,"io Public Service Employees Union, File Nos. 3553-01-U and 3554-01-M, On"
R1,FC 9-9,4," Canadian Coast Guard in Fleet Circular FC 03-2007. For the CMSG, fami"
R1,S.C. 9-9,4,"d into the PSSRA as section 90 in 1966 [S.C. 1966-67, c. 72]. It was not"
R1,CRTC 9-9,4,rence re Broadcasting Regulatory Policy CRTC 2010-167 and Broadcasting Or
R1,Section 9/9,4,ernment from either the budget manager (Section 32/34 perspective) or the
R1,Locals 9-9,4," v. Canadian Union of Public Employees, Locals 905-20 (Hourly), 905-21 (F"
R1,Reg. 9/9,4,es of Court in force at the time (Alta. Reg. 390/1968) permitted examinat
R1,Page 9/9,4,"ied in the top right corner in bold as “Page 1/10”, and ending with t"
R1,Calgary 9-9-9,4,des agents de libération conditionnelle Calgary 575-02-30 Correctional Servic
R1,Renous 9-9-9,4,"estionnaire, Évaluation et intervention Renous 572-02-30 Correctional Servic"
R1,Donnacona 9-9-9,4,"estionnaire, Évaluation et intervention Donnacona 572-02-30 Correctional Servic"
R1,Truro 9-9-9,4,"estionnaire, Évaluation et intervention Truro 572-02-30 Correctional Servic"
R1,Bath 9-9-9,4,"estionnaire, Évaluation et intervention Bath 572-02-30 Correctional Servic"
R1,ATL-9-9,4,"ne 2, 2010, Ms. Mongeon files grievance ATL-02-008. 31.From July 15, 2"
R1,MC9-9,4," up three CFIA RFM forms, all numbered “MC13-169” and all related to"
R1,December 9/9,3,"his matter. Moreover, had you filed the December 19/06 as an allegation, i"
R1,Local 9/9,3,". v. Public Service Alliance of Canada, Local 05/21081 (2008), 171 L.A.C. "
R1,Summary 9-9,3,"re is it documented (email, PRAPS, etc) Summary 08-09 document, March 9th"
R1,Jan. 9/9,3,llows: “Plan for RTW [return to work] – Jan. 7/02 as tolerated (PT [p
R1,Dated 9-9-9,3,"elated Incidents”, with two page annex. Dated 2003-04-14 Copy of Regional He"
R1,Directives 9-9,3,"established in the CSC’s Commissioner’s Directives 566-8, “Searching of Staf"
R1,Page 9-9,3,n system within the CSC: [Translation] [Page 75-76] … What is there to
R1,Contract 9-9,3,"elated to three different contracts. 1. Contract 560-3107, awarded to Abotech"
R1,PSLRB 9-9-9,3,"adjudicator at the hearing of grievance PSLRB 566-02-000642, the employer reque"
R1,C9/9,3,"BCLRB No. 31/78; H.D. Jakumeit, IRC No. C296/88; Gordi Minshull, IR"
R1,FC-9-9,3,al decision as stated in Fleet Circular FC-03-2007 regarding compensat
R1,I-9-9-9,3,e complaint. Decision Content Decision: I-06-0029-01 File: 2006-0029 Iss
R1,Nov 9/9,3,"d been given by the Stores Officer Wed, Nov 23/16 at approx 2:20pm - "
R1,Objectives 9-9,3,"id that the document entitled, “General Objectives 2009-2010 [sic]”, and dated J"
R1,During 9-9,3,"the rumours. Instead, she fuelled them. During 2016-2017, Ms. Patel offered "
R1,Framework 9-9,3," “Lake Superior NMCA Strategic Planning Framework 2015-2018”, dated November 30"
R1,OHSTC-9-9,3,"Maritime Forces Atlantic), Decision No. OHSTC-09-001 (20090127)(OHSTC); "
R1,Regulation 9/9,3,". Specifically, s. 29(1) of the Ontario Regulation 114/94, made under the Ont"
R1,ONT-9-9,3,n connection to my harassment grievance ONT-2015-0053. I rely on this and
R1,Feb 9-9,3,t paragraph of the Investigation Report Feb 02-2016 there are several e
R1,From 9-9-9,3,"endix A are as follows: [Translation] … From 30-06-2016 to 14-12-2016, you "
R1,Part 9-9,3,"ion is repeated again in more detail in Part 3-2 of the STCW Code, e"
R1,Grievances 9-9-9,3,"19, filed February 14, 2016 (Tab 3). 2. Grievances 566-02-12323 and 566-02-12324 fo"
R1,Kruse 9-9,3,"der Services Agency), 2020 FPSLREB 85 (“Kruse 2020-85”)). III. The compla"
R1,Vancouver 9-9-9,3,des agents de libération conditionnelle Vancouver 572-02-30 Correctional Servic
R1,Victoria 9-9-9,3,"estionnaire, Évaluation et intervention Victoria 572-02-30 Correctional Servic"
R1,Halifax 9-9-9,3,des agents de libération conditionnelle Halifax 572-02-30 Correctional Servic
R1,Macaza 9-9-9,3,"ionnaire, Évaluation et intervention La Macaza 572-02-30 Correctional Servic"
R1,Montreal 9-9-9,3,des agents de libération conditionnelle Montreal 572-02-30 Correctional Servic
R1,No.-9-9-9,3,rievor. As the grievance in PSLREB File No.-566-34-3629 alleged a violation
R1,Girard 9-9-9,3,66-33-684 Hélène Gaulin 566-33-685 Éric Girard 566-33-686 Éric Girard 566-33-
R1,SO 9-9,3,unts as described in PO KP 08-24-01 and SO 566-4. On 09-01-09 at 230
R1,SO9-9,3,unts as described in PO KP 08-24-01 and SO566-4 on 09-01-09 Intervi
R1,Table 9-9,3,"Staff Relations Act (the Act). Diskette Table 2-10.zip (the ""old diske"
R1,Martin 9-9-9,2,homas Mahon 166-02-37635 William-Gerald Martin 166-02-37636 William-Gerald Mart
R1,F9-9,2,accounting designation for positions of F1-02 and higher. … 18. T
R1,Feb9/9,2,b 19/09 because it stated it was closed Feb20/09. I called and spoke
R1,Circular 9-9,2,"s introduced as an exhibit (Information Circular 97-1, February 26, 1997;"
R1,Nos.9-9-9,2,"d (Veterans Affairs Canada), PSSRB File Nos.166-02-27472 and 27975 (19990513"
R1,LAB-9-9,2,"’s discrimination grievance, DND file # LAB-06-01-HAFY-00100-0211 be "
R1,From 9-9,2,"r. Tobin’s work history was as follows: From 1982-1985, he was employed as"
R1,January 9/9,2," a Friday night disciplinary meeting on January 20/2006;” see Exhibit E3, T"
R1,Heidinger 9-9-9,2,ett Don Burns David Gray Dan Jones Evan Heidinger 561-02-415 and 597-02-5 Profes
R1,Roy 9-9-9,2,ounsel Geoffrey Grenville-Wood Isabelle Roy 561-02-416 and 597-02-6 Profes
R1,PWGSC 9-9,2,r. Marshall to several sections of the “PWGSC 2006-2007 Departmental Perfor
R1,Aug 9/9,2,on deleted] and Meetings that Followed! Aug 5/09: 14:00 meet with Sh
R1,Codes 9/9,2,"r Employees in the Correctional Groups, Codes 601/99 and 651/99 with an "
R1,Code 9/9,2,llective agreement between the parties (Code 401/90; Expiry Date: Octob
R1,On 9-9,2," was 6% of my salary then; i.e. $4,495. On 2000-01 I worked for the fu"
R1,Decision 9-9-9,2,"ry 16, 2004. 36. In analyzing the PSSRB Decision 166-2-29044, it is clear that M"
R1,CX9-9,2,"Supervisory) bargaining units. Diskette CX1-2.xls, CX3-1.xls (the"
R1,Y-9-9,2,"was authorized at 3%. {Exhibit B – Form Y-280-1, Addendum to the Em"
R1,Following 9/9,2,", the results might be far more tragic. Following 9/11, the union was tryi"
R1,Pages 9-9,2,djudicator of the PSSRB: [Translation] [Pages 129-130] … … It’s incredibl
R1,Council 9-9,2,"n Council of January 15, 2008 (Order in Council 2008-0007) terminating Ms Kee"
R1,S.S. 9-9,2,"d by the Saskatchewan Police Act, 1990, S.S. 1990-91, c. P-15.01. The Co"
R1,EGs 9-9,2," received calls about matters involving EGs 318-02, 318-06, 318-09, an"
R1,Mar.9/9,2,office. She has been accommodated since Mar.31/14. I asked Jacqueline
R1,Jan.9/9,2,s an interpersonal conflict incident on Jan.9/14 however as stated p
R1,PC 9-9,2,"ng grounds. [47] Under order in council PC 2000-1135, dated July 22, 200"
R1,Jan. 9-9,2,"2, 2016 Orientation to Refund Integrity Jan. 5-8, 2016 HQ1083-000 Pe"
R1,FPSLREB 9-9-9,2,018 Exchange of Information meeting for FPSLREB 771-02-39441 & 771-02-39428. Man
R1,Sept. 9/9,2,"old VX-3 2.5-8x36, $540 each, purchased Sept. 21/11 by Marraty). I was "
R1,Nov. 9/9,2,d [sic] as a “range finder” … purchased Nov. 17/11 … for $940 (pre tax
R1,Room 9-9,2,"0, I.T.7-12, CELD, LA, PE 6-7, Resource Room 10-12 and was the I.T. la"
R1,G.A.A. 9-9,2,"anLII 96500, and Glenn Dale Curry,ALTA. G.A.A. 2010-009. 228 Callan v. Sunc"
R1,NCR-9-9,2,". 5.9(2) of the Aeronautics Act, issued NCR-053-2016 in the public inter"
R1,August 9/9,2, be for the period of September 1/12 to August 31/15. She also asked how
R1,PC-9-9,2,"e October 1, 2018, per Order in Council PC-2008-1061. This move constitu"
R1,Directive 9-9-9,2,"orcement agencies, which are covered in Directive 4-6-9 Open-source Informa"
R1,P.C. 9-9/9,2," as amended by these Orders in Council: P.C. 1966-37/2106 of November 10, 196"
R1,For 9-9,2," continued to be made at the same rate. For 2016-2017, he was assessed at"
R1,GR-9-9,2,he basis of medical condition (File No. GR-2024-002) has now been revie
R1,Period 9-9-9,2,sulted in an overpayment of $532.94 Net Period 2016-05-19 to 2016-06-01 in fi
R1,Her 9-9,2,the go kits are for the national level. Her 2009-2010 performance assessm
R1,Saskatoon 9-9-9,2,"estionnaire, Évaluation et intervention Saskatoon 575-02-30 Correctional Servic"
R1,Mountain 9-9-9,2,"aire, Évaluation et intervention Stoney Mountain 572-02-30 Correctional Servic"
R1,Creek 9-9-9,2,"ograms - Gestionnaire, Programmes Maple Creek 572-02-30 Correctional Servic"
R1,Cache 9-9-9,2,"aire, Évaluation et intervention Grande Cache 572-02-30 Correctional Servic"
R1,John 9-9-9,2,ents de libération conditionnelle Saint John 572-02-30 Correctional Servic
R1,Drummond 9-9-9,2,"estionnaire, Évaluation et intervention Drummond 572-02-30 Correctional Servic"
R1,Joint 9/9,2,ains improvements in a number of areas: Joint 50/50 Steering Committee 
R1,MAN 9-9,2,"t, Ms. Donna Martin, filed a grievance, MAN 2010-257, with her employer,"
R1,Gaulin 9-9-9,2,6-33-682 Dany Gallant 566-33-683 Hélène Gaulin 566-33-684 Hélène Gaulin 566-3
R1,KP9-9,2,"al penalty. 15 There are ""Post Orders"" (KP08-24.01, dated ""2008-10-"
R1,KP9-9-9,2,"r contravention of CD 566-4, Post Order KP08-24-1, Standing Order 566"
R1,Nov.9/9,2,"k related activities during this period Nov.10/2010 to Jan.9/ 2011"" (si"
R1,Demers9-9-9,2,Bourgeois166-2-31543 166-2-31556 Gaétan Demers166-2-31544 166-2-31558 Michel 
R1,Roy9-9-9,2,-2-31550 Maxime Ranger166-2-31551 Mario Roy166-2-31552 166-2-31564 Stephen
R1,Robert9-9-9,2,"ALEEMUDDIN, Mohammad166-2-31643 NORRIS, Robert166-2-31644 SHONIKER, Michael16"
R1,Francine9-9-9,2,"-2-32793 WILCOX, Linda166-2-32976 CÔTÉ, Francine166-2-32978 FERRI, Gloria Franc"
R1,Wayne9-9-9,2,"31120 DWYRE, T. Edward166-2-31121 NOTT, Wayne166-2-31122 Brunet, Pierre L.16"
R1,Paul9-9-9,2,"2 Brunet, Pierre L.166-2-31123 TESSIER, Paul166-2-31124 MCCANN, Tim Scott16"
R1,ERC 9-9-9,2,"rnal Review Committee (ERC), decided in ERC 3300-97-008 (G-208) and ERC 330"
R1,Year 9-9,2, shortage of inspectors existed. Fiscal Year 2007-2008 The employer’s evid
R1,NO. 9-9-9,2,ATION FOR EXTENSION OF TIME (PSSRB FILE NO. 149-2-249) [6] The applicatio
R1,FPLSLREB 9-9-9,2,"ation filed by CUPE (FPSLREB 542-02-08, FPLSLREB 542-02-09 and FPLSLREB 542-02"
R1,Assets 9/9,2,"s read as follows: “Met all Essentials, Assets 7/7. Ability Q1 = 3/4”."
R1,D.O. 9/9,2," have the same understanding; if you’re D.O. 24/7, you’re operating w"
R1,Michel 9-9-9,1,"alarneau, Hélène 566-02-123 Desjardins, Michel 566-02-124 Gauthier, André 566"
R1,Raymond 9-9-9,1,"150 Percy, Joëlle 566-02-151 Perreault, Raymond 566-02-152 Rolland, Richard 56"
R1,Richard 9-9-9,1," Perreault, Raymond 566-02-152 Rolland, Richard 566-02-153 Tremblay, Danny 566"
R1,Danny 9-9-9,1,"2 Rolland, Richard 566-02-153 Tremblay, Danny 566-02-154 Charbonneau, Franço"
R1,Sonia 9-9-9,1,"168 L’Italien, André 566-02-224 Alarie, Sonia 566-02-225 Sénécal, Pierre 566"
R1,Pierre 9-9-9,1,"2-224 Alarie, Sonia 566-02-225 Sénécal, Pierre 566-02-226 Langlois, Jean 566-"
R1,Jean 9-9-9,1,"25 Sénécal, Pierre 566-02-226 Langlois, Jean 566-02-227 Lecault, Jean-Pierr"
R1,Apr. 9/9,1,1) that read as follows: “Pregnant. EDC Apr. 6/07. History of incompe
R1,In 9/9,1,"had, in fact, taken the vacation leave. In 2004/05 your annual allotme"
R1,Ti 9/9,1,Canada (Attorney General) CHRT File No. Ti 266/7807 is ultimately hande
R1,JUNE 9-9,1,A President grilled by Senate Committee JUNE 19-06 Testimony … Senator
R1,Board 9-9,1,"pliance Review: Immigration and Refugee Board 2805-60/J2, June 1, 2001 (C"
R1,D.T. 9/9,1,"an Rights Tribunal, in Patricia Butler, D.T. 12/02, stated that the em"
R1,G9-9,1,CAPE. The attachments above and another G1-304 have denied me this
R1,No 9/9,1,"kers Union, Local No. 592 et al., BCLRB No 393/84, (1985) 8 CLRBR (NS"
R1,Name 9-9,1,-Chairperson PSSRB File No.Grievor Last Name 566-2-3470TIMSON 566-2-34
R1,LOAN 9/9,1,D (Gross) RRSP LIQUIDATED (After taxes) LOAN 2003/2004 $12 000 2005 $29 20
R1,T9-9,1,nterest in an acting appointment to the T1-07 Senior Marine Safet
R1,Dec. 9/9,1,t ratify the offer and CAPE withdrew on Dec. 21/10. 3. Discriminated a
R1,No.9-9,1,flected that interpretation in Bulletin No.2006-11 (5). In other words
R1,SOR-9/9,1," Service Staffing Tribunal Regulations, SOR-2006/6 (the Regulations). "
R1,PS9-9,1,onflict. The question reads as follows: PS3-2 (Interview) Describ
R1,Ansari 9-9-9,1,err Geoff Kendell Stephen Y. Lee Siddiq Ansari 561-02-409 and 597-02-2 Profes
R1,Director 9-9,1,"lic sector. Host: Alan Couzens, Project Director 1300-1400 Attended Mapeley Lo"
R1,Operations 9-9,1,sharing. Host: Peter Jones; Director of Operations 1400-1545 Procurement related
R1,President 9-9,1," outsourcing Host: Charles Hughes, Vice President 0930-1400 Procurement related"
R1,Policy 9-9,1,Development Policy; Purchasing & Supply Policy 1400-1500 Attended Land Secur
R1,Value 9/9,1,Balance Salary April/substantive Dollar Value 2000/01 0 112.5 67.5 45 $30
R1,Nov. 9-9,1,ly often). She stayed over the weekend (Nov. 11-12) in Paris (apparent
R1,Operations 9/9,1,"tepad”: on receipt of a call by the PPP Operations 24/7 line, the Intellige"
R1,Mon 9-9-9,1,about my e-Mail that I had sent to her (Mon 2004-01-26 3:23 PM). She had m
R1,HC-9-9,1,"er in the following terms: 1. Grievance HC-466-351, which was to be he"
R1,N9-9,1," January 2004 that Mr. Cross’ position, N1299-1653, be reclassified to"
R1,Regulation 9-9,1,"ulations”) (Exhibit G-5), New Brunswick Regulation 84-175 (O.C. 84-607), read"
R1,O.C. 9-9,1," G-5), New Brunswick Regulation 84-175 (O.C. 84-607), reads as follow: "
R1,Gravel 9-9-9,1,34233 Michel Gonnin 166-02-34234 Gaétan Gravel 166-02-34235 Robert Lévesque 166
R1,Mapachee 9-9-9,1,5 Robert Lévesque 166-02-34236 Stéphane Mapachee 166-02-34237 Sébastien Parent 16
R1,Mar 9/9,1," - Jan 26/04 letter of layoff effective Mar 1/04, grievance dated Fe"
R1,N-9-9,1,"rp v. Letter Carriers’ Union of Canada (N-27-04) (1989), 1 L.A.C. ("
R1,Chapter 9-9,1,the granting of sick leave are found in Chapter 3-1 (Exhibit E-21) wher
R1,MANUAL 9-9-9,1,ual reads: “EMPLOYEE CLOTHING REFERENCE MANUAL 1995-08-01 INTRODUCTION This m
R1,Grievors 9-9,1,"heduled to end on July 1, 2002. 10. The Grievors 2001-2002 one year contract e"
R1,LOCAL 9-9,1,"and CANADIAN UNION OF PUBLIC EMPLOYEES, LOCAL 4266-05, PUBLIC SERVICE ALL"
R1,Paragraph 9-9,1, of the employer or the slaughterhouse. Paragraph 24-04(b)(v) is clear. [20
R1,Bulletin 9/9,1, further stated that the Treasury Board Bulletin 001/03 and the DGER Bullet
R1,Exclusion 9-9,1,ription Geographic Location Grounds for Exclusion 572-08 107 National Film B
R1,Dossier 9-9-9,1,"n ou de confiance Annex - Annexe File - Dossier 572-02-44, 572-02-P2 PSLRB Re"
R1,Lamarche 9-9-9,1,e Staff Relations Act Complainant: Réal Lamarche 561-34-29 Further to your let
R1,Bulletin 9-9-9,1,roup members. [Exhibit C – Compensation Bulletin 2002-7-3/HR-P17 and Annex A 
R1,Nos 9-9-9,1,ral – Correctional Services) PSSRB File Nos 149-02-236 & 166-02-31767 the 
R1,Sure. 9-9,1," as well, what it is? Mr. Morgan: Okay. Sure. 37-04 - - article 37 - - "
R1,S9-9,1,"e thoroughly examined the work descript S1-0010, Real Estate Apprai"
R1,Board. 9/9,1, was not aware of the existence of your Board. 2006/12 — Employer promised
R1,CHRC. 9/9/9,1,"sation, please call Courtney Powless of CHRC. 2007/11/5— I filed another co"
R1,PSLRB. 9/9/9,1,… 2008/01/11 — I filed a complaint to … PSLRB. 2008/01/14 — Susan Mailer of P
R1,Grievor 9-9-9,1,"et, Adjudicator APPENDIX PSLRB File No. Grievor 166-02-32950 Boudreau, Debbie R."
R1,FileNo. 9-9-9,1,"tion Group – Technical Category), PSSRB FileNo. 181-02-99 (19790601). Duties "
R1,Section 9-9,1,aches of discipline or misconduct under Section 11-2(g) of the Financial
R1,LOU-9-9,1,inclusion of familiarization within the LOU-04-5 and hereby requests
R1,OCAQ 9-9,1,or's claim for the reimbursement of the OCAQ 2000-2001 annual membership f
R1,CF 9-9,1,Age N Mean Std Dev Minimum Maximum Male CF 20-29 29 6:31 0:47 5:05 9
R1,G-9-9,1, of offer provided in evidence (Exhibit G-43-1) indicates that she
R1,Montreal 9-9,1," Gougeon & Frères ltée (16 April 1992), Montreal 500-09-0010902T-543 (C.A. "
R1,Yearbook 9-9,1,"'s Perspective"" from Labour Arbitration Yearbook 2001-2002, Volume I. The arti"
R1,Ref. 9-9,1,rieve management’s letter of discipline Ref. 6007-1 (BCEO) 18 Oct. 2002
R1,STTP 9-9-9,1," postiers du Canada (grief de Larouche, STTP 390-95-00751, Arb. Morin), [1999"
R1,SNS 9-9,1,"t out in the Workers’ Compensation Act, SNS 1994-95, c 10 (“WCA”). The "
R1,TSDMB-9-9,1,on: Protection of Taxpayer Information (TSDMB-2013-055) states: Care must 
R1,ISD 9-9,1,"mation in the EDP binder indicates that ISD 318-02, on energy and wate"
R1,May 9-9/9,1,th regard to my latest neck issues from May 13-26/14 and when its availa
R1,Feb. 9/9,1,"ummarizing the conversation states, “On Feb. 4/14 she went to the Wat"
R1,Feb.9/9,1,ment complaint against Darren Gaudet on Feb.4/14.” Attached to your 
R1,TE 9-9,1,ir that he would be moving into cubicle TE 04-225. Blair seemed happy
R1,Roadmap 9-9,1,e “Finance and Administration Strategic Roadmap 2015-16 to 2018-19” in evid
R1,PRG-9-9,1, violated the 2012 Operational Bulletin PRG-2012-46 (Unmanned Border) e
R1,ORS 9-9,1," 26 2014 (K143) and on October 2, 2014 (ORS 3520-2014-K003). … [57] The g"
R1,PREA 9/9,1," 30 to May 9, 2015 (increment date from PREA 2014/2015 effective May 10, 2"
R1,Apr. 9-9,1,"earning Event Date Self Study - GST/HST Apr. 27-30, 2015 Orientation t"
R1,HQ9-9,1,"tion to Refund Integrity Jan. 5-8, 2016 HQ1083-000 Penalties ETA Feb. "
R1,Feb. 9-9,1,"Jan. 5-8, 2016 HQ1083-000 Penalties ETA Feb. 9-11, 2016 The training "
R1,Dec. 9-9,1,"travelled twice more in May and June. … Dec. 16-18, 2015, “2 days” – D"
R1,Letter 9-9,1,"common to all managers from the Mandate Letter 2016-17, for your review, f"
R1,HQ-9-9,1,ou had filed two grievances: #484 and # HQ-14-022. Grievance #484 was
R2,Local 9,392,"Ltd. v. Canadian Brewery Workers Union, Local 304 (1980), 2"
R2,"Local 9,",20," v. Canadian Union of Public Employees, Local 4705, (2003) 11"
R2,Local 9-9,15,"Inc. v. United Steelworkers of America, Local 13571-7 (2005), 1"
R2,"Locals 9, 9",8,"nada) Limited v. Canadian Auto Workers, Locals 4215, 144 and 4278 (2004), 1"
R2,[9] CIRB no,7," in Wilson v. ADM Agri-industries Ltd., [2000] CIRB no. 99, as c"
R2,9 di 9,6," ” (Latrémouille v. Union des Artistes, 50 di 197; citing G"
R2,9-9-9,6,"blic Service Alliance of Canada et al., 161-02-687 (1993) (Q"
R2,"dated June 9,",6,"2004 12. Greg Jones v. Treasury Board , dated June 3, 2005 13. Robert B"
R2,"at page 9],",5,". Public Service Staff Relations Board, at page 100], and approved by de Grandpre J. in his r"
R2,Local P9,5,"d. v. Canadian Food and Allied Workers, Local P139 (1980), 2"
R2,"Local 9, PSSRB",5,"ited Food and Commercial Workers Union, Local 864, PSSRB File No. 125-18-7"
R2,at para 9,5,"man Rights Commission v. Simpson Sears, at para 28). 48 It i"
R2,"Local 9, [9]",4,"ongshoremen’s and Warehousemen’s Union, Local 500, [1993] CLRB no. 1029. 23"
R2,dated 9 9,4,"arois and A. Hubert v. Treasury Board , dated 2004 5. Sharon R"
R2,"dated May 9,",4,"mployees Association v. Treasury Board, dated May 19, 1999 (PSSRB Fi"
R2,Locals 9-9,4," v. Canadian Union of Public Employees, Locals 905-20 (Hourly),"
R2,[9] CLRB no,3,"in v. Canadian Union of Postal Workers, [1997] CLRB no. 1216; an"
R2,at page 9,3,"ion of Provincial Employees v. Alberta, at page 13. 150 The "
R2,Chemical and Allied,3,"rmaceutical Services Ltd. v. Teamsters, Chemical and Allied Workers, Local 424 (Overtime"
R2,Local 9-M,3,"hic Communications International Union, Local 525-M (1998), 7"
R2,Local 9-B,3,"d. v. Graphic Arts International Union, Local 28-B (1980), 2"
R2,Local 9-R,3,"ital Group v. United Nurses of Alberta, Local 121-R (1994), 4"
R2,[9] OLRB Rep,3,"n v. Ministry of Correctional Services, [2003] OLRB Rep. March/Ap"
R2,Locals 9 and,3,"ted Food and Commercial Workers Canada, Locals 175 and 633 (2003), 1"
R2,PSSRB files 9-9-9,3,"ard decisions, Giroux v. Health Canada, PSSRB files 161-2-825 and 826 (1999) (Q"
R2,PSSRB file 9-9-9,3,"n v. Public Service Alliance of Canada, PSSRB file 161-2-739 (1995) (Q"
R2,[9] 9,3,"e and Liberty v. National Energy Board, [1978] 1. S.C.R. 3"
R2,"Local 9, 9",2,"ces Administration Board v. O.P.S.E.U., Local 324, 2003 SCC42 Demers v. Deputy H"
R2,Loc 9,2," River Hospital Corp. v. C.A.W.-Canada, Loc 302 (Re),[200"
R2,District 9,2," Secondary School Teachers’ Federation, District 25 (2006), 1"
R2,Energy and Paperworkers,2,"65, and Petro-Canada v. Communications, Energy and Paperworkers Union, Local 593 (2004), 1"
R2,Local 9A,2," v. United Food and Commercial Workers, Local 373A (1998), 7"
R2,Local 9/9,2,". v. Public Service Alliance of Canada, Local 05/21081 (2008), 1"
R2,Lodge 9,2,"n. of Machinists and Aerospace Workers, Lodge 1547 (Stone) ("
R2,section locale de,2,"acy c. Syndicat des pompiers du Québec, section locale de Sorel, 2002 T.A. AZ-02142"
R2,Radio and Machine,2,"llips Cables Ltd. v. United Electrical, Radio and Machine Workers, Local 510 (1977), 1"
R2,Paper and Woodworkers,2,"48; and Tembec Industries Inc. v. Pulp, Paper and Woodworkers of Canada, Local 15 (Flanders"
R2,9 PSST 9at,2,"v. Deputy Minister of National Defence, 2006 PSST 0008at para. 49). 14 "
R2,9–9–9,2,"2–14640 (1985) (QL); Reekie v. Thomson, 161–02–855 (1998) (Q"
R2,Board file 9-9-9,2,"d v. Public Service Alliance of Canada, Board file 161-2-775 (1995) (Q"
R2,9-9-9 and 9,2,", as did the former Board (PSAC v. NCC, 142-29-312 and 313 and Parks Canada Agency v. PIPSC, 2"
R2,"dated November 9,",2,"lletier v. Attorney General of Canada , dated November 18, 2005 3. William "
R2,"dated September 9,",2,"er 18, 2005 3. William Burrow v. CCRA , dated September 7, 2005 4. M. Maroi"
R2,9,2," Power Commission of Ontario 57 CLLC 18,080 (O.L.R.B."
R2,"Extermination 9/9, [9]",2,"of discretion (see Meunier c. Luc Jean, Extermination 7/24, [2000] D.T.T.Q. no. 118)"
R2,[9] CIRB No.9,2,"e v. Canadian National Railway Company, [2004] CIRB No.276. 87 When "
R2,supra 9,2,"ck v. O'Leary, supra Vaughan v. Canada, supra 19. One can "
R2,PSSRB File No.9-9-9,2,"ar to those in Sophocleous v. Pascucci, PSSRB File No.161-02-861 (19981021"
R2,Federal Court file,2,"ever, I note that in Canada v. Rinaldi, Federal Court file T-761-96 (19970225"
R2,Board file 9‑9‑9,2,"rchant Service Guild v. Treasury Board, Board file 143‑02‑43 (19681210"
R2,9 C.L.L.C,2,"6; Huron Commodities Inc. v. Alexander, 2019 C.L.L.C. para. 21"
R2,Local P‑9,2,"Canadian Food and Allied Workers Union, Local P‑162 (1976), ["
R2,9PSST9,2,"adian International Development Agency, 2009PSST0026. 58 The T"
R2,[9] 9.K.B,2,"] F.C.J. no 892 (Q.L.); Combe v. Combe, [1951] 2.K.B. 215 (C.A"
R2,[9] 9 di,2,"r v. Canadian National Railway Company, [1996] 102 di 121, CLRB Decision No. 1180; Ki"
R2,[9] 9 S.C.R.9,1,"Merchant Service Guild v. Gagnon et al.,[1984] 1 S.C.R.509; and Gend"
R2,Local 9-Unit 9,1,"uncil of University of Toronto v. CUPE, Local 3902-Unit 3 (2006), 1"
R2,Local 9B,1,"d. v. Graphic Arts International Union, Local 28B (1973), 2"
R2,"Local 9, I.L.W.U",1,"ancouver Harbour Employees Association, Local 517, I.L.W.U. (1974), "
R2,"Local 9, Chapter",1," Alberta Union of Provincial Employees, Local 42, Chapter 1 and 3 (1997), 5"
R2,paras 9 and,1," of Environment Canada. 2008 PSST 0004, paras 50 and 51). In this"
R2,[9] D.A.T.C,1," Cadieux c. Banque Nationale du Canada, [2006] D.A.T.C. no. 173;"
R2,Industrial and Textile,1,"g Canada Ltd. v. Union of Needletrades, Industrial and Textile Employees, Local 1350 (2005), 1"
R2,"Local 9R9,",1,"Commercial Workers International Union, Local 12R24, (2008) 16"
R2,"at para [9],",1,"d be noted that in Boutilier v. Canada, at para [45], Justice J. McGillis"
R2,SCC 9,1," jurisprudence (Vaughan v. Canada 2005, SCC 11) has conf"
R2,9–9–9 and 9,1,"tion) (supra); Giroux v. Séquin et al., 161–02–825 and 826 (1999) (Q"
R2,Local 9–T,1,"mated Clothing & Textile Workers Union, Local 1070–T (1988), 1"
R2,Local I-9,1,"ucts Ltd. v. International Woodworkers, Local I-357 (1990), 1"
R2,"Local 9-9,",1,"ernational Workers of America - Canada, Local 1-184, (1996), 5"
R2,"[9] A.G.A.A., No",1,"y Association v. University of Calgary, [1999] A.G.A.A., No. 104. In "
R2,at paras 9-9,1,"ng agent's behalf. Cloutier v. Leclair, at paras 145-150. Further,"
R2,"PSSRB, 9/9",1,"n credits ( Rosekat v. Treasury Board , PSSRB, 09/05 ) and unde"
R2,"October 9, 9",1,"( Marois and Hubert v. Treasury Board , October 15, 2004; Grover v"
R2,"dated October 9,",1," National Research Councill of Canada , dated October 3, 2005 2. Jean Pel"
R2,"dated April 9,",1,"2004 11. H.A. Higgs v. Treasury Board , dated April 27, 2004 12. Greg Jon"
R2,"September 9, 9",1,"liam D. Constantini v. Treasury Board , September 3, 2004 15. Dave Dha"
R2,"dated August 9,",1,"4 15. Dave Dhaliwal v. Treasury Board , dated August 6, 2004 16. Gilles A"
R2,"March 9, 9",1," Gilles Alain Loyer v. Treasury Board , March 1, 2004 17. Solange "
R2,PSSRB file 9–9–9,1,"blic Service Alliance of Canada et al., PSSRB file 161–2–739 (1995) (Q"
R2,Board file 9–9–9,1,"n v. Public Service Alliance of Canada, Board file 161–02–725 (1995) (Q"
R2,"section locale 9,",1," et employés de métiers d'Hydro-Québec, section locale 1500, [1998] R.J.D.T; Eamor v."
R2,[9] 9 S.C.R.,1,"ospitalier Régina Ltée v. Labour Court, [1990] 1 S.C.R.; Savoury "
R2,Local 9 Re,1,"ts Ltd. v. Canadian Paperworkers Union, Local 1520 Re (1991), 1"
R2,9 CHRT9,1,"a-Carleton Regional Transit Commission, 2003 CHRT10; Coupal v"
R2,Division 9,1,"ilway Co. v. Amalgamated Transit Union, Division 107 (1977), 1"
R2,"Local 9,PSSRB File",1,"ited Food and Commercial Workers Union, Local 864,PSSRB File No. 150-18-3"
R2,Justice McLachlin states,1,"n at hand. In New Brunswick v. O’Leary, Justice McLachlin states as follows: 3. In the c"
R2,"CAW-Canada, Local 9,",1,"iths v. United Steelworkers of America, CAW-Canada, Local 101, [2002] CIRB no. 208; TY "
R2,section locale 9,1,"s des employées et employés de service, section locale 298 (F.T.Q.),"
R2,"May 9, 9",1,"er and North Island Transition Society, May 10, 2004). I was a"
R2,[9] F.C.R,1,"ourt of Appeal in Flewelling v. Canada, [1985] F.C.R. no. 1129"
R2,Energy & Allied,1,"ion Colour Corp. v. Teamsters Chemical, Energy & Allied Workers, Local 1880 (1998), 7"
R2,[9] S.C.C.A.,1," Canada v. National Capital Commission, [1996] S.C.C.A.. No. 99 ("
R2,PSSRB File Nos.9-9-9,1,"y v. Public Service Alliance of Canada, PSSRB File Nos.166-02-808 and 150-02-44 (19980427"
R2,Northgate Lodge 9,1,"on of Machinists and Aerospace Workers, Northgate Lodge 1579 (Switzer)"
R2,"unreported, May 9,",1,"ignes Aériennes Canadiennes v. Nordair, unreported, May 2, 1980 (Hartt), "
R2,"unreported, June 9,",1,"Hartt), and Bell Canada v. D.G.Farrell, unreported, June 7, 1985 (O'Shea)."
R2,"9, SCC 9",1,"Danyluk v. Ainsworth Technologies Inc., 2001, SCC 44. Counsel "
R2,Wood and Allied,1," Livingston Distribution v. Industrial, Wood and Allied Workers of Canada, Local 700, (2001), 9"
R2,9 CIRB no,1,"ciates v. Atomic Energy of Canada Ltd., 2001 CIRB no. 110). A "
R2,issued on November,1," its decision Dufour v. Treasury Board, issued on November 25, 2014 (file num"
R2,Local 9-9-9,1,"C. (4th) 152, Sifto Canada Inc. v. CEP, Local 37-0-2 (2005), 8"
R2,[9] 9 R.C.S,1,"l c. Directeur de l’Etablissement Kent, [1985] 2 R.C.S. at page "
R2,"Local 9 Canada,",1," Service Employees International Union, Local 1 Canada, (2015), 2"
R2,9SCC9,1,"an Ltd. v. Law Society of Upper Canada, 2004SCC13 (“CCH”), "
R2,Locals 9 &,1,"il Ltd. v. United Transportation Union, Locals 1778 & 1923 (1985), 2"
R2,and CFPA 9,1,"ze provisions (see PSAC v. Her Majesty, and CFPA 2014). E. The "
R2,[9]:,1,"referenced Jacmain v. Attorney General, [1978]: … … an ad"
R2,Local 9 &,1," Service Employees International Union, Local 1 & Ontario Nurses’ Association (2018), 2"
R2,as is apparent,1,"nada invokes the Dagenais-Mentuck test, as is apparent as follows at paragraph 39: [39] Proc"
R2,9 PSST at,1,"urke v. Department of National Defence, 2009 PSST at paras. 67 and 6"
R2,9-9 and 9-9,1," of Canada 2017 FCA 30 at paras. 34-40, 55-56 and 76-77. That doe"
R2,Local 9 at,1,", at para 10; See also Burns v. Unifor, Local 2182 at para 83) IV. No j"
R2,Local 9 of,1,"n General Hospital v. Flin Flon Nurses, Local 14 of the Manitoba Nurses’ Union (1992), 1"
R2,Transportation District Lodge,1,"e MTU Maintenance Canada Ltd. v. IAMAW, Transportation District Lodge 140 (2022), 3"
R2,9 CSHG para,1,"West Canadian Industries Group Limited, 2007 CSHG para. 95,527 a"
R2,9 unreported,1,"v. National Research Council of Canada, 2014 unreported (but avai"
R2,Local 9N,1," (QL); Moloney Electric Inc. v. Unifor, Local 55N (2015), 2"
R2,Local P-9,1,"Canadian Food and Allied Workers Union, Local P-162 (1976), ["
R2,PSST 9,1,"v. Deputy Minister of National Defence, PSST 0008. In this "
R2,FC File T-9-9,1,"rmed in Ahmad v. Canada Revenue Agency, FC File T-1122-13. 100 Seco"
R2,"9SCC9, Sierra Club",1,"p., [1994] 3 S.C.R. 835; R. v. Mentuck, 2001SCC76, Sierra Club of Canada v. Canada ("
R2,[9] 9 F.C.9,1,"Burchill v. Attorney General of Canada, [1981] 1 F.C.109 (C.A.). T"
R2,[9] A.J,1," at 300 per Lamer C.J.C.; R. v. Prasad, [2007] A.J. N0. 139 "
R2,"Local P-9, BCLRB",1,"Canadian Food and Allied Workers Union, Local P-162, BCLRB Decision No. 46/76 (Q"
R2,Local Sub‑Unit 9,1," for example, County of Oxford v. CUPE, Local Sub‑Unit 1146 (2003), 1"
R2,"[9] F.C.A., at",1,"ished. See Lincoln v. Bay Ferries Ltd., [2004] F.C.A., at para. 22. 42If"
R2,9FCA 9,1,"Alliance of Canada v. Senate of Canada, 2011FCA 214; Tuckett-"
R2,PSLRB file number,1," Control Association v. Treasury Board, PSLRB file number 169-2-525, Hill v. Transpor"
R2,"FCA, at page",1,"ees in order to do so. (PSAC v. Canada, FCA, at page 7; The Atto"
R2,"9, at para",1,"f the Public Service v. Treasury Board, 2009, at para 85). By prop"
R2,Wholesale Department Store,1,"), 195 L.A,C, (4th) 334; Bay v. Retail, Wholesale Department Store Union, Local 1000 (1990), 1"
R2,"Local 9, Metal",1,", B.C. Rail Ltd. v. United Association, Local 170, Metal Trades Division (2004), 1"
R2,Federal Court of,1," Lily Kampman v. Her Majesty the Queen, Federal Court of Appeal file A-84-92. Reasons "
R2,Food & Allied,1,"ystown) Ltd. v. Newfoundland Fisherman, Food & Allied Workers, Local 1245 (1979), 2"
R2,"Local 9, unreported,",1," v. Canadian Union of Public Employees, Local 2081, unreported, November 15, 1999 (Germaine"
R2,"[9], F.C.R",1,"nied. Case cited:Flewwelling v. Canada, [1985], F.C.R. no. 1129"
R2,"unreported, decided on",1,". Public Service Staff Relations Board, unreported, decided on December 10, 1985: The feder"
R2,A-9-9],1,"e Alliance of Canada v. Treasury Board, A-557-86]. In the i"
R2,"supra, it held",1,"d v. Public Service Alliance of Canada, supra, it held the following at page 1005: . . . the "
R2,[9] 9 S.C.R,1,". Human Rights Comm. v. Simpsons Sears, [1985] 2 S.C.R. 536at 55"
R2,New Westminster Newspaper,1," 82 In Pacific Press Ltd. v. Vancouver, New Westminster Newspaper Guild, Local 115 (1980),27"
R2,Beothuck Lodge 9,1,"on of Machinists and Aerospace Workers, Beothuck Lodge 1763 (2001), 7"
R2,9 PSLRB 9at,1,"zed in Cooper v. Canada Revenue Agency, 2009 PSLRB 160at para. 41, it i"
R2,9PSLREB 9,1,"; and Campbell v. Canada Revenue Agency,2016PSLREB 66. In those"
R2,CanLII 9 9,1," in Elizabeth Bernard v. Cecilia Close, CanLII 2017 54653 (SCC). II"
R2,"Local 9,[9] OLRB",1,"fers me to Nedelkopoulos v. CAW-Canada, Local 222,[2006] OLRB Rep. Jan/Feb "
R2,9 PSST9 at,1,"Jolin v. Deputy Head of Service Canada, 2007 PSST11 at para. 43, note"
R2,"unreported, released February",1,"mentary Teachers Federation of Ontario, unreported, released February 28, 2008. 57 Arbit"
