code_en,code_fr,canlii_database_id,verification_status,evidence,note,added_by,added_date,old_status,new_status,evidence_pairs,evidence_note
CAF,FCA,fca,candidate_endpoint_pair,databaseId=fca; jurisdiction=CA; en=FCA; fr=CAF,同库 en+fr 端点配对——仅候选；共享 databaseId 不构成身份授权；升级须本地显式同案双语证据,decisions/tools/build_bilingual_neutral_codes.py (deterministic),2026-09-13,candidate_endpoint_pair,verified_explicit_equivalence,1304,SCC 双语判决英法两版同年同号对齐 1304 次（audit/bilingual_abbrev_alignment.py）。2025 SCC 18 等：英文 FCA / 法文 CAF 同位置
CF,FC,fct,unverified_same_db_en_only,databaseId=fct; jurisdiction=CA; 同语言端点(en)；佐证引证年代相交([2026])——无法据库/年/号判定,同库但无跨语言端点配对，保持未核实,decisions/tools/build_bilingual_neutral_codes.py (deterministic),2026-09-13,unverified_same_db_en_only,verified_explicit_equivalence,706,SCC 双语判决英法两版同年同号对齐 706 次（audit/bilingual_abbrev_alignment.py）。
CCI,TCC,cci-tcc,candidate_endpoint_pair,databaseId=cci-tcc; jurisdiction=CA; en=TCC; fr=CCI,同库 en+fr 端点配对——仅候选；共享 databaseId 不构成身份授权；升级须本地显式同案双语证据,decisions/tools/build_bilingual_neutral_codes.py (deterministic),2026-09-13,candidate_endpoint_pair,verified_explicit_equivalence,125,SCC 双语判决英法两版同年同号对齐 125 次（audit/bilingual_abbrev_alignment.py）。
NBBR,NBQB,nbkb,unverified_same_db_en_only,databaseId=nbkb; jurisdiction=NB; 同语言端点(en)；佐证引证年代相交([2017])——无法据库/年/号判定,同库但无跨语言端点配对，保持未核实,decisions/tools/build_bilingual_neutral_codes.py (deterministic),2026-09-13,unverified_same_db_en_only,verified_explicit_equivalence,82,SCC 双语判决英法两版同年同号对齐 82 次（audit/bilingual_abbrev_alignment.py）。
CACM,CMAC,cmac-cacm,candidate_endpoint_pair,databaseId=cmac-cacm; jurisdiction=CA; en=CMAC; fr=CACM,同库 en+fr 端点配对——仅候选；共享 databaseId 不构成身份授权；升级须本地显式同案双语证据,decisions/tools/build_bilingual_neutral_codes.py (deterministic),2026-09-13,candidate_endpoint_pair,verified_explicit_equivalence,69,SCC 双语判决英法两版同年同号对齐 69 次（audit/bilingual_abbrev_alignment.py）。
CHRT,TCDP,chrt,candidate_endpoint_pair,databaseId=chrt; jurisdiction=CA; en=CHRT; fr=TCDP,同库 en+fr 端点配对——仅候选；共享 databaseId 不构成身份授权；升级须本地显式同案双语证据,decisions/tools/build_bilingual_neutral_codes.py (deterministic),2026-09-13,candidate_endpoint_pair,verified_explicit_equivalence,31,SCC 双语判决英法两版同年同号对齐 31 次（audit/bilingual_abbrev_alignment.py）。
NBCP,NBPC,nbpc,unverified_same_db_en_only,databaseId=nbpc; jurisdiction=NB; 同语言端点(en)；佐证引证年代相交([2011])——无法据库/年/号判定,同库但无跨语言端点配对，保持未核实,decisions/tools/build_bilingual_neutral_codes.py (deterministic),2026-09-13,unverified_same_db_en_only,verified_explicit_equivalence,12,SCC 双语判决英法两版同年同号对齐 12 次（audit/bilingual_abbrev_alignment.py）。
CFPI,FCT,,,,,,,(无此行),verified_explicit_equivalence,89,SCC 双语判决英法两版同年同号对齐 89 次（audit/bilingual_abbrev_alignment.py）。
SCTC,TRPC,,,,,,,(无此行),verified_explicit_equivalence,16,SCC 双语判决英法两版同年同号对齐 16 次（audit/bilingual_abbrev_alignment.py）。
OHSTC,TSSTC,,,,,,,(无此行),verified_explicit_equivalence,8,SCC 双语判决英法两版同年同号对齐 8 次（audit/bilingual_abbrev_alignment.py）。
CRTFP,PSLRB,,,,,,,(无此行),verified_explicit_equivalence,7,SCC 双语判决英法两版同年同号对齐 7 次（audit/bilingual_abbrev_alignment.py）。
CCRI,CIRB,,,,,,,(无此行),verified_explicit_equivalence,6,SCC 双语判决英法两版同年同号对齐 6 次（audit/bilingual_abbrev_alignment.py）。
NBBR,NBKB,nbkb,rejected_renamed_code,databaseId=nbkb; jurisdiction=NB; 同语言端点(en)；佐证引证年代不相交（[2017] vs [2026]）——属改名/时代转换代码,改名/时代转换代码对，不得因同库同年同号当成双语代码,decisions/tools/build_bilingual_neutral_codes.py (deterministic),2026-09-13,rejected_renamed_code,verified_explicit_equivalence,7,SCC 双语判决英法两版同年同号对齐 7 次（audit/bilingual_abbrev_alignment.py）。2025 SCC 18/27/36：英文 2024 NBKB 2、2023 NBKB 4、2023 NBKB 72 / 法文同处 NBBR；NBBR 新旧两代英文码都对应
