code_en,code_fr,canlii_database_id,verification_status,evidence,note,added_by,added_date
ABCJ,ABPC,abcj,rejected_renamed_code,databaseId=abcj; jurisdiction=AB; 同语言端点(en)；佐证引证年代不相交（[2026] vs [2017]）——属改名/时代转换代码,改名/时代转换代码对，不得因同库同年同号当成双语代码,decisions/tools/build_bilingual_neutral_codes.py (deterministic),2026-09-13
ABKB,ABQB,abkb,rejected_renamed_code,databaseId=abkb; jurisdiction=AB; 同语言端点(en)；佐证引证年代不相交（[2026] vs [2017]）——属改名/时代转换代码,改名/时代转换代码对，不得因同库同年同号当成双语代码,decisions/tools/build_bilingual_neutral_codes.py (deterministic),2026-09-13
BCITAB,BCSTAB,bcitab,rejected_renamed_code,databaseId=bcitab; jurisdiction=BC; 同语言端点(en)；佐证引证年代不相交（[2014] vs [2026]）——属改名/时代转换代码,改名/时代转换代码对，不得因同库同年同号当成双语代码,decisions/tools/build_bilingual_neutral_codes.py (deterministic),2026-09-13
CACM,CMAC,cmac-cacm,candidate_endpoint_pair,databaseId=cmac-cacm; jurisdiction=CA; en=CMAC; fr=CACM,同库 en+fr 端点配对——仅候选；共享 databaseId 不构成身份授权；升级须本地显式同案双语证据,decisions/tools/build_bilingual_neutral_codes.py (deterministic),2026-09-13
CAF,FCA,fca,candidate_endpoint_pair,databaseId=fca; jurisdiction=CA; en=FCA; fr=CAF,同库 en+fr 端点配对——仅候选；共享 databaseId 不构成身份授权；升级须本地显式同案双语证据,decisions/tools/build_bilingual_neutral_codes.py (deterministic),2026-09-13
CCI,TCC,cci-tcc,candidate_endpoint_pair,databaseId=cci-tcc; jurisdiction=CA; en=TCC; fr=CCI,同库 en+fr 端点配对——仅候选；共享 databaseId 不构成身份授权；升级须本地显式同案双语证据,decisions/tools/build_bilingual_neutral_codes.py (deterministic),2026-09-13
CF,FC,fct,unverified_same_db_en_only,databaseId=fct; jurisdiction=CA; 同语言端点(en)；佐证引证年代相交([2026])——无法据库/年/号判定,同库但无跨语言端点配对，保持未核实,decisions/tools/build_bilingual_neutral_codes.py (deterministic),2026-09-13
CF,FCT,fct,rejected_renamed_code,databaseId=fct; jurisdiction=CA; 同语言端点(en)；佐证引证年代不相交（[2026] vs [2002]）——属改名/时代转换代码,改名/时代转换代码对，不得因同库同年同号当成双语代码,decisions/tools/build_bilingual_neutral_codes.py (deterministic),2026-09-13
CHRT,TCDP,chrt,candidate_endpoint_pair,databaseId=chrt; jurisdiction=CA; en=CHRT; fr=TCDP,同库 en+fr 端点配对——仅候选；共享 databaseId 不构成身份授权；升级须本地显式同案双语证据,decisions/tools/build_bilingual_neutral_codes.py (deterministic),2026-09-13
CSC,SCC,csc-scc,verified_explicit_equivalence,court_or_reporter_scope.csv:source 「2014 CSC 7 = SCC 7」同案双语对应（本地决策资料）,本地显式同案双语证据升级；端点 https://api.canlii.org/v1/caseBrowse/fr/csc-scc/?offset=0&resultCount= | https://api.canlii.org/v1/caseBrowse/en/csc-scc/?offset=0&resultCount=,decisions/tools/build_bilingual_neutral_codes.py (deterministic),2026-09-13
CanLII,IIJCan,canlii,verified_explicit_equivalence,"CanLII 官方托管页同时出现两种 token 的同编号引证：2005 IIJCan 24709 (CanLII) (QC CS)（Sedona Canada Principles, https://www.canlii.org/en/commentary/doc/2008CanLIIDocs1）；Lexum 2013 论文：IIJCan 为 CanLII 法语旧称（2007 年弃用），https://lexum.com/wp-content/uploads/2016/10/2013-canlii-genevieve-leger-lexum.pdf","identifier 系统（CanLII 数据库）的法语旧称对；同编号=同一判决（官方托管页实证）。语料未见 IIJCan 引证——对为休眠，登记以完成系统定义",engineering lead (autonomous demo round),2026-09-13
FC,FCT,fct,rejected_renamed_code,databaseId=fct; jurisdiction=CA; 同语言端点(en)；佐证引证年代不相交（[2026] vs [2002]）——属改名/时代转换代码,改名/时代转换代码对，不得因同库同年同号当成双语代码,decisions/tools/build_bilingual_neutral_codes.py (deterministic),2026-09-13
FPSLREB,PSLREB,pslreb,rejected_renamed_code,databaseId=pslreb; jurisdiction=CA; 同语言端点(en)；佐证引证年代不相交（[2026] vs [2015]）——属改名/时代转换代码,改名/时代转换代码对，不得因同库同年同号当成双语代码,decisions/tools/build_bilingual_neutral_codes.py (deterministic),2026-09-13
MBKB,MBQB,mbkb,rejected_renamed_code,databaseId=mbkb; jurisdiction=MB; 同语言端点(en)；佐证引证年代不相交（[2026] vs [2017]）——属改名/时代转换代码,改名/时代转换代码对，不得因同库同年同号当成双语代码,decisions/tools/build_bilingual_neutral_codes.py (deterministic),2026-09-13
NBBR,NBKB,nbkb,rejected_renamed_code,databaseId=nbkb; jurisdiction=NB; 同语言端点(en)；佐证引证年代不相交（[2017] vs [2026]）——属改名/时代转换代码,改名/时代转换代码对，不得因同库同年同号当成双语代码,decisions/tools/build_bilingual_neutral_codes.py (deterministic),2026-09-13
NBBR,NBQB,nbkb,unverified_same_db_en_only,databaseId=nbkb; jurisdiction=NB; 同语言端点(en)；佐证引证年代相交([2017])——无法据库/年/号判定,同库但无跨语言端点配对，保持未核实,decisions/tools/build_bilingual_neutral_codes.py (deterministic),2026-09-13
NBCP,NBPC,nbpc,unverified_same_db_en_only,databaseId=nbpc; jurisdiction=NB; 同语言端点(en)；佐证引证年代相交([2011])——无法据库/年/号判定,同库但无跨语言端点配对，保持未核实,decisions/tools/build_bilingual_neutral_codes.py (deterministic),2026-09-13
NBCP,NBSM,nbpc,rejected_renamed_code,databaseId=nbpc; jurisdiction=NB; 同语言端点(en)；佐证引证年代不相交（[2011] vs [2026]）——属改名/时代转换代码,改名/时代转换代码对，不得因同库同年同号当成双语代码,decisions/tools/build_bilingual_neutral_codes.py (deterministic),2026-09-13
NBKB,NBQB,nbkb,rejected_renamed_code,databaseId=nbkb; jurisdiction=NB; 同语言端点(en)；佐证引证年代不相交（[2026] vs [2017]）——属改名/时代转换代码,改名/时代转换代码对，不得因同库同年同号当成双语代码,decisions/tools/build_bilingual_neutral_codes.py (deterministic),2026-09-13
NBPC,NBSM,nbpc,rejected_renamed_code,databaseId=nbpc; jurisdiction=NB; 同语言端点(en)；佐证引证年代不相交（[2011] vs [2026]）——属改名/时代转换代码,改名/时代转换代码对，不得因同库同年同号当成双语代码,decisions/tools/build_bilingual_neutral_codes.py (deterministic),2026-09-13
NFCA,NLCA,nlca,rejected_renamed_code,databaseId=nlca; jurisdiction=NL; 同语言端点(en)；佐证引证年代不相交（[2001] vs [2026]）——属改名/时代转换代码,改名/时代转换代码对，不得因同库同年同号当成双语代码,decisions/tools/build_bilingual_neutral_codes.py (deterministic),2026-09-13
NLSC,NLTD,nlsctd,rejected_renamed_code,databaseId=nlsctd; jurisdiction=NL; 同语言端点(en)；佐证引证年代不相交（[2026] vs [2011]）——属改名/时代转换代码,改名/时代转换代码对，不得因同库同年同号当成双语代码,decisions/tools/build_bilingual_neutral_codes.py (deterministic),2026-09-13
NSAARB,NSAWAB,nsawab,unverified_same_db_en_only,databaseId=nsawab; jurisdiction=NS; 同语言端点(en)；佐证引证年代相交([2026])——无法据库/年/号判定,同库但无跨语言端点配对，保持未核实,decisions/tools/build_bilingual_neutral_codes.py (deterministic),2026-09-13
NSEB,NSRAB,nsuarb,unverified_same_db_en_only,databaseId=nsuarb; jurisdiction=NS; 同语言端点(en)；佐证引证年代相交([2026])——无法据库/年/号判定,同库但无跨语言端点配对，保持未核实,decisions/tools/build_bilingual_neutral_codes.py (deterministic),2026-09-13
NSEB,NSUARB,nsuarb,rejected_renamed_code,databaseId=nsuarb; jurisdiction=NS; 同语言端点(en)；佐证引证年代不相交（[2026] vs [2019]）——属改名/时代转换代码,改名/时代转换代码对，不得因同库同年同号当成双语代码,decisions/tools/build_bilingual_neutral_codes.py (deterministic),2026-09-13
NSRAB,NSUARB,nsuarb,rejected_renamed_code,databaseId=nsuarb; jurisdiction=NS; 同语言端点(en)；佐证引证年代不相交（[2026] vs [2019]）——属改名/时代转换代码,改名/时代转换代码对，不得因同库同年同号当成双语代码,decisions/tools/build_bilingual_neutral_codes.py (deterministic),2026-09-13
ONCPO,ONPDT,oncpo,rejected_renamed_code,databaseId=oncpo; jurisdiction=ON; 同语言端点(en)；佐证引证年代不相交（[2025] vs [2026]）——属改名/时代转换代码,改名/时代转换代码对，不得因同库同年同号当成双语代码,decisions/tools/build_bilingual_neutral_codes.py (deterministic),2026-09-13
ONLSAP,ONLSHP,onlst,unverified_same_db_en_only,databaseId=onlst; jurisdiction=ON; 同语言端点(en)；佐证引证年代相交([2012])——无法据库/年/号判定,同库但无跨语言端点配对，保持未核实,decisions/tools/build_bilingual_neutral_codes.py (deterministic),2026-09-13
ONLSAP,ONLSTA,onlst,rejected_renamed_code,databaseId=onlst; jurisdiction=ON; 同语言端点(en)；佐证引证年代不相交（[2012] vs [2017]）——属改名/时代转换代码,改名/时代转换代码对，不得因同库同年同号当成双语代码,decisions/tools/build_bilingual_neutral_codes.py (deterministic),2026-09-13
ONLSAP,ONLSTH,onlst,rejected_renamed_code,databaseId=onlst; jurisdiction=ON; 同语言端点(en)；佐证引证年代不相交（[2012] vs [2026]）——属改名/时代转换代码,改名/时代转换代码对，不得因同库同年同号当成双语代码,decisions/tools/build_bilingual_neutral_codes.py (deterministic),2026-09-13
ONLSHP,ONLSTA,onlst,rejected_renamed_code,databaseId=onlst; jurisdiction=ON; 同语言端点(en)；佐证引证年代不相交（[2012] vs [2017]）——属改名/时代转换代码,改名/时代转换代码对，不得因同库同年同号当成双语代码,decisions/tools/build_bilingual_neutral_codes.py (deterministic),2026-09-13
ONLSHP,ONLSTH,onlst,rejected_renamed_code,databaseId=onlst; jurisdiction=ON; 同语言端点(en)；佐证引证年代不相交（[2012] vs [2026]）——属改名/时代转换代码,改名/时代转换代码对，不得因同库同年同号当成双语代码,decisions/tools/build_bilingual_neutral_codes.py (deterministic),2026-09-13
ONLSTA,ONLSTH,onlst,rejected_renamed_code,databaseId=onlst; jurisdiction=ON; 同语言端点(en)；佐证引证年代不相交（[2017] vs [2026]）——属改名/时代转换代码,改名/时代转换代码对，不得因同库同年同号当成双语代码,decisions/tools/build_bilingual_neutral_codes.py (deterministic),2026-09-13
PECA,PESCAD,pescad,rejected_renamed_code,databaseId=pescad; jurisdiction=PE; 同语言端点(en)；佐证引证年代不相交（[2026] vs [2005]）——属改名/时代转换代码,改名/时代转换代码对，不得因同库同年同号当成双语代码,decisions/tools/build_bilingual_neutral_codes.py (deterministic),2026-09-13
PESC,PESCTD,pesctd,rejected_renamed_code,databaseId=pesctd; jurisdiction=PE; 同语言端点(en)；佐证引证年代不相交（[2026] vs [2005]）——属改名/时代转换代码,改名/时代转换代码对，不得因同库同年同号当成双语代码,decisions/tools/build_bilingual_neutral_codes.py (deterministic),2026-09-13
PSDPT,TPFD,capsdpt,rejected_renamed_code,databaseId=capsdpt; jurisdiction=CA; 同语言端点(en)；佐证引证年代不相交（[2025] vs [2019]）——属改名/时代转换代码,改名/时代转换代码对，不得因同库同年同号当成双语代码,decisions/tools/build_bilingual_neutral_codes.py (deterministic),2026-09-13
QCBDR,QCBDRVM,qcbdrvm,rejected_renamed_code,databaseId=qcbdrvm; jurisdiction=QC; 同语言端点(en)；佐证引证年代不相交（[2015] vs [2007]）——属改名/时代转换代码,改名/时代转换代码对，不得因同库同年同号当成双语代码,decisions/tools/build_bilingual_neutral_codes.py (deterministic),2026-09-13
QCBDR,QCTMF,qcbdrvm,rejected_renamed_code,databaseId=qcbdrvm; jurisdiction=QC; 同语言端点(en)；佐证引证年代不相交（[2015] vs [2026]）——属改名/时代转换代码,改名/时代转换代码对，不得因同库同年同号当成双语代码,decisions/tools/build_bilingual_neutral_codes.py (deterministic),2026-09-13
QCBDRVM,QCTMF,qcbdrvm,rejected_renamed_code,databaseId=qcbdrvm; jurisdiction=QC; 同语言端点(en)；佐证引证年代不相交（[2007] vs [2026]）——属改名/时代转换代码,改名/时代转换代码对，不得因同库同年同号当成双语代码,decisions/tools/build_bilingual_neutral_codes.py (deterministic),2026-09-13
SKKB,SKQB,skkb,rejected_renamed_code,databaseId=skkb; jurisdiction=SK; 同语言端点(en)；佐证引证年代不相交（[2026] vs [2017]）——属改名/时代转换代码,改名/时代转换代码对，不得因同库同年同号当成双语代码,decisions/tools/build_bilingual_neutral_codes.py (deterministic),2026-09-13
TATCE,TATCF,tatc,candidate_endpoint_pair,databaseId=tatc; jurisdiction=CA; en=TATCE; fr=TATCF,同库 en+fr 端点配对——仅候选；共享 databaseId 不构成身份授权；升级须本地显式同案双语证据,decisions/tools/build_bilingual_neutral_codes.py (deterministic),2026-09-13
