citation_display,normalized_key,case_origin,deciding_court,source,source_locator,added_date
"(1888), 14 A.C. 46",188814ac46,CA,JCPC,CanLII ukpc（枢密院对加拿大上诉判决库，API v1 caseBrowse）,https://www.canlii.org/en/ca/ukjcpc/doc/1888/1888canlii209/1888canlii209.html（CanLII 标题「St. Catherine's Milling and Lumber Company v. The Queen」，1888）｜依据：本管线组案名「St. Catherine’s Milling [St. Catherine’s Milling and Lumber Co. v. The Queen」与 CanLII 标题双方对上、判决年 ∈ 报告年−2..报告年,2026-09-11
"(1888), 14 App. Cas. 46",188814appcas46,CA,JCPC,CanLII ukpc（枢密院对加拿大上诉判决库，API v1 caseBrowse）,https://www.canlii.org/en/ca/ukjcpc/doc/1888/1888canlii209/1888canlii209.html（CanLII 标题「St. Catherine's Milling and Lumber Company v. The Queen」，1888）｜依据：本管线组案名「St. Catharines Milling and Lumber Co. v. The Queen」与 CanLII 标题双方对上、判决年 ∈ 报告年−2..报告年,2026-09-11
[1896] A.C. 248,1896ac248,CA,JCPC,CanLII ukpc（枢密院对加拿大上诉判决库，API v1 caseBrowse）,https://www.canlii.org/en/ca/ukjcpc/doc/1896/1896canlii225/1896canlii225.html（CanLII 标题「Attorney-General for the Dominion of Canada v. Attorney-General for Ontario; Attorney-General for Quebec v. Attorney-General for Ontario」，1896）｜依据：本管线组案名「Attorney-General for Ontario v. Attorney-General for the Dominion」与 CanLII 标题双方对上、判决年 ∈ 报告年−2..报告年,2026-09-11
[1896] A.C. 348,1896ac348,CA,JCPC,CanLII ukpc（枢密院对加拿大上诉判决库，API v1 caseBrowse）,https://www.canlii.org/en/ca/ukjcpc/doc/1896/1896canlii225/1896canlii225.html（CanLII 标题「Attorney-General for the Dominion of Canada v. Attorney-General for Ontario; Attorney-General for Quebec v. Attorney-General for Ontario」，1896）｜依据：本管线组案名「Attorney-General for Ontario v. Attorney-General for the Dominion」与 CanLII 标题双方对上、判决年 ∈ 报告年−2..报告年,2026-09-11
[1897] A.C. 199,1897ac199,CA,JCPC,CanLII ukpc（枢密院对加拿大上诉判决库，API v1 caseBrowse）,https://www.canlii.org/en/ca/ukjcpc/doc/1896/1896canlii225/1896canlii225.html（CanLII 标题「Attorney-General for the Dominion of Canada v. Attorney-General for Ontario; Attorney-General for Quebec v. Attorney-General for Ontario」，1896）｜依据：本管线组案名「Attorney-General for the Dominion of Canada v. Attorney-General for Ontario」与 CanLII 标题双方对上、判决年 ∈ 报告年−2..报告年,2026-09-11
[1898] A.C. 247,1898ac247,CA,JCPC,CanLII ukpc（枢密院对加拿大上诉判决库，API v1 caseBrowse）,https://www.canlii.org/en/ca/ukjcpc/doc/1896/1896canlii225/1896canlii225.html（CanLII 标题「Attorney-General for the Dominion of Canada v. Attorney-General for Ontario; Attorney-General for Quebec v. Attorney-General for Ontario」，1896）｜依据：本管线组案名「Attorney‑General for Canada v. Attorney‑General for Ontario」与 CanLII 标题双方对上、判决年 ∈ 报告年−2..报告年,2026-09-11
[1898] A. C. 700,1898ac700,CA,JCPC,CanLII ukpc（枢密院对加拿大上诉判决库，API v1 caseBrowse）,"https://www.canlii.org/en/ca/ukjcpc/doc/1896/1896canlii225/1896canlii225.html（CanLII 标题「Attorney-General for the Dominion of Canada v. Attorney-General for Ontario; Attorney-General for Quebec v. Attorney-General for Ontario」，1896）｜依据：本管线组案名「Attorney-General for Canada v. Attorneys-General for Ontario, Quebec and Nova Scotia」与 CanLII 标题双方对上、判决年 ∈ 报告年−2..报告年",2026-09-11
[1903] A.C. 425,1903ac425,CA,JCPC,CanLII ukpc（枢密院对加拿大上诉判决库，API v1 caseBrowse）,https://www.canlii.org/en/ca/ukjcpc/doc/1903/1903canlii121/1903canlii121.html（CanLII 标题「Attorney-General (Ont.) v. Hamilton Street Railway」，1903）｜依据：本管线组案名「A.G. for Ont. v. Hamilton Street Ry. Co」与 CanLII 标题双方对上、判决年 ∈ 报告年−2..报告年,2026-09-11
[1903] A.C. 73,1903ac73,CA,JCPC,CanLII ukpc（枢密院对加拿大上诉判决库，API v1 caseBrowse）,"https://www.canlii.org/en/ca/ukjcpc/doc/1902/1902canlii241/1902canlii241.html（CanLII 标题「Ontario Mining Company, Limited and Attorney-General for Canada v. Seybold et al. and Attorney-General for Ontario」，1902）｜依据：本管线组案名「Ontario Mining Co. v. Seybold」与 CanLII 标题双方对上、判决年 ∈ 报告年−2..报告年",2026-09-11
[1910] A.C. 637,1910ac637,CA,JCPC,CanLII ukpc（枢密院对加拿大上诉判决库，API v1 caseBrowse）,https://www.canlii.org/en/ca/ukjcpc/doc/1910/1910canlii466/1910canlii466.html（CanLII 标题「Dominion of Canada v. Province of Ontario」，1910）｜依据：本管线组案名「Treaty 3 was again considered by the Privy Council in Dominion of Canada v. Province of Ontario」与 CanLII 标题双方对上、判决年 ∈ 报告年−2..报告年,2026-09-11
"[1912] A.C., 333",1912ac333,CA,JCPC,CanLII ukpc（枢密院对加拿大上诉判决库，API v1 caseBrowse）,https://www.canlii.org/en/ca/ukjcpc/doc/1912/1912canlii352/1912canlii352.html（CanLII 标题「City of Montreal v. Montreal Street Railway Company (The Attorney-General For the Dominion of Canada and the Attorney-General For the Province of Quebec Intervening)」，1912）｜依据：本管线组案名「City of Montreal v. Montreal Street Railway」与 CanLII 标题双方对上、判决年 ∈ 报告年−2..报告年,2026-09-11
[1912] A.C. 546,1912ac546,CA,JCPC,CanLII ukpc（枢密院对加拿大上诉判决库，API v1 caseBrowse）,"https://www.canlii.org/en/ca/ukjcpc/doc/1912/1912canlii406/1912canlii406.html（CanLII 标题「Dominion Cotton Mills Co., Limited v. Amyot and Others (Respondents) and Brunet (Intervenant)」，1912）｜依据：本管线组案名「Dominion Cotton Mills Co. v. Amyot」与 CanLII 标题双方对上、判决年 ∈ 报告年−2..报告年",2026-09-11
[1912] A.C. 571,1912ac571,CA,JCPC,CanLII ukpc（枢密院对加拿大上诉判决库，API v1 caseBrowse）,"https://www.canlii.org/en/ca/ukjcpc/doc/1910/1910canlii466/1910canlii466.html（CanLII 标题「Dominion of Canada v. Province of Ontario」，1910） ; https://www.canlii.org/en/ca/ukjcpc/doc/1912/1912canlii407/1912canlii407.html（CanLII 标题「Attorneys-General For the Provinces of Ontario, Quebec, Nova Scotia, New Brunswick, Manitoba, Prince Edward Island, and Alberta, v. Attorney-General For the Dominion of Canada and the Attorney-General For the Province of British Columbia」，1912）｜依据：本管线组案名「Attorney-General for Ontario v. Attorney-General for Canada」与 CanLII 标题双方对上、判决年 ∈ 报告年−2..报告年",2026-09-11
[1913] A.C. 145,1913ac145,CA,JCPC,CanLII ukpc（枢密院对加拿大上诉判决库，API v1 caseBrowse）,"https://www.canlii.org/en/ca/ukjcpc/doc/1912/1912canlii363/1912canlii363.html（CanLII 标题「McPherson et al. v. Temiskaming Lumber Co., Limited.」，1912）｜依据：本管线组案名「McPherson et al. v. Temiskaming Lumber Co., Ltd., 9 D.L.R. 726 at pp. 731-2」与 CanLII 标题双方对上、判决年 ∈ 报告年−2..报告年",2026-09-11
[1913] A.C. 160,1913ac160,CA,JCPC,CanLII ukpc（枢密院对加拿大上诉判决库，API v1 caseBrowse）,"https://www.canlii.org/en/ca/ukjcpc/doc/1912/1912canlii365/1912canlii365.html（CanLII 标题「Parsons et al. (Defendants, Appellants) v. Sovereign Bank of Canada (Plaintiff, Respondent)」，1912）｜依据：本管线组案名「Parsons v. Sovereign Bank of Canada」与 CanLII 标题双方对上、判决年 ∈ 报告年−2..报告年",2026-09-11
[1913] A.C. 283,1913ac283,CA,JCPC,CanLII ukpc（枢密院对加拿大上诉判决库，API v1 caseBrowse）,https://www.canlii.org/en/ca/ukjcpc/doc/1913/1913canlii401/1913canlii401.html（CanLII 标题「R. v. The Royal Bank of Canada」，1913）｜依据：本管线组案名「Royal Bank of Canada v. The King」与 CanLII 标题双方对上、判决年 ∈ 报告年−2..报告年,2026-09-11
[1913] A.C. 299,1913ac299,CA,JCPC,CanLII ukpc（枢密院对加拿大上诉判决库，API v1 caseBrowse）,https://www.canlii.org/en/ca/ukjcpc/doc/1913/1913canlii397/1913canlii397.html（CanLII 标题「Felix A. McHugh v. Union Bank of Canada」，1913）｜依据：本管线组案名「McHugh v. Union Bank of Canada」与 CanLII 标题双方对上、判决年 ∈ 报告年−2..报告年,2026-09-11
[1913] A.C. (P.C.) 299,1913acpc299,CA,JCPC,CanLII ukpc（枢密院对加拿大上诉判决库，API v1 caseBrowse）,https://www.canlii.org/en/ca/ukjcpc/doc/1913/1913canlii397/1913canlii397.html（CanLII 标题「Felix A. McHugh v. Union Bank of Canada」，1913）｜依据：本管线组案名「McHugh v. Union Bank of Canada」与 CanLII 标题双方对上、判决年 ∈ 报告年−2..报告年,2026-09-11
[1914] A.C. 176,1914ac176,CA,JCPC,CanLII ukpc（枢密院对加拿大上诉判决库，API v1 caseBrowse）,https://www.canlii.org/en/ca/ukjcpc/doc/1913/1913canlii396/1913canlii396.html（CanLII 标题「The King v. Cotton. (Consolidated Appeals.)」，1913）｜依据：本管线组案名「Cotton v. The King」与 CanLII 标题双方对上、判决年 ∈ 报告年−2..报告年,2026-09-11
[1914] A.C. 258,1914ac258,CA,JCPC,CanLII ukpc（枢密院对加拿大上诉判决库，API v1 caseBrowse）,https://www.canlii.org/en/ca/ukjcpc/doc/1914/1914canlii458/1914canlii458.html（CanLII 标题「MacLaren v. Attorney-General For Quebec」，1914）｜依据：本管线组案名「MacLaren v. Attorney‑General for Quebec」与 CanLII 标题双方对上、判决年 ∈ 报告年−2..报告年,2026-09-11
[1914] A.C. 569,1914ac569,CA,JCPC,CanLII ukpc（枢密院对加拿大上诉判决库，API v1 caseBrowse）,https://www.canlii.org/en/ca/ukjcpc/doc/1914/1914canlii585/1914canlii585.html（CanLII 标题「Cedars Rapids MFG. and Power Co. v. Lacoste」，1914）｜依据：本管线组案名「Cedars Rapids Manufacturing and Power Co. v. Lacoste」与 CanLII 标题双方对上、判决年 ∈ 报告年−2..报告年,2026-09-11
[1914] A.C. 651,1914ac651,CA,JCPC,CanLII ukpc（枢密院对加拿大上诉判决库，API v1 caseBrowse）,"https://www.canlii.org/en/ca/ukjcpc/doc/1913/1913canlii639/1913canlii639.html（CanLII 标题「Cuddy v. Cameron」，1913）｜依据：本管线组案名「Held, also, applying the principle of Cameron v. Cuddy (」与 CanLII 标题双方对上、判决年 ∈ 报告年−2..报告年",2026-09-11
[1914] A.C. 992,1914ac992,CA,JCPC,CanLII ukpc（枢密院对加拿大上诉判决库，API v1 caseBrowse）,"https://www.canlii.org/en/ca/ukjcpc/doc/1914/1914canlii451/1914canlii451.html（CanLII 标题「City of Halifax v. Nova Scotia Car Works」，1914）｜依据：本管线组案名「City of Halifax v. Nova Scotia Car Works, Ltd」与 CanLII 标题双方对上、判决年 ∈ 报告年−2..报告年",2026-09-11
[1915] A.C. 330,1915ac330,CA,JCPC,CanLII ukpc（枢密院对加拿大上诉判决库，API v1 caseBrowse）,https://www.canlii.org/en/ca/ukjcpc/doc/1914/1914canlii603/1914canlii603.html（CanLII 标题「John Deere Plow Co. Ltd. v. Wharton」，1914）｜依据：本管线组案名「John Deere Plow Co. v. Wharton」与 CanLII 标题双方对上、判决年 ∈ 报告年−2..报告年,2026-09-11
[1916] 1 A.C. 566,19161ac566,CA,JCPC,CanLII ukpc（枢密院对加拿大上诉判决库，API v1 caseBrowse）,https://www.canlii.org/en/ca/ukjcpc/doc/1916/1916canlii423/1916canlii423.html（CanLII 标题「The Bonanza Creek Gold Mining Co. v. The King」，1916）｜依据：本管线组案名「Bonanza Creek Gold Mining Co. v. The King」与 CanLII 标题双方对上、判决年 ∈ 报告年−2..报告年,2026-09-11
[1916] 1 A.C. 588,19161ac588,CA,JCPC,CanLII ukpc（枢密院对加拿大上诉判决库，API v1 caseBrowse）,https://www.canlii.org/en/ca/ukjcpc/doc/1915/1915canlii636/1915canlii636.html（CanLII 标题「Att'y-Gen'l for Alberta v. Att'y-Gen'l of Canada」，1915） ; https://www.canlii.org/en/ca/ukjcpc/doc/1916/1916canlii424/1916canlii424.html（CanLII 标题「Canada (Attorney-General) v. Alberta (Attorney-General)」，1916）｜依据：本管线组案名「Attorney-General for Canada v. Attorney-General for Alberta」与 CanLII 标题双方对上、判决年 ∈ 报告年−2..报告年,2026-09-11
[1916] 2 A.C. 610,19162ac610,CA,JCPC,CanLII ukpc（枢密院对加拿大上诉判决库，API v1 caseBrowse）,https://www.canlii.org/en/ca/ukjcpc/doc/1916/1916canlii968/1916canlii968.html（CanLII 标题「Commercial Cable Co. v. Government of Newfoundland」，1916）｜依据：本管线组案名「Commercial Cable Co. v. Government of Newfoundland」与 CanLII 标题双方对上、判决年 ∈ 报告年−2..报告年,2026-09-11
[1917] A.C. 170,1917ac170,CA,JCPC,CanLII ukpc（枢密院对加拿大上诉判决库，API v1 caseBrowse）,"https://www.canlii.org/en/ca/ukjcpc/doc/1917/1917canlii464/1917canlii464.html（CanLII 标题「Montreal Street R. Co. v. Normandin」，1917）｜依据：本管线组案名「LexisNexis Canada, 2008).] Sir Arthur Channell in Montreal Street Railway Co. v. Normandin」与 CanLII 标题双方对上、判决年 ∈ 报告年−2..报告年",2026-09-11
[1917] A.C. 187,1917ac187,CA,JCPC,CanLII ukpc（枢密院对加拿大上诉判决库，API v1 caseBrowse）,https://www.canlii.org/en/ca/ukjcpc/doc/1917/1917canlii449/1917canlii449.html（CanLII 标题「Fraser v. City of Fraserville」，1917）｜依据：本管线组案名「Fraser v. Fraserville」与 CanLII 标题双方对上、判决年 ∈ 报告年−2..报告年,2026-09-11
[1917] A.C. 195,1917ac195,CA,JCPC,CanLII ukpc（枢密院对加拿大上诉判决库，API v1 caseBrowse）,https://www.canlii.org/en/ca/ukjcpc/doc/1917/1917canlii455/1917canlii455.html（CanLII 标题「Canadian Pacific R. Co. v. Parent」，1917）｜依据：本管线组案名「Canadian Pacific Railway Co. v. Parent」与 CanLII 标题双方对上、判决年 ∈ 报告年−2..报告年,2026-09-11
[1917] A.C. 602,1917ac602,CA,JCPC,CanLII ukpc（枢密院对加拿大上诉判决库，API v1 caseBrowse）,https://www.canlii.org/en/ca/ukjcpc/doc/1917/1917canlii454/1917canlii454.html（CanLII 标题「Canadian Northern Pacific R. Co. v. City of New Westminster」，1917）｜依据：本管线组案名「Canadian Northern Pacific Railway v. New Westminster Corporation」与 CanLII 标题双方对上、判决年 ∈ 报告年−2..报告年,2026-09-11
"[1917] A.C., 62",1917ac62,CA,JCPC,CanLII ukpc（枢密院对加拿大上诉判决库，API v1 caseBrowse）,https://www.canlii.org/en/ca/ukjcpc/doc/1916/1916canlii418/1916canlii418.html（CanLII 标题「Ottawa Separate School Trustees v. MacKell」，1916）｜依据：本管线组案名「Ottawa Separate Schools Trustees v. Mackell」与 CanLII 标题双方对上、判决年 ∈ 报告年−2..报告年,2026-09-11
[1917] A.C. 630,1917ac630,CA,JCPC,CanLII ukpc（枢密院对加拿大上诉判决库，API v1 caseBrowse）,https://www.canlii.org/en/ca/ukjcpc/doc/1917/1917canlii670/1917canlii670.html（CanLII 标题「Toronto Railway Company v. The King」，1917）｜依据：本管线组案名「Toronto R. Co. v. The King」与 CanLII 标题双方对上、判决年 ∈ 报告年−2..报告年,2026-09-11
[1917] A.C. 76,1917ac76,CA,JCPC,CanLII ukpc（枢密院对加拿大上诉判决库，API v1 caseBrowse）,https://www.canlii.org/en/ca/ukjcpc/doc/1916/1916canlii419/1916canlii419.html（CanLII 标题「Ottawa Separate School Trustees v. City of Ottawa; Ottawa Separate School Trustees v. Quebec Bank」，1916）｜依据：本管线组案名「Ottawa Separate Schools Trustees v. Ottawa Corporation」与 CanLII 标题双方对上、判决年 ∈ 报告年−2..报告年,2026-09-11
"[1919] A.C., 254",1919ac254,CA,JCPC,CanLII ukpc（枢密院对加拿大上诉判决库，API v1 caseBrowse）,https://www.canlii.org/en/ca/ukjcpc/doc/1918/1918canlii394/1918canlii394.html（CanLII 标题「Dominion Trust Company v. New York Life Insurance Company」，1918）｜依据：本管线组案名「Dominion Trust Co. v. New York Life Insurance Co」与 CanLII 标题双方对上、判决年 ∈ 报告年−2..报告年,2026-09-11
[1919] A.C. 505,1919ac505,CA,JCPC,CanLII ukpc（枢密院对加拿大上诉判决库，API v1 caseBrowse）,https://www.canlii.org/en/ca/ukjcpc/doc/1918/1918canlii402/1918canlii402.html（CanLII 标题「Minister of Justice for Canada v. City of Levis」，1918）｜依据：本管线组案名「Minister of Justice v. City of Levis」与 CanLII 标题双方对上、判决年 ∈ 报告年−2..报告年,2026-09-11
[1919] A.C. 679,1919ac679,CA,JCPC,CanLII ukpc（枢密院对加拿大上诉判决库，API v1 caseBrowse）,https://www.canlii.org/en/ca/ukjcpc/doc/1919/1919canlii510/1919canlii510.html（CanLII 标题「R. v. Toronto General Trusts Corporation」，1919）｜依据：本管线组案名「Toronto General Trusts Corporation v. The King [」与 CanLII 标题双方对上、判决年 ∈ 报告年−2..报告年,2026-09-11
[1919] A.C. 687,1919ac687,CA,JCPC,CanLII ukpc（枢密院对加拿大上诉判决库，API v1 caseBrowse）,https://www.canlii.org/en/ca/ukjcpc/doc/1919/1919canlii511/1919canlii511.html（CanLII 标题「Electrical Development Co. of Ont. v. Att'Y-Gen'L of Ontario」，1919）｜依据：本管线组案名「Electrical Development Co. of Ontario v. Attorney General of Ontario」与 CanLII 标题双方对上、判决年 ∈ 报告年−2..报告年,2026-09-11
[1919] A.C. 956,1919ac956,CA,JCPC,CanLII ukpc（枢密院对加拿大上诉判决库，API v1 caseBrowse）,https://www.canlii.org/en/ca/ukjcpc/doc/1919/1919canlii546/1919canlii546.html（CanLII 标题「Board v. Board」，1919）｜依据：本管线组案名「Board v. Board」与 CanLII 标题双方对上、判决年 ∈ 报告年−2..报告年,2026-09-11
[1919] A.C. 999,1919ac999,CA,JCPC,CanLII ukpc（枢密院对加拿大上诉判决库，API v1 caseBrowse）,https://www.canlii.org/en/ca/ukjcpc/doc/1919/1919canlii418/1919canlii418.html（CanLII 标题「Atty-Gen'L for Canada v. Ritchie Contracting and Supply Co.」，1919）｜依据：本管线组案名「Attorney-General for the Dominion of Canada v. Ritchie Contracting and Supply Company」与 CanLII 标题双方对上、判决年 ∈ 报告年−2..报告年,2026-09-11
[1920] A.C. 1010,1920ac1010,CA,JCPC,CanLII ukpc（枢密院对加拿大上诉判决库，API v1 caseBrowse）,https://www.canlii.org/en/ca/ukjcpc/doc/1919/1919canlii519/1919canlii519.html（CanLII 标题「Auger v. Beaudry」，1919）｜依据：本管线组案名「Auger v. Beaudry」与 CanLII 标题双方对上、判决年 ∈ 报告年−2..报告年,2026-09-11
[1920] A.C. 349,1920ac349,CA,JCPC,CanLII ukpc（枢密院对加拿大上诉判决库，API v1 caseBrowse）,https://www.canlii.org/en/ca/ukjcpc/doc/1919/1919canlii416/1919canlii416.html（CanLII 标题「Lamoureux v. Craig」，1919）｜依据：本管线组案名「Craig v. Lamoureux」与 CanLII 标题双方对上、判决年 ∈ 报告年−2..报告年,2026-09-11
[1920] A.C. 358,1920ac358,CA,JCPC,CanLII ukpc（枢密院对加拿大上诉判决库，API v1 caseBrowse）,"https://www.canlii.org/en/ca/ukjcpc/doc/1919/1919canlii520/1919canlii520.html（CanLII 标题「Esquimalt v. Wilson」，1919）｜依据：本管线组案名「Esquimalt and Nanaimo Rly. Co. v. Wilson, [」与 CanLII 标题双方对上、判决年 ∈ 报告年−2..报告年",2026-09-11
[1920] A.C. 426,1920ac426,CA,JCPC,CanLII ukpc（枢密院对加拿大上诉判决库，API v1 caseBrowse）,https://www.canlii.org/en/ca/ukjcpc/doc/1919/1919canlii415/1919canlii415.html（CanLII 标题「Toronto R. Co. v. City of Toronto」，1919） ; https://www.canlii.org/en/ca/ukjcpc/doc/1920/1920canlii364/1920canlii364.html（CanLII 标题「Toronto (City) v. Toronto Railway Company」，1920）｜依据：本管线组案名「Toronto Railway Co. v. Corporation of the City of Toronto」与 CanLII 标题双方对上、判决年 ∈ 报告年−2..报告年,2026-09-11
[1920] A.C. 636,1920ac636,CA,JCPC,CanLII ukpc（枢密院对加拿大上诉判决库，API v1 caseBrowse）,https://www.canlii.org/en/ca/ukjcpc/doc/1919/1919canlii521/1919canlii521.html（CanLII 标题「Taylor v. Davies」，1919）｜依据：本管线组案名「Taylor v. Davies」与 CanLII 标题双方对上、判决年 ∈ 报告年−2..报告年,2026-09-11
[1920] A.C. 662,1920ac662,CA,JCPC,CanLII ukpc（枢密院对加拿大上诉判决库，API v1 caseBrowse）,"https://www.canlii.org/en/ca/ukjcpc/doc/1920/1920canlii365/1920canlii365.html（CanLII 标题「Vandry v. Quebec Railway Light  Heat and Power Company」，1920）｜依据：本管线组案名「Quebec Railway, Light, Heat and Power Co. v. Vandry」与 CanLII 标题双方对上、判决年 ∈ 报告年−2..报告年",2026-09-11
[1921] 1 A.C. 303,19211ac303,CA,JCPC,CanLII ukpc（枢密院对加拿大上诉判决库，API v1 caseBrowse）,"https://www.canlii.org/en/ca/ukjcpc/doc/1920/1920canlii464/1920canlii464.html（CanLII 标题「Curtis's and Harvey Limited v. North British and Mercantile Insurance Company」，1920）｜依据：本管线组案名「Curtis’s & Harvey, Ltd. v. North British & Mercantile Ins. Co. (」与 CanLII 标题双方对上、判决年 ∈ 报告年−2..报告年",2026-09-11
[1921] 1 A.C. 401,19211ac401,CA,JCPC,CanLII ukpc（枢密院对加拿大上诉判决库，API v1 caseBrowse）,https://www.canlii.org/en/ca/ukjcpc/doc/1920/1920canlii381/1920canlii381.html（CanLII 标题「Attorney-General for Canada v. Attorney-General for Quebec. Re Quebec Fisheries」，1920） ; https://www.canlii.org/en/ca/ukjcpc/doc/1920/1920canlii956/1920canlii956.html（CanLII 标题「Attorney-General for Quebec v. Attorney-General for Canada. Re Indian Lands」，1920）｜依据：本管线组案名「Attorney-General for Quebec v. Attorney-General for Canada」与 CanLII 标题双方对上、判决年 ∈ 报告年−2..报告年,2026-09-11
[1921] 1 A.C. 413,19211ac413,CA,JCPC,CanLII ukpc（枢密院对加拿大上诉判决库，API v1 caseBrowse）,https://www.canlii.org/en/ca/ukjcpc/doc/1920/1920canlii381/1920canlii381.html（CanLII 标题「Attorney-General for Canada v. Attorney-General for Quebec. Re Quebec Fisheries」，1920） ; https://www.canlii.org/en/ca/ukjcpc/doc/1920/1920canlii956/1920canlii956.html（CanLII 标题「Attorney-General for Quebec v. Attorney-General for Canada. Re Indian Lands」，1920）｜依据：本管线组案名「Attorney General for Canada v. Attorney General for Quebec」与 CanLII 标题双方对上、判决年 ∈ 报告年−2..报告年,2026-09-11
[1921] 2 A.C. 384,19212ac384,CA,JCPC,CanLII ukpc（枢密院对加拿大上诉判决库，API v1 caseBrowse）,https://www.canlii.org/en/ca/ukjcpc/doc/1921/1921canlii568/1921canlii568.html（CanLII 标题「Bishop of Vancouver Island v. Victoria (City)」，1921）｜依据：本管线组案名「City of Victoria v. Bishop of Vancouver Island」与 CanLII 标题双方对上、判决年 ∈ 报告年−2..报告年,2026-09-11
[1921] 2 A.C. 412,19212ac412,CA,JCPC,CanLII ukpc（枢密院对加拿大上诉判决库，API v1 caseBrowse）,https://www.canlii.org/en/ca/ukjcpc/doc/1921/1921canlii569/1921canlii569.html（CanLII 标题「Bain v. Central Vermont Railway Company」，1921）｜依据：本管线组案名「Bain v. Central Vermont Ry. Co」与 CanLII 标题双方对上、判决年 ∈ 报告年−2..报告年,2026-09-11
[1921] 2 A.C. 417,19212ac417,CA,JCPC,CanLII ukpc（枢密院对加拿大上诉判决库，API v1 caseBrowse）,https://www.canlii.org/en/ca/ukjcpc/doc/1921/1921canlii405/1921canlii405.html（CanLII 标题「Canadian Pacific Wine Co. Ltd. v. Tuley」，1921）｜依据：本管线组案名「Canadian Pacific Wine Co. v. Tuley」与 CanLII 标题双方对上、判决年 ∈ 报告年−2..报告年,2026-09-11
(1921) 2 A.C. 426,19212ac426,CA,JCPC,CanLII ukpc（枢密院对加拿大上诉判决库，API v1 caseBrowse）,https://www.canlii.org/en/ca/ukjcpc/doc/1921/1921canlii430/1921canlii430.html（CanLII 标题「Matamajaw Salmon Club v. Duchaine」，1921）｜依据：本管线组案名「Matamajaw Salmon Club v. Duchaine」与 CanLII 标题双方对上、判决年 ∈ 报告年−2..报告年,2026-09-11
(1921) 2 A.C. 91,19212ac91,CA,JCPC,CanLII ukpc（枢密院对加拿大上诉判决库，API v1 caseBrowse）,https://www.canlii.org/en/ca/ukjcpc/doc/1921/1921canlii408/1921canlii408.html（CanLII 标题「R. v. Great West Saddlery Company」，1921）｜依据：本管线组案名「Great West Saddlery Co. v. The King」与 CanLII 标题双方对上、判决年 ∈ 报告年−2..报告年,2026-09-11
[1921] A.C. 384,1921ac384,CA,JCPC,CanLII ukpc（枢密院对加拿大上诉判决库，API v1 caseBrowse）,https://www.canlii.org/en/ca/ukjcpc/doc/1921/1921canlii568/1921canlii568.html（CanLII 标题「Bishop of Vancouver Island v. Victoria (City)」，1921）｜依据：本管线组案名「Victoria City v. Bishop of Vancouver Island」与 CanLII 标题双方对上、判决年 ∈ 报告年−2..报告年,2026-09-11
[1922] 1 A.C. 202,19221ac202,CA,JCPC,CanLII ukpc（枢密院对加拿大上诉判决库，API v1 caseBrowse）,https://www.canlii.org/en/ca/ukjcpc/doc/1921/1921canlii424/1921canlii424.html（CanLII 标题「Esquimalt & Nanaimo Railway Company v. Wilson」，1921）｜依据：本管线组案名「Wilson v. Esquimalt and Nanaimo Railway Co」与 CanLII 标题双方对上、判决年 ∈ 报告年−2..报告年,2026-09-11
[1922] 1 A.C. 256,19221ac256,CA,JCPC,CanLII ukpc（枢密院对加拿大上诉判决库，API v1 caseBrowse）,https://www.canlii.org/en/ca/ukjcpc/doc/1921/1921canlii406/1921canlii406.html（CanLII 标题「Forbes v. Git」，1921）｜依据：本管线组案名「Forbes v. Git」与 CanLII 标题双方对上、判决年 ∈ 报告年−2..报告年,2026-09-11
[1922] 1 A.C. 268,19221ac268,CA,JCPC,CanLII ukpc（枢密院对加拿大上诉判决库，API v1 caseBrowse）,https://www.canlii.org/en/ca/ukjcpc/doc/1922/1922canlii487/1922canlii487.html（CanLII 标题「Manitoba (Attorney General) v. Kelly」，1922）｜依据：本管线组案名「Attorney-General for Manitoba v. Kelly」与 CanLII 标题双方对上、判决年 ∈ 报告年−2..报告年,2026-09-11
[1922] 1 A.C. 87,19221ac87,CA,JCPC,CanLII ukpc（枢密院对加拿大上诉判决库，API v1 caseBrowse）,https://www.canlii.org/en/ca/ukjcpc/doc/1921/1921canlii649/1921canlii649.html（CanLII 标题「Royal Trust Company v. British Columbia (Minister of Finance)」，1921）｜依据：本管线组案名「Royal Trust Co. v. Minister of Finance of British Columbia」与 CanLII 标题双方对上、判决年 ∈ 报告年−2..报告年,2026-09-11
(1922) 2 AC. 128,19222ac128,CA,JCPC,CanLII ukpc（枢密院对加拿大上诉判决库，API v1 caseBrowse）,https://www.canlii.org/en/ca/ukjcpc/doc/1922/1922canlii488/1922canlii488.html（CanLII 标题「R. v. Nat Bell Liquors Limited」，1922）｜依据：本管线组案名「R. v. Nat Bell Liquors Ltd」与 CanLII 标题双方对上、判决年 ∈ 报告年−2..报告年,2026-09-11
[1922] 2 A.C. 315,19222ac315,CA,JCPC,CanLII ukpc（枢密院对加拿大上诉判决库，API v1 caseBrowse）,https://www.canlii.org/en/ca/ukjcpc/doc/1922/1922canlii489/1922canlii489.html（CanLII 标题「R. v. Sisters of Charity of Rockingham」，1922）｜依据：本管线组案名「Sisters of Charity of Rockingham v. The King」与 CanLII 标题双方对上、判决年 ∈ 报告年−2..报告年,2026-09-11
[1922] 2 A.C. 555,19222ac555,CA,JCPC,CanLII ukpc（枢密院对加拿大上诉判决库，API v1 caseBrowse）,https://www.canlii.org/en/ca/ukjcpc/doc/1922/1922canlii490/1922canlii490.html（CanLII 标题「City of Montreal v. Watt & Scott」，1922）｜依据：本管线组案名「Montreal (City) v. Watt and Scott Ltd」与 CanLII 标题双方对上、判决年 ∈ 报告年−2..报告年,2026-09-11
[1922] A.C. 202,1922ac202,CA,JCPC,CanLII ukpc（枢密院对加拿大上诉判决库，API v1 caseBrowse）,https://www.canlii.org/en/ca/ukjcpc/doc/1921/1921canlii424/1921canlii424.html（CanLII 标题「Esquimalt & Nanaimo Railway Company v. Wilson」，1921）｜依据：本管线组案名「Wilson v. Esquimalt and Nanaimo Railway Company」与 CanLII 标题双方对上、判决年 ∈ 报告年−2..报告年,2026-09-11
[1923] A.C. 113,1923ac113,CA,JCPC,CanLII ukpc（枢密院对加拿大上诉判决库，API v1 caseBrowse）,https://www.canlii.org/en/ca/ukjcpc/doc/1922/1922canlii610/1922canlii610.html（CanLII 标题「Walpole v. Canadian Northern R. Co.」，1922）｜依据：本管线组案名「Walpole v. Canadian Northern Railway Co」与 CanLII 标题双方对上、判决年 ∈ 报告年−2..报告年,2026-09-11
[1923] A.C. 120,1923ac120,CA,JCPC,CanLII ukpc（枢密院对加拿大上诉判决库，API v1 caseBrowse）,https://www.canlii.org/en/ca/ukjcpc/doc/1922/1922canlii611/1922canlii611.html（CanLII 标题「McMillan v. Canadian Northern R. Co.」，1922）｜依据：本管线组案名「McMillan v. Canadian Northern Railway Co」与 CanLII 标题双方对上、判决年 ∈ 报告年−2..报告年,2026-09-11
[1923] A.C. 126,1923ac126,CA,JCPC,CanLII ukpc（枢密院对加拿大上诉判决库，API v1 caseBrowse）,https://www.canlii.org/en/ca/ukjcpc/doc/1922/1922canlii613/1922canlii613.html（CanLII 标题「McColl v. Canadian Pacific Railway Company」，1922）｜依据：本管线组案名「McColl v. Canadian Pacific Railway Co」与 CanLII 标题双方对上、判决年 ∈ 报告年−2..报告年,2026-09-11
[1923] A.C. 136,1923ac136,CA,JCPC,CanLII ukpc（枢密院对加拿大上诉判决库，API v1 caseBrowse）,https://www.canlii.org/en/ca/ukjcpc/doc/1922/1922canlii475/1922canlii475.html（CanLII 标题「City of Montreal v. Att'y-Gen'l of Canada and Att'y-Gen'l of Quebec」，1922）｜依据：本管线组案名「City of Montreal v. Attorney‑General for Canada」与 CanLII 标题双方对上、判决年 ∈ 报告年−2..报告年,2026-09-11
[1923] A.C. 145,1923ac145,CA,JCPC,CanLII ukpc（枢密院对加拿大上诉判决库，API v1 caseBrowse）,https://www.canlii.org/en/ca/ukjcpc/doc/1922/1922canlii769/1922canlii769.html（CanLII 标题「Ward and Company v. Canada (Commissioner of Taxes)」，1922）｜依据：本管线组案名「Ward & Co. Ltd. v. Commissioner of Taxes」与 CanLII 标题双方对上、判决年 ∈ 报告年−2..报告年,2026-09-11
[1923] A.C. 450,1923ac450,CA,JCPC,CanLII ukpc（枢密院对加拿大上诉判决库，API v1 caseBrowse）,"https://www.canlii.org/en/ca/ukjcpc/doc/1923/1923canlii537/1923canlii537.html（CanLII 标题「Brooks-Bidlake v. British Columbia (Attorney General)」，1923）｜依据：本管线组案名「and Brooks-Bidlake and Whittall, Ltd. v. Attorney-General for British Columbia」与 CanLII 标题双方对上、判决年 ∈ 报告年−2..报告年",2026-09-11
[1923] A.C. 695,1923ac695,CA,JCPC,CanLII ukpc（枢密院对加拿大上诉判决库，API v1 caseBrowse）,https://www.canlii.org/en/ca/ukjcpc/doc/1923/1923canlii429/1923canlii429.html（CanLII 标题「Fort Frances Pulp and Paper Co. v. Manitoba Free Press Co.」，1923）｜依据：本管线组案名「Fort Frances Pulp and Power Co. v. Manitoba Free Press Co」与 CanLII 标题双方对上、判决年 ∈ 报告年−2..报告年,2026-09-11
[1923] A.C. 714,1923ac714,CA,JCPC,CanLII ukpc（枢密院对加拿大上诉判决库，API v1 caseBrowse）,https://www.canlii.org/en/ca/ukjcpc/doc/1923/1923canlii444/1923canlii444.html（CanLII 标题「R. v. Canadian Northern Railway Company」，1923）｜依据：本管线组案名「The King v. Canadian Northern Ry. Co」与 CanLII 标题双方对上、判决年 ∈ 报告年−2..报告年,2026-09-11
[1924] A.C. 185,1924ac185,CA,JCPC,CanLII ukpc（枢密院对加拿大上诉判决库，API v1 caseBrowse）,https://www.canlii.org/en/ca/ukjcpc/doc/1923/1923canlii425/1923canlii425.html（CanLII 标题「Shannon Realties Ltd. v. Town of St. Michel; Pesant et al. v. Town of St. Michel et al.」，1923）｜依据：本管线组案名「Shannon Realties Ltd. v. Ville de St-Michel」与 CanLII 标题双方对上、判决年 ∈ 报告年−2..报告年,2026-09-11
[1924] A.C. 196,1924ac196,CA,JCPC,CanLII ukpc（枢密院对加拿大上诉判决库，API v1 caseBrowse）,"https://www.canlii.org/en/ca/ukjcpc/doc/1923/1923canlii431/1923canlii431.html（CanLII 标题「United States of America v. Motor Trucks Ltd.」，1923）｜依据：本管线组案名「United States v. Motor Trucks, Ltd」与 CanLII 标题双方对上、判决年 ∈ 报告年−2..报告年",2026-09-11
[1924] A.C. 222,1924ac222,CA,JCPC,CanLII ukpc（枢密院对加拿大上诉判决库，API v1 caseBrowse）,https://www.canlii.org/en/ca/ukjcpc/doc/1923/1923canlii648/1923canlii648.html（CanLII 标题「British Columbia (Attorney-General) v. Canada (Attorney-General)」，1923） ; https://www.canlii.org/en/ca/ukjcpc/doc/1923/1923canlii426/1923canlii426.html（CanLII 标题「British Columbia (Attorney-General) v. Canada (Attorney-General)」，1923）｜依据：本管线组案名「Attorney-General of British Columbia v. Attorney-General of Canada」与 CanLII 标题双方对上、判决年 ∈ 报告年−2..报告年,2026-09-11
[1924] A.C. 783,1924ac783,CA,JCPC,CanLII ukpc（枢密院对加拿大上诉判决库，API v1 caseBrowse）,https://www.canlii.org/en/ca/ukjcpc/doc/1924/1924canlii529/1924canlii529.html（CanLII 标题「Loch v. Blackwood Limited」，1924）｜依据：本管线组案名「Loch v. John Blackwood Ltd」与 CanLII 标题双方对上、判决年 ∈ 报告年−2..报告年,2026-09-11
[1924] A.C. 999,1924ac999,CA,JCPC,CanLII ukpc（枢密院对加拿大上诉判决库，API v1 caseBrowse）,https://www.canlii.org/en/ca/ukjcpc/doc/1924/1924canlii461/1924canlii461.html（CanLII 标题「R. v. Caron」，1924）｜依据：本管线组案名「Caron v. The King」与 CanLII 标题双方对上、判决年 ∈ 报告年−2..报告年,2026-09-11
[1925] A.C. 177,1925ac177,CA,JCPC,CanLII ukpc（枢密院对加拿大上诉判决库，API v1 caseBrowse）,https://www.canlii.org/en/ca/ukjcpc/doc/1925/1925canlii326/1925canlii326.html（CanLII 标题「City of Toronto v. Board of Trustees of R.C. Separate Schools for City of Toronto」，1925）｜依据：本管线组案名「and Toronto City Corporation v. Toronto Railway Corporation」与 CanLII 标题双方对上、判决年 ∈ 报告年−2..报告年,2026-09-11
[1925] A.C. 371,1925ac371,CA,JCPC,CanLII ukpc（枢密院对加拿大上诉判决库，API v1 caseBrowse）,https://www.canlii.org/en/ca/ukjcpc/doc/1924/1924canlii337/1924canlii337.html（CanLII 标题「Brassard v. Smith」，1924）｜依据：本管线组案名「Brassard v. Smith」与 CanLII 标题双方对上、判决年 ∈ 报告年−2..报告年,2026-09-11
[1925] A.C. 384,1925ac384,CA,JCPC,CanLII ukpc（枢密院对加拿大上诉判决库，API v1 caseBrowse）,https://www.canlii.org/en/ca/ukjcpc/doc/1924/1924canlii328/1924canlii328.html（CanLII 标题「Lord's Day Alliance of Canada v. Manitoba (Attorney General)」，1924） ; https://www.canlii.org/en/ca/ukjcpc/doc/1925/1925canlii338/1925canlii338.html（CanLII 标题「Manitoba (Attorney General) v. Canada (Attorney General)」，1925）｜依据：本管线组案名「Lord's Day Alliance of Canada v. Attorney‑General for Manitoba」与 CanLII 标题双方对上、判决年 ∈ 报告年−2..报告年,2026-09-11
[1925] A.C. 396,1925ac396,CA,JCPC,CanLII ukpc（枢密院对加拿大上诉判决库，API v1 caseBrowse）,https://www.canlii.org/en/ca/ukjcpc/doc/1925/1925canlii331/1925canlii331.html（CanLII 标题「Toronto Electric Commissioners v. Snider」，1925）｜依据：本管线组案名「Toronto Electric Commissioners v. Snider」与 CanLII 标题双方对上、判决年 ∈ 报告年−2..报告年,2026-09-11
[1925] A.C. 550,1925ac550,CA,JCPC,CanLII ukpc（枢密院对加拿大上诉判决库，API v1 caseBrowse）,https://www.canlii.org/en/ca/ukjcpc/doc/1925/1925canlii603/1925canlii603.html（CanLII 标题「Lee Kim Soo v. Goh Choon Seng」，1925）｜依据：本管线组案名「Goh Choon Seng v. Lee Kim Soo」与 CanLII 标题双方对上、判决年 ∈ 报告年−2..报告年,2026-09-11
[1925] A.C. 561,1925ac561,CA,JCPC,CanLII ukpc（枢密院对加拿大上诉判决库，API v1 caseBrowse）,https://www.canlii.org/en/ca/ukjcpc/doc/1924/1924canlii328/1924canlii328.html（CanLII 标题「Lord's Day Alliance of Canada v. Manitoba (Attorney General)」，1924） ; https://www.canlii.org/en/ca/ukjcpc/doc/1925/1925canlii338/1925canlii338.html（CanLII 标题「Manitoba (Attorney General) v. Canada (Attorney General)」，1925）｜依据：本管线组案名「A.G. for Manitoba v. A.G. for Canada」与 CanLII 标题双方对上、判决年 ∈ 报告年−2..报告年,2026-09-11
[1925] A.C. 819,1925ac819,CA,JCPC,CanLII ukpc（枢密院对加拿大上诉判决库，API v1 caseBrowse）,https://www.canlii.org/en/ca/ukjcpc/doc/1925/1925canlii337/1925canlii337.html（CanLII 标题「Lew v. Wing Lee」，1925）｜依据：本管线组案名「Lew v. Lee」与 CanLII 标题双方对上、判决年 ∈ 报告年−2..报告年,2026-09-11
[1926] A.C. 101,1926ac101,CA,JCPC,CanLII ukpc（枢密院对加拿大上诉判决库，API v1 caseBrowse）,https://www.canlii.org/en/ca/ukjcpc/doc/1925/1925canlii550/1925canlii550.html（CanLII 标题「Waimiha Sawmilling Company v. Waione Timber Company」，1925）｜依据：本管线组案名「Waimiha Sawmilling Co. v. Waione Timber Co」与 CanLII 标题双方对上、判决年 ∈ 报告年−2..报告年,2026-09-11
[1926] A.C. 299,1926ac299,CA,JCPC,CanLII ukpc（枢密院对加拿大上诉判决库，API v1 caseBrowse）,"https://www.canlii.org/en/ca/ukjcpc/doc/1924/1924canlii341/1924canlii341.html（CanLII 标题「Montreal Light, Heat and Power Co. v. City of Montreal」，1924） ; https://www.canlii.org/en/ca/ukjcpc/doc/1925/1925canlii325/1925canlii325.html（CanLII 标题「Montreal (City) v. Harbour Commissioners of Montreal」，1925）｜依据：本管线组案名「Montreal City v. Montreal Harbour Commissioners」与 CanLII 标题双方对上、判决年 ∈ 报告年−2..报告年",2026-09-11
[1926] A.C. 466,1926ac466,CA,JCPC,CanLII ukpc（枢密院对加拿大上诉判决库，API v1 caseBrowse）,https://www.canlii.org/en/ca/ukjcpc/doc/1926/1926canlii292/1926canlii292.html（CanLII 标题「Pribble v. British Columbia Electric Railway Company」，1926）｜依据：本管线组案名「British Columbia Electric Railway Co. Ltd. v. Pribble」与 CanLII 标题双方对上、判决年 ∈ 报告年−2..报告年,2026-09-11
"[1926] A.C., 482",1926ac482,CA,JCPC,CanLII ukpc（枢密院对加拿大上诉判决库，API v1 caseBrowse）,https://www.canlii.org/en/ca/ukjcpc/doc/1926/1926canlii276/1926canlii276.html（CanLII 标题「R. v. Nadan (Nos. 1 and 2)」，1926）｜依据：本管线组案名「Nadan v. The King」与 CanLII 标题双方对上、判决年 ∈ 报告年−2..报告年,2026-09-11
[1926] A.C. 715,1926ac715,CA,JCPC,CanLII ukpc（枢密院对加拿大上诉判决库，API v1 caseBrowse）,https://www.canlii.org/en/ca/ukjcpc/doc/1926/1926canlii280/1926canlii280.html（CanLII 标题「Quebec (Attorney General) v. Nipissing Central Railway Company」，1926）｜依据：本管线组案名「Attorney-General for Quebec v. Nipissing Central Railway Co」与 CanLII 标题双方对上、判决年 ∈ 报告年−2..报告年,2026-09-11
[1926] A.C. 725,1926ac725,CA,JCPC,CanLII ukpc（枢密院对加拿大上诉判决库，API v1 caseBrowse）,https://www.canlii.org/en/ca/ukjcpc/doc/1926/1926canlii279/1926canlii279.html（CanLII 标题「Letang v. Ottawa Electric Railway Company」，1926）｜依据：本管线组案名「Letang v. Ottawa Electric Ry. Co」与 CanLII 标题双方对上、判决年 ∈ 报告年−2..报告年,2026-09-11
[1926] A.C. 761,1926ac761,CA,JCPC,CanLII ukpc（枢密院对加拿大上诉判决库，API v1 caseBrowse）,https://www.canlii.org/en/ca/ukjcpc/doc/1926/1926canlii553/1926canlii553.html（CanLII 标题「Firm of M. R. M. V. L. v. Firm of R. M. K. R. M.」，1926）｜依据：本管线组案名「Firm of R.M.K. R.M. v. Firm of M.R.M. V.L」与 CanLII 标题双方对上、判决年 ∈ 报告年−2..报告年,2026-09-11
[1926] A.C. 81,1926ac81,CA,JCPC,CanLII ukpc（枢密院对加拿大上诉判决库，API v1 caseBrowse）,https://www.canlii.org/en/ca/ukjcpc/doc/1925/1925canlii326/1925canlii326.html（CanLII 标题「City of Toronto v. Board of Trustees of R.C. Separate Schools for City of Toronto」，1925）｜依据：本管线组案名「Toronto (City) v. Trustees of the Roman Catholic Separate Schools of Toronto」与 CanLII 标题双方对上、判决年 ∈ 报告年−2..报告年,2026-09-11
[1927] A.C. 167,1927ac167,CA,JCPC,CanLII ukpc（枢密院对加拿大上诉判决库，API v1 caseBrowse）,https://www.canlii.org/en/ca/ukjcpc/doc/1926/1926canlii549/1926canlii549.html（CanLII 标题「Fournier v. Canadian National Railway Company」，1926）｜依据：本管线组案名「Fournier v. Canadian National Railway Co」与 CanLII 标题双方对上、判决年 ∈ 报告年−2..报告年,2026-09-11
[1927] A.C. 185,1927ac185,CA,JCPC,CanLII ukpc（枢密院对加拿大上诉判决库，API v1 caseBrowse）,"https://www.canlii.org/en/ca/ukjcpc/doc/1926/1926canlii295/1926canlii295.html（CanLII 标题「McLean Gold Mines, Limited v. Ontario (Attorney General)」，1926）｜依据：本管线组案名「Attorney-General for Ontario v. McLean Gold Mines」与 CanLII 标题双方对上、判决年 ∈ 报告年−2..报告年",2026-09-11
[1927] A.C. 211,1927ac211,CA,JCPC,CanLII ukpc（枢密院对加拿大上诉判决库，API v1 caseBrowse）,https://www.canlii.org/en/ca/ukjcpc/doc/1926/1926canlii278/1926canlii278.html（CanLII 标题「Stevenson v. Florant」，1926）｜依据：本管线组案名「Stevenson v. Florant」与 CanLII 标题双方对上、判决年 ∈ 报告年−2..报告年,2026-09-11
[1927] A.C. 327,1927ac327,CA,JCPC,CanLII ukpc（枢密院对加拿大上诉判决库，API v1 caseBrowse）,https://www.canlii.org/en/ca/ukjcpc/doc/1927/1927canlii556/1927canlii556.html（CanLII 标题「Commissioner of Taxes v. Doughty」，1927）｜依据：本管线组案名「Doughty v. Commissioner of Taxes」与 CanLII 标题双方对上、判决年 ∈ 报告年−2..报告年,2026-09-11
[1927] A.C. 515,1927ac515,CA,JCPC,CanLII ukpc（枢密院对加拿大上诉判决库，API v1 caseBrowse）,https://www.canlii.org/en/ca/ukjcpc/doc/1927/1927canlii469/1927canlii469.html（CanLII 标题「Robins v. National Trust Company」，1927）｜依据：本管线组案名「Robins v. National Trust Co」与 CanLII 标题双方对上、判决年 ∈ 报告年−2..报告年,2026-09-11
[1927] A.C. 925,1927ac925,CA,JCPC,CanLII ukpc（枢密院对加拿大上诉判决库，API v1 caseBrowse）,https://www.canlii.org/en/ca/ukjcpc/doc/1927/1927canlii472/1927canlii472.html（CanLII 标题「McDonald v. Luscar Collieries Limited」，1927）｜依据：本管线组案名「Luscar Collieries Ltd. v. McDonald」与 CanLII 标题双方对上、判决年 ∈ 报告年−2..报告年,2026-09-11
[1927] A.C. 934,1927ac934,CA,JCPC,CanLII ukpc（枢密院对加拿大上诉判决库，API v1 caseBrowse）,https://www.canlii.org/en/ca/ukjcpc/doc/1927/1927canlii482/1927canlii482.html（CanLII 标题「British Columbia (Attorney General) v. Canadian Pacific Railway Company」，1927）｜依据：本管线组案名「Attorney‑General for British Columbia v. Canadian Pacific Railway Co」与 CanLII 标题双方对上、判决年 ∈ 报告年−2..报告年,2026-09-11
[1928] A.C. 117,1928ac117,CA,JCPC,CanLII ukpc（枢密院对加拿大上诉判决库，API v1 caseBrowse）,https://www.canlii.org/en/ca/ukjcpc/doc/1927/1927canlii337/1927canlii337.html（CanLII 标题「Halifax (City) v. Fairbanks Estate」，1927）｜依据：本管线组案名「City of Halifax v. Fairbanks Estate [」与 CanLII 标题双方对上、判决年 ∈ 报告年−2..报告年,2026-09-11
[1928] A.C. 181,1928ac181,CA,JCPC,CanLII ukpc（枢密院对加拿大上诉判决库，API v1 caseBrowse）,https://www.canlii.org/en/ca/ukjcpc/doc/1928/1928canlii621/1928canlii621.html（CanLII 标题「Lo Lee Shi v. Hong Kong & Shanghai Banking Corporation」，1928）｜依据：本管线组案名「Hong Kong and Shanghai Banking Corporation v. Lo Lee Shi」与 CanLII 标题双方对上、判决年 ∈ 报告年−2..报告年,2026-09-11
[1928] A.C. 340,1928ac340,CA,JCPC,CanLII ukpc（枢密院对加拿大上诉判决库，API v1 caseBrowse）,"https://www.canlii.org/en/ca/ukjcpc/doc/1928/1928canlii857/1928canlii857.html（CanLII 标题「Dominion Press, Ltd. v. Minister of Customs and Excise」，1928）｜依据：本管线组案名「Dominion Press Limited v. Minister of Customs and Excise」与 CanLII 标题双方对上、判决年 ∈ 报告年−2..报告年",2026-09-11
[1928] A.C. 358,1928ac358,CA,JCPC,CanLII ukpc（枢密院对加拿大上诉判决库，API v1 caseBrowse）,"https://www.canlii.org/en/ca/ukjcpc/doc/1928/1928canlii360/1928canlii360.html（CanLII 标题「R. v. Caledonian Collieries, Limited」，1928）｜依据：本管线组案名「R. v. Caledonian Collieries Limited」与 CanLII 标题双方对上、判决年 ∈ 报告年−2..报告年",2026-09-11
[1928] A.C. 363,1928ac363,CA,JCPC,CanLII ukpc（枢密院对加拿大上诉判决库，API v1 caseBrowse）,https://www.canlii.org/en/ca/ukjcpc/doc/1928/1928canlii355/1928canlii355.html（CanLII 标题「R. v. Tiny Township Separate School Trustees」，1928）｜依据：本管线组案名「Roman Catholic Separate School Trustees for Tiny v. The King」与 CanLII 标题双方对上、判决年 ∈ 报告年−2..报告年,2026-09-11
[1928] A.C. 391,1928ac391,CA,JCPC,CanLII ukpc（枢密院对加拿大上诉判决库，API v1 caseBrowse）,https://www.canlii.org/en/ca/ukjcpc/doc/1928/1928canlii592/1928canlii592.html（CanLII 标题「Gray v. Perpetual Trustee Company」，1928）｜依据：本管线组案名「Gray v. Perpetual Trustee Co」与 CanLII 标题双方对上、判决年 ∈ 报告年−2..报告年,2026-09-11
[1928] AC. 475,1928ac475,CA,JCPC,CanLII ukpc（枢密院对加拿大上诉判决库，API v1 caseBrowse）,https://www.canlii.org/en/ca/ukjcpc/doc/1928/1928canlii646/1928canlii646.html（CanLII 标题「Canada (Attorney General) v. Alberta (Attorney General)」，1928）｜依据：本管线组案名「Att.-Gen. for Alberta v. Att.-Gen. for Canada」与 CanLII 标题双方对上、判决年 ∈ 报告年−2..报告年,2026-09-11
[1928] A.C. 538,1928ac538,CA,JCPC,CanLII ukpc（枢密院对加拿大上诉判决库，API v1 caseBrowse）,"https://www.canlii.org/en/ca/ukjcpc/doc/1928/1928canlii360/1928canlii360.html（CanLII 标题「R. v. Caledonian Collieries, Limited」，1928）｜依据：本管线组案名「R. v. Caledonian Collieries」与 CanLII 标题双方对上、判决年 ∈ 报告年−2..报告年",2026-09-11
[1929] A.C. 127,1929ac127,CA,JCPC,CanLII ukpc（枢密院对加拿大上诉判决库，API v1 caseBrowse）,https://www.canlii.org/en/ca/ukjcpc/doc/1928/1928canlii611/1928canlii611.html（CanLII 标题「Inche Noriah binte Mohamed Tahir v. Shaik Allie bin Omar Abdullah Bahashuan」，1928）｜依据：本管线组案名「Inche Noriah v. Shaik Allie Bin Omar」与 CanLII 标题双方对上、判决年 ∈ 报告年−2..报告年,2026-09-11
[1929] A.C. 260,1929ac260,CA,JCPC,CanLII ukpc（枢密院对加拿大上诉判决库，API v1 caseBrowse）,https://www.canlii.org/en/ca/ukjcpc/doc/1928/1928canlii513/1928canlii513.html（CanLII 标题「Manitoba (Attorney General) v. Canada (Attorney General)」，1928）｜依据：本管线组案名「Attorney-General for Manitoba v. Attorney-General for Canada」与 CanLII 标题双方对上、判决年 ∈ 报告年−2..报告年,2026-09-11
[1929] A.C. 269,1929ac269,CA,JCPC,CanLII ukpc（枢密院对加拿大上诉判决库，API v1 caseBrowse）,"https://www.canlii.org/en/ca/ukjcpc/doc/1928/1928canlii359/1928canlii359.html（CanLII 标题「Pope Appliance Corp. v. Spanish River Pulp & Paper Mills, Ltd.」，1928）｜依据：本管线组案名「Pope Appliance Corporation v. Spanish River Pulp and Paper Mills」与 CanLII 标题双方对上、判决年 ∈ 报告年−2..报告年",2026-09-11
[1929] A.C. 482,1929ac482,CA,JCPC,CanLII ukpc（枢密院对加拿大上诉判决库，API v1 caseBrowse）,https://www.canlii.org/en/ca/ukjcpc/doc/1929/1929canlii516/1929canlii516.html（CanLII 标题「Kinch v. Walcott」，1929）｜依据：本管线组案名「Kinch v. Walcott」与 CanLII 标题双方对上、判决年 ∈ 报告年−2..报告年,2026-09-11
[1930] A.C. 111,1930ac111,CA,JCPC,CanLII ukpc（枢密院对加拿大上诉判决库，API v1 caseBrowse）,https://www.canlii.org/en/ca/ukjcpc/doc/1929/1929canlii439/1929canlii439.html（CanLII 标题「Canada (Attorney General) v. British Columbia (Attorney General)」，1929）｜依据：本管线组案名「Attorney‑General for Canada v. Attorney‑General for British Columbia」与 CanLII 标题双方对上、判决年 ∈ 报告年−2..报告年,2026-09-11
[1930] A.C. 124,1930ac124,CA,JCPC,CanLII ukpc（枢密院对加拿大上诉判决库，API v1 caseBrowse）,https://www.canlii.org/en/ca/ukjcpc/doc/1929/1929canlii438/1929canlii438.html（CanLII 标题「Edwards v. Canada (Attorney General)」，1929）｜依据：本管线组案名「Edwards v. Attorney‑General for Canada」与 CanLII 标题双方对上、判决年 ∈ 报告年−2..报告年,2026-09-11
[1930] A.C. 144,1930ac144,CA,JCPC,CanLII ukpc（枢密院对加拿大上诉判决库，API v1 caseBrowse）,https://www.canlii.org/en/ca/ukjcpc/doc/1929/1929canlii326/1929canlii326.html（CanLII 标题「Alberta (Attorney General) v. Royal Trust Company」，1929）｜依据：本管线组案名「Royal Trust Co. v. Attorney General for Alberta」与 CanLII 标题双方对上、判决年 ∈ 报告年−2..报告年,2026-09-11
[1930] AC. 244,1930ac244,CA,JCPC,CanLII ukpc（枢密院对加拿大上诉判决库，API v1 caseBrowse）,https://www.canlii.org/en/ca/ukjcpc/doc/1929/1929canlii327/1929canlii327.html（CanLII 标题「R. v. Chung Chuck」，1929）｜依据：本管线组案名「Chung Chuck v. The King (」与 CanLII 标题双方对上、判决年 ∈ 报告年−2..报告年,2026-09-11
[1930] A.C. 357,1930ac357,CA,JCPC,CanLII ukpc（枢密院对加拿大上诉判决库，API v1 caseBrowse）,https://www.canlii.org/en/ca/ukjcpc/doc/1930/1930canlii329/1930canlii329.html（CanLII 标题「Macdonald Murphy Lumber Company v. British Columbia (Attorney General)」，1930）｜依据：本管线组案名「A.-G. for British Columbia v. McDonald Murphy Lumber Co. Ltd」与 CanLII 标题双方对上、判决年 ∈ 报告年−2..报告年,2026-09-11
[1930] A.C. 720,1930ac720,CA,JCPC,CanLII ukpc（枢密院对加拿大上诉判决库，API v1 caseBrowse）,"https://www.canlii.org/en/ca/ukjcpc/doc/1930/1930canlii551/1930canlii551.html（CanLII 标题「Hill v. Permanent Trustee Company of New South Wales, Limited」，1930）｜依据：本管线组案名「Hill v. Permanent Trustee Co. of New South Wales Ltd」与 CanLII 标题双方对上、判决年 ∈ 报告年−2..报告年",2026-09-11
[1930] A.C. 79,1930ac79,CA,JCPC,CanLII ukpc（枢密院对加拿大上诉判决库，API v1 caseBrowse）,https://www.canlii.org/en/ca/ukjcpc/doc/1929/1929canlii310/1929canlii310.html（CanLII 标题「Berthiaume v. Dastous」，1929）｜依据：本管线组案名「Berthiaume v. Dastous」与 CanLII 标题双方对上、判决年 ∈ 报告年−2..报告年,2026-09-11
[1931] A.C. 275,1931ac275,CA,JCPC,CanLII ukpc（枢密院对加拿大上诉判决库，API v1 caseBrowse）,https://www.canlii.org/en/ca/ukjcpc/doc/1930/1930canlii601/1930canlii601.html（CanLII 标题「Shell Company of Australia v. Canada (Federal Commissioner of Taxation)」，1930）｜依据：本管线组案名「Shell Co. of Australia v. Federal Commissioner of Taxation」与 CanLII 标题双方对上、判决年 ∈ 报告年−2..报告年,2026-09-11
[1931] A.C. 310,1931ac310,CA,JCPC,CanLII ukpc（枢密院对加拿大上诉判决库，API v1 caseBrowse）,https://www.canlii.org/en/ca/ukjcpc/doc/1931/1931canlii385/1931canlii385.html（CanLII 标题「Proprietary Articles Trade Association v. Canada (Attorney General)」，1931）｜依据：本管线组案名「Proprietary Articles Trade Association v. Attorney-General for Canada」与 CanLII 标题双方对上、判决年 ∈ 报告年−2..报告年,2026-09-11
[1931] A.C. 435,1931ac435,CA,JCPC,CanLII ukpc（枢密院对加拿大上诉判决库，API v1 caseBrowse）,https://www.canlii.org/en/ca/ukjcpc/doc/1931/1931canlii373/1931canlii373.html（CanLII 标题「R. v. Carling Export Brewing and Malting Company」，1931）｜依据：本管线组案名「Carling Export Brewing & Malting Co. Ltd. v. The King」与 CanLII 标题双方对上、判决年 ∈ 报告年−2..报告年,2026-09-11
[1931] A.C. 704,1931ac704,CA,JCPC,CanLII ukpc（枢密院对加拿大上诉判决库，API v1 caseBrowse）,https://www.canlii.org/en/ca/ukjcpc/doc/1929/1929canlii503/1929canlii503.html（CanLII 标题「Robinson v. South Australia (State)」，1929） ; https://www.canlii.org/en/ca/ukjcpc/doc/1931/1931canlii605/1931canlii605.html（CanLII 标题「Robinson v. South Australia (State) (No. 2)」，1931）｜依据：本管线组案名「Robinson v. State of South Australia (No. 2)」与 CanLII 标题双方对上、判决年 ∈ 报告年−2..报告年,2026-09-11
"[1932] A.C, 113",1932ac113,CA,JCPC,CanLII ukpc（枢密院对加拿大上诉判决库，API v1 caseBrowse）,https://www.canlii.org/en/ca/ukjcpc/doc/1931/1931canlii387/1931canlii387.html（CanLII 标题「Martineau & Sons Limited v. Montreal (City)」，1931）｜依据：本管线组案名「O. Martineau and Sons Ltd. v. City of Montreal」与 CanLII 标题双方对上、判决年 ∈ 报告年−2..报告年,2026-09-11
[1932] A.C. 275,1932ac275,CA,JCPC,CanLII ukpc（枢密院对加拿大上诉判决库，API v1 caseBrowse）,"https://www.canlii.org/en/ca/ukjcpc/doc/1932/1932canlii421/1932canlii421.html（CanLII 标题「Newfoundland (Attorney General) v. Jardine」，1932）｜依据：本管线组案名「As well, in Jardine v. Attorney General for Newfoundland」与 CanLII 标题双方对上、判决年 ∈ 报告年−2..报告年",2026-09-11
[1932] A.C 318,1932ac318,CA,JCPC,CanLII ukpc（枢密院对加拿大上诉判决库，API v1 caseBrowse）,https://www.canlii.org/en/ca/ukjcpc/doc/1932/1932canlii311/1932canlii311.html（CanLII 标题「Mayland v. Lymburn」，1932）｜依据：本管线组案名「Lymburn v. Mayland」与 CanLII 标题双方对上、判决年 ∈ 报告年−2..报告年,2026-09-11
[1932] A.C. 542,1932ac542,CA,JCPC,CanLII ukpc（枢密院对加拿大上诉判决库，API v1 caseBrowse）,https://www.canlii.org/en/ca/ukjcpc/doc/1932/1932canlii414/1932canlii414.html（CanLII 标题「James v. Cowan」，1932）｜依据：本管线组案名「James v. Cowan」与 CanLII 标题双方对上、判决年 ∈ 报告年−2..报告年,2026-09-11
[1932] A.C. 690,1932ac690,CA,JCPC,CanLII ukpc（枢密院对加拿大上诉判决库，API v1 caseBrowse）,https://www.canlii.org/en/ca/ukjcpc/doc/1932/1932canlii318/1932canlii318.html（CanLII 标题「Geel v. Winnipeg Electric Company」，1932）｜依据：本管线组案名「Winnipeg Electric Co. v. Geel」与 CanLII 标题双方对上、判决年 ∈ 报告年−2..报告年,2026-09-11
[1932] A.C. 98,1932ac98,CA,JCPC,CanLII ukpc（枢密院对加拿大上诉判决库，API v1 caseBrowse）,https://www.canlii.org/en/ca/ukjcpc/doc/1931/1931canlii465/1931canlii465.html（CanLII 标题「R. v. Toronto (City)」，1931）｜依据：本管线组案名「Corporation of the City of Toronto v. The King」与 CanLII 标题双方对上、判决年 ∈ 报告年−2..报告年,2026-09-11
[1933] A.C. 156,1933ac156,CA,JCPC,CanLII ukpc（枢密院对加拿大上诉判决库，API v1 caseBrowse）,https://www.canlii.org/en/ca/ukjcpc/doc/1932/1932canlii317/1932canlii317.html（CanLII 标题「Dunphy v. Croft」，1932）｜依据：本管线组案名「Croft v. Dunphy」与 CanLII 标题双方对上、判决年 ∈ 报告年−2..报告年,2026-09-11
[1933] A.C. 168,1933ac168,CA,JCPC,CanLII ukpc（枢密院对加拿大上诉判决库，API v1 caseBrowse）,https://www.canlii.org/en/ca/ukjcpc/doc/1932/1932canlii313/1932canlii313.html（CanLII 标题「Lower Mainland Dairy Products Sales Adjustment Committee v. Crystal Dairy Limited」，1932）｜依据：本管线组案名「Lower Mainland Dairy Products Sales Adjustment Committee v. Crystal Dairy Ltd」与 CanLII 标题双方对上、判决年 ∈ 报告年−2..报告年,2026-09-11
[1933] A.C. 508,1933ac508,CA,JCPC,CanLII ukpc（枢密院对加拿大上诉判决库，API v1 caseBrowse）,"https://www.canlii.org/en/ca/ukjcpc/doc/1933/1933canlii316/1933canlii316.html（CanLII 标题「R. v. Consolidated Distilleries, Limited」，1933）｜依据：本管线组案名「Consolidated Distilleries, Ltd. v. The King」与 CanLII 标题双方对上、判决年 ∈ 报告年−2..报告年",2026-09-11
[1933] A.C. 533,1933ac533,CA,JCPC,CanLII ukpc（枢密院对加拿大上诉判决库，API v1 caseBrowse）,https://www.canlii.org/en/ca/ukjcpc/doc/1933/1933canlii317/1933canlii317.html（CanLII 标题「R. v. Dominion Building Corporation (No. 2)」，1933）｜依据：本管线组案名「Dominion Building Corporation v. The King」与 CanLII 标题双方对上、判决年 ∈ 报告年−2..报告年,2026-09-11
[1933] A.C. 61,1933ac61,CA,JCPC,CanLII ukpc（枢密院对加拿大上诉判决库，API v1 caseBrowse）,"https://www.canlii.org/en/ca/ukjcpc/doc/1932/1932canlii314/1932canlii314.html（CanLII 标题「Pronek v. Winnipeg, Selkirk & Lake Winnipeg Railway Company」，1932）｜依据：本管线组案名「Pronek v. Winnipeg, Selkirk and Lake Winnipeg Railway Co」与 CanLII 标题双方对上、判决年 ∈ 报告年−2..报告年",2026-09-11
[1933] A.C. 70,1933ac70,CA,JCPC,CanLII ukpc（枢密院对加拿大上诉判决库，API v1 caseBrowse）,https://www.canlii.org/en/ca/ukjcpc/doc/1932/1932canlii319/1932canlii319.html（CanLII 标题「Vandepitte v. Preferred Accident Insurance Company of New York」，1932）｜依据：本管线组案名「Vandepitte v. Preferred Accident Insurance Corp. of New York」与 CanLII 标题双方对上、判决年 ∈ 报告年−2..报告年,2026-09-11
[1933] A.C. 710,1933ac710,CA,JCPC,CanLII ukpc（枢密院对加拿大上诉判决库，API v1 caseBrowse）,https://www.canlii.org/en/ca/ukjcpc/doc/1933/1933canlii319/1933canlii319.html（CanLII 标题「Kerr v. Alberta (Provincial Treasurer)」，1933）｜依据：本管线组案名「Provincial Treasurer of Alberta v. Kerr」与 CanLII 标题双方对上、判决年 ∈ 报告年−2..报告年,2026-09-11
[1934] A.C. 176,1934ac176,CA,JCPC,CanLII ukpc（枢密院对加拿大上诉判决库，API v1 caseBrowse）,https://www.canlii.org/en/ca/ukjcpc/doc/1933/1933canlii379/1933canlii379.html（CanLII 标题「R. v. Reilly」，1933）｜依据：本管线组案名「Reilly v. The King」与 CanLII 标题双方对上、判决年 ∈ 报告年−2..报告年,2026-09-11
[1934] A.C. 181,1934ac181,CA,JCPC,CanLII ukpc（枢密院对加拿大上诉判决库，API v1 caseBrowse）,https://www.canlii.org/en/ca/ukjcpc/doc/1934/1934canlii271/1934canlii271.html（CanLII 标题「Vancouver Breweries Limited v. Vancouver Malt & Sake Brewing Company」，1934）｜依据：本管线组案名「Vancouver Malt v. Vancouver Breweries」与 CanLII 标题双方对上、判决年 ∈ 报告年−2..报告年,2026-09-11
[1934] A.C. 45,1934ac45,CA,JCPC,CanLII ukpc（枢密院对加拿大上诉判决库，API v1 caseBrowse）,https://www.canlii.org/en/ca/ukjcpc/doc/1933/1933canlii320/1933canlii320.html（CanLII 标题「British Columbia (Attorney General) v. Kingcome Navigation Company (No. 2)」，1933）｜依据：本管线组案名「Attorney‑General for British Columbia v. Kingcome Navigation Co」与 CanLII 标题双方对上、判决年 ∈ 报告年−2..报告年,2026-09-11
[1934] A.C. 477,1934ac477,CA,JCPC,CanLII ukpc（枢密院对加拿大上诉判决库，API v1 caseBrowse）,https://www.canlii.org/en/ca/ukjcpc/doc/1934/1934canlii275/1934canlii275.html（CanLII 标题「Ontario (Attorney General) v. Perry」，1934）｜依据：本管线组案名「Attorney-General for Ontario v. Perry」与 CanLII 标题双方对上、判决年 ∈ 报告年−2..报告年,2026-09-11
[1935] A.C 500,1935ac500,CA,JCPC,CanLII ukpc（枢密院对加拿大上诉判决库，API v1 caseBrowse）,https://www.canlii.org/en/ca/ukjcpc/doc/1935/1935canlii308/1935canlii308.html（CanLII 标题「R. v. British Coal Corporation」，1935）｜依据：本管线组案名「British Coal Corporation v. The King」与 CanLII 标题双方对上、判决年 ∈ 报告年−2..报告年,2026-09-11
[1935] A.C. 76,1935ac76,CA,JCPC,CanLII ukpc（枢密院对加拿大上诉判决库，API v1 caseBrowse）,https://www.canlii.org/en/ca/ukjcpc/doc/1934/1934canlii273/1934canlii273.html（CanLII 标题「O'Connor v. Waldron」，1934）｜依据：本管线组案名「O’Connor v. Waldron」与 CanLII 标题双方对上、判决年 ∈ 报告年−2..报告年,2026-09-11
[1936] 3 All E.R. 36,19363aller36,CA,JCPC,CanLII ukpc（枢密院对加拿大上诉判决库，API v1 caseBrowse）,https://www.canlii.org/en/ca/ukjcpc/doc/1936/1936canlii396/1936canlii396.html（CanLII 标题「R. v. Seneviratne」，1936）｜依据：本管线组案名「Seneviratne v. R」与 CanLII 标题双方对上、判决年 ∈ 报告年−2..报告年,2026-09-11
[1936] A.C. 177,1936ac177,CA,JCPC,CanLII ukpc（枢密院对加拿大上诉判决库，API v1 caseBrowse）,https://www.canlii.org/en/ca/ukjcpc/doc/1935/1935canlii276/1935canlii276.html（CanLII 标题「McPherson v. McPherson」，1935）｜依据：本管线组案名「McPherson v. McPherson」与 CanLII 标题双方对上、判决年 ∈ 报告年−2..报告年,2026-09-11
[1936] A.C. 322,1936ac322,CA,JCPC,CanLII ukpc（枢密院对加拿大上诉判决库，API v1 caseBrowse）,https://www.canlii.org/en/ca/ukjcpc/doc/1936/1936canlii385/1936canlii385.html（CanLII 标题「Trinidad and Tobago (Attorney General) v. Ambard」，1936）｜依据：本管线组案名「Ambard v. Attorney-General for Trinidad and Tobago」与 CanLII 标题双方对上、判决年 ∈ 报告年−2..报告年,2026-09-11
[1936] A.C. 635,1936ac635,CA,JCPC,CanLII ukpc（枢密院对加拿大上诉判决库，API v1 caseBrowse）,https://www.canlii.org/en/ca/ukjcpc/doc/1936/1936canlii119/1936canlii119.html（CanLII 标题「Browne v. Moody et al.」，1936）｜依据：本管线组案名「Browne v. Moody」与 CanLII 标题双方对上、判决年 ∈ 报告年−2..报告年,2026-09-11
[1936] A.C. 85,1936ac85,CA,JCPC,CanLII ukpc（枢密院对加拿大上诉判决库，API v1 caseBrowse）,https://www.canlii.org/en/ca/ukjcpc/doc/1935/1935canlii428/1935canlii428.html（CanLII 标题「Grant v. Australian Knitting Mills」，1935）｜依据：本管线组案名「Grant v. Australian Knitting Mills Ltd」与 CanLII 标题双方对上、判决年 ∈ 报告年−2..报告年,2026-09-11
[1937] A.C. 260,1937ac260,CA,JCPC,CanLII ukpc（枢密院对加拿大上诉判决库，API v1 caseBrowse）,https://www.canlii.org/en/ca/ukjcpc/doc/1936/1936canlii333/1936canlii333.html（CanLII 标题「Manitoba (Attorney General) v. Forbes」，1936）｜依据：本管线组案名「Forbes v. Attorney-General of Manitoba」与 CanLII 标题双方对上、判决年 ∈ 报告年−2..报告年,2026-09-11
[1937] A.C. 326,1937ac326,CA,JCPC,CanLII ukpc（枢密院对加拿大上诉判决库，API v1 caseBrowse）,https://www.canlii.org/en/ca/ukjcpc/doc/1937/1937canlii366/1937canlii366.html（CanLII 标题「Ontario (Attorney General) v. Canada (Attorney General)」，1937） ; https://www.canlii.org/en/ca/ukjcpc/doc/1937/1937canlii363/1937canlii363.html（CanLII 标题「Canada (Attorney General) v. Ontario (Attorney General)」，1937）｜依据：本管线组案名「Attorney-General for Canada v. Attorney General for Ontario and Others」与 CanLII 标题双方对上、判决年 ∈ 报告年−2..报告年,2026-09-11
[1937] A.C. 355,1937ac355,CA,JCPC,CanLII ukpc（枢密院对加拿大上诉判决库，API v1 caseBrowse）,https://www.canlii.org/en/ca/ukjcpc/doc/1937/1937canlii366/1937canlii366.html（CanLII 标题「Ontario (Attorney General) v. Canada (Attorney General)」，1937） ; https://www.canlii.org/en/ca/ukjcpc/doc/1937/1937canlii363/1937canlii363.html（CanLII 标题「Canada (Attorney General) v. Ontario (Attorney General)」，1937）｜依据：本管线组案名「A.G. Canada v. A.G. Ontario」与 CanLII 标题双方对上、判决年 ∈ 报告年−2..报告年,2026-09-11
[1937] A.C. 368,1937ac368,CA,JCPC,CanLII ukpc（枢密院对加拿大上诉判决库，API v1 caseBrowse）,https://www.canlii.org/en/ca/ukjcpc/doc/1937/1937canlii367/1937canlii367.html（CanLII 标题「British Columbia (Attorney General) v. Canada (Attorney General)」，1937） ; https://www.canlii.org/en/ca/ukjcpc/doc/1937/1937canlii365/1937canlii365.html（CanLII 标题「British Columbia (Attorney General) v. Canada (Attorney General)」，1937） ; https://www.canlii.org/en/ca/ukjcpc/doc/1937/1937canlii364/1937canlii364.html（CanLII 标题「British Columbia (Attorney General) v. Canada (Attorney General)」，1937）｜依据：本管线组案名「Attorney-General for British Columbia v. Attorney-General for Canada」与 CanLII 标题双方对上、判决年 ∈ 报告年−2..报告年,2026-09-11
[1937] AC. 377,1937ac377,CA,JCPC,CanLII ukpc（枢密院对加拿大上诉判决库，API v1 caseBrowse）,https://www.canlii.org/en/ca/ukjcpc/doc/1937/1937canlii367/1937canlii367.html（CanLII 标题「British Columbia (Attorney General) v. Canada (Attorney General)」，1937） ; https://www.canlii.org/en/ca/ukjcpc/doc/1937/1937canlii365/1937canlii365.html（CanLII 标题「British Columbia (Attorney General) v. Canada (Attorney General)」，1937） ; https://www.canlii.org/en/ca/ukjcpc/doc/1937/1937canlii364/1937canlii364.html（CanLII 标题「British Columbia (Attorney General) v. Canada (Attorney General)」，1937）｜依据：本管线组案名「Attorney-General for British Columbia v. Attorney-General for Canada (Natural Products Marketing Reference)」与 CanLII 标题双方对上、判决年 ∈ 报告年−2..报告年,2026-09-11
[1937] A.C. 391,1937ac391,CA,JCPC,CanLII ukpc（枢密院对加拿大上诉判决库，API v1 caseBrowse）,https://www.canlii.org/en/ca/ukjcpc/doc/1937/1937canlii367/1937canlii367.html（CanLII 标题「British Columbia (Attorney General) v. Canada (Attorney General)」，1937） ; https://www.canlii.org/en/ca/ukjcpc/doc/1937/1937canlii365/1937canlii365.html（CanLII 标题「British Columbia (Attorney General) v. Canada (Attorney General)」，1937） ; https://www.canlii.org/en/ca/ukjcpc/doc/1937/1937canlii364/1937canlii364.html（CanLII 标题「British Columbia (Attorney General) v. Canada (Attorney General)」，1937）｜依据：本管线组案名「A.G. for British Columbia v. A.G. for Canada」与 CanLII 标题双方对上、判决年 ∈ 报告年−2..报告年,2026-09-11
[1937] A.C. 405,1937ac405,CA,JCPC,CanLII ukpc（枢密院对加拿大上诉判决库，API v1 caseBrowse）,https://www.canlii.org/en/ca/ukjcpc/doc/1937/1937canlii366/1937canlii366.html（CanLII 标题「Ontario (Attorney General) v. Canada (Attorney General)」，1937） ; https://www.canlii.org/en/ca/ukjcpc/doc/1937/1937canlii363/1937canlii363.html（CanLII 标题「Canada (Attorney General) v. Ontario (Attorney General)」，1937）｜依据：本管线组案名「Attorney-General for Ontario v. Attorney-General for Canada」与 CanLII 标题双方对上、判决年 ∈ 报告年−2..报告年,2026-09-11
[1937] A.C. 610,1937ac610,CA,JCPC,CanLII ukpc（枢密院对加拿大上诉判决库，API v1 caseBrowse）,"https://www.canlii.org/en/ca/ukjcpc/doc/1937/1937canlii293/1937canlii293.html（CanLII 标题「Maritime Electric Company v. General Dairies, Limited」，1937）｜依据：本管线组案名「Maritime Electric Co. Ltd. v. General Dairies Ltd」与 CanLII 标题双方对上、判决年 ∈ 报告年−2..报告年",2026-09-11
[1938] 1 All E.R. 266,19381aller266,CA,JCPC,CanLII ukpc（枢密院对加拿大上诉判决库，API v1 caseBrowse）,https://www.canlii.org/en/ca/ukjcpc/doc/1937/1937canlii294/1937canlii294.html（CanLII 标题「Knight Sugar Company v. Alberta Railway and Irrigation Company」，1937）｜依据：本管线组案名「Knight Sugar Co. v. Alberta Railway Co」与 CanLII 标题双方对上、判决年 ∈ 报告年−2..报告年,2026-09-11
[1938] A.C. 415,1938ac415,CA,JCPC,CanLII ukpc（枢密院对加拿大上诉判决库，API v1 caseBrowse）,https://www.canlii.org/en/ca/ukjcpc/doc/1938/1938canlii252/1938canlii252.html（CanLII 标题「Toronto (City) v. York (Township)」，1938）｜依据：本管线组案名「Toronto Corporation v. York Corporation」与 CanLII 标题双方对上、判决年 ∈ 报告年−2..报告年,2026-09-11
[1938] A.C. 708,1938ac708,CA,JCPC,CanLII ukpc（枢密院对加拿大上诉判决库，API v1 caseBrowse）,https://www.canlii.org/en/ca/ukjcpc/doc/1938/1938canlii250/1938canlii250.html（CanLII 标题「Shannon v. Lower Mainland Dairy Products Board」，1938）｜依据：本管线组案名「Shannon v. Lower Mainland Dairy Products Board」与 CanLII 标题双方对上、判决年 ∈ 报告年−2..报告年,2026-09-11
[1938] A.C. 780,1938ac780,CA,JCPC,CanLII ukpc（枢密院对加拿大上诉判决库，API v1 caseBrowse）,https://www.canlii.org/en/ca/ukjcpc/doc/1938/1938canlii250/1938canlii250.html（CanLII 标题「Shannon v. Lower Mainland Dairy Products Board」，1938）｜依据：本管线组案名「Shannon v. Lower Mainland Dairy Products Board」与 CanLII 标题双方对上、判决年 ∈ 报告年−2..报告年,2026-09-11
[1939] A.C. 117,1939ac117,CA,JCPC,CanLII ukpc（枢密院对加拿大上诉判决库，API v1 caseBrowse）,https://www.canlii.org/en/ca/ukjcpc/doc/1938/1938canlii251/1938canlii251.html（CanLII 标题「Alberta (Attorney General) v. Canada (Attorney General)」，1938）｜依据：本管线组案名「Attorney-General for Alberta v. Attorney-General for Canada」与 CanLII 标题双方对上、判决年 ∈ 报告年−2..报告年,2026-09-11
[1939] A.C. 160,1939ac160,CA,JCPC,CanLII ukpc（枢密院对加拿大上诉判决库，API v1 caseBrowse）,https://www.canlii.org/en/ca/ukjcpc/doc/1938/1938canlii468/1938canlii468.html（CanLII 标题「R. v. Chung Chi Cheung」，1938）｜依据：本管线组案名「and Chung Chi Cheung v. The King」与 CanLII 标题双方对上、判决年 ∈ 报告年−2..报告年,2026-09-11
[1939] A.C. 277,1939ac277,CA,JCPC,CanLII ukpc（枢密院对加拿大上诉判决库，API v1 caseBrowse）,"https://www.canlii.org/en/ca/ukjcpc/doc/1939/1939canlii269/1939canlii269.html（CanLII 标题「Vita Food Products Inc. v. Unus Shipping Company」，1939）｜依据：本管线组案名「Vita Food Products, Inc. v. Unus Shipping Co」与 CanLII 标题双方对上、判决年 ∈ 报告年−2..报告年",2026-09-11
[1939] A.C. 468,1939ac468,CA,JCPC,CanLII ukpc（枢密院对加拿大上诉判决库，API v1 caseBrowse）,https://www.canlii.org/en/ca/ukjcpc/doc/1939/1939canlii270/1939canlii270.html（CanLII 标题「Ladore v. Bennett」，1939）｜依据：本管线组案名「Ladore v. Bennett」与 CanLII 标题双方对上、判决年 ∈ 报告年−2..报告年,2026-09-11
[1940] A.C. 127,1940ac127,CA,JCPC,CanLII ukpc（枢密院对加拿大上诉判决库，API v1 caseBrowse）,"https://www.canlii.org/en/ca/ukjcpc/doc/1939/1939canlii274/1939canlii274.html（CanLII 标题「Pioneer Laundry & Dry Cleaners Limited v. Canada (National Revenue)」，1939）｜依据：本管线组案名「4 Pioneer Laundry and Dry Cleaners, Ltd., v. Minister of National Revenue」与 CanLII 标题双方对上、判决年 ∈ 报告年−2..报告年",2026-09-11
[1940] A.C. 513,1940ac513,CA,JCPC,CanLII ukpc（枢密院对加拿大上诉判决库，API v1 caseBrowse）,https://www.canlii.org/en/ca/ukjcpc/doc/1939/1939canlii272/1939canlii272.html（CanLII 标题「Canada Rice Mills Ltd. v. The King」，1939）｜依据：本管线组案名「The King v. I.O.F. and the Attorney-General of Canada」与 CanLII 标题双方对上、判决年 ∈ 报告年−2..报告年,2026-09-11
[1941] 2 All E.R. 456,19412aller456,CA,JCPC,CanLII ukpc（枢密院对加拿大上诉判决库，API v1 caseBrowse）,https://www.canlii.org/en/ca/ukjcpc/doc/1941/1941canlii282/1941canlii282.html（CanLII 标题「International Railway Company v. Niagara Parks Commission (No. 2)」，1941）｜依据：本管线组案名「International Railway Co. v. Niagara Parks Commission」与 CanLII 标题双方对上、判决年 ∈ 报告年−2..报告年,2026-09-11
[1941] A.C. 294,1941ac294,CA,JCPC,CanLII ukpc（枢密院对加拿大上诉判决库，API v1 caseBrowse）,https://www.canlii.org/en/ca/ukjcpc/doc/1941/1941canlii383/1941canlii383.html（CanLII 标题「Dillon v. New Zealand (Public Trustee)」，1941）｜依据：本管线组案名「this was the outcome in Dillon v. Public Trustee of New Zealand」与 CanLII 标题双方对上、判决年 ∈ 报告年−2..报告年,2026-09-11
[1941] A.C. 453,1941ac453,CA,JCPC,CanLII ukpc（枢密院对加拿大上诉判决库，API v1 caseBrowse）,https://www.canlii.org/en/ca/ukjcpc/doc/1941/1941canlii281/1941canlii281.html（CanLII 标题「Board of Education of Windsor v. Ford Motor Co. et al.」，1941）｜依据：本管线组案名「Windsor Education Board v. Ford Motor Co. of Canada Ltd」与 CanLII 标题双方对上、判决年 ∈ 报告年−2..报告年,2026-09-11
[1941] A.C. 55,1941ac55,CA,JCPC,CanLII ukpc（枢密院对加拿大上诉判决库，API v1 caseBrowse）,"https://www.canlii.org/en/ca/ukjcpc/doc/1940/1940canlii322/1940canlii322.html（CanLII 标题「Canada Rice Mills Limited v. Union Marine and General Insurance Company (No. 1)」，1940）｜依据：本管线组案名「Canada Rice Mills, Ld. v. Union Marine & General Insurance Co」与 CanLII 标题双方对上、判决年 ∈ 报告年−2..报告年",2026-09-11
[1942] A.C. 541,1942ac541,CA,JCPC,CanLII ukpc（枢密院对加拿大上诉判决库，API v1 caseBrowse）,https://www.canlii.org/en/ca/ukjcpc/doc/1942/1942canlii367/1942canlii367.html（CanLII 标题「R. v. Williams」，1942）｜依据：本管线组案名「Williams v. The King」与 CanLII 标题双方对上、判决年 ∈ 报告年−2..报告年,2026-09-11
[1942] A.C. 591,1942ac591,CA,JCPC,CanLII ukpc（枢密院对加拿大上诉判决库，API v1 caseBrowse）,https://www.canlii.org/en/ca/ukjcpc/doc/1942/1942canlii366/1942canlii366.html（CanLII 标题「Lockhart v. Canadian Pacific Railway Company」，1942）｜依据：本管线组案名「Canadian Pacific Railway Company v. Lockhart」与 CanLII 标题双方对上、判决年 ∈ 报告年−2..报告年,2026-09-11
[1943] AC. 356,1943ac356,CA,JCPC,CanLII ukpc（枢密院对加拿大上诉判决库，API v1 caseBrowse）,"https://www.canlii.org/en/ca/ukjcpc/doc/1943/1943canlii371/1943canlii371.html（CanLII 标题「Reference Re the Debt Adjuistment Act, 1937 (Alberta). Attorney-General for Alberta v. Attorney-General for Canada et al.」，1943）｜依据：本管线组案名「Attorney General of Alberta v. Attorney General of Canada」与 CanLII 标题双方对上、判决年 ∈ 报告年−2..报告年",2026-09-11
[1943] A.C. 425,1943ac425,CA,JCPC,CanLII ukpc（枢密院对加拿大上诉判决库，API v1 caseBrowse）,https://www.canlii.org/en/ca/ukjcpc/doc/1943/1943canlii461/1943canlii461.html（CanLII 标题「New South Wales (Stamp Duties Commissioner) v. Perpetual Trustee Company」，1943）｜依据：本管线组案名「Commissioner for Stamp Duties of New South Wales v. Perpetual Trustee Co」与 CanLII 标题双方对上、判决年 ∈ 报告年−2..报告年,2026-09-11
[1943] A.C. 536,1943ac536,CA,JCPC,CanLII ukpc（枢密院对加拿大上诉判决库，API v1 caseBrowse）,https://www.canlii.org/en/ca/ukjcpc/doc/1943/1943canlii303/1943canlii303.html（CanLII 标题「Montreal Trust Company v. Abitibi Power & Paper Company」，1943）｜依据：本管线组案名「Abitibi Power and Paper Co. v. Montreal Trust Co」与 CanLII 标题双方对上、判决年 ∈ 报告年−2..报告年,2026-09-11
[1943] A. C. 550,1943ac550,CA,JCPC,CanLII ukpc（枢密院对加拿大上诉判决库，API v1 caseBrowse）,"https://www.canlii.org/en/ca/ukjcpc/doc/1943/1943canlii372/1943canlii372.html（CanLII 标题「Atlantic Smoke Shops Limited v. Conlon」，1943）｜依据：本管线组案名「Atlantic Smoke Shops, Ltd. v. Conlon」与 CanLII 标题双方对上、判决年 ∈ 报告年−2..报告年",2026-09-11
[1944] A.C. 126,1944ac126,CA,JCPC,CanLII ukpc（枢密院对加拿大上诉判决库，API v1 caseBrowse）,"https://www.canlii.org/en/ca/ukjcpc/doc/1944/1944canlii385/1944canlii385.html（CanLII 标题「Montreal Coke & Manufacturing Co. v. Minister of National Revenue,; Montreal Light,; Heat & Power Consolidated v. Minister of National Revenue」，1944）｜依据：本管线组案名「Montreal Coke and Manufacturing Co. v. Minister of National Revenue」与 CanLII 标题双方对上、判决年 ∈ 报告年−2..报告年",2026-09-11
"[1944] A.C., 127",1944ac127,CA,JCPC,CanLII ukpc（枢密院对加拿大上诉判决库，API v1 caseBrowse）,"https://www.canlii.org/en/ca/ukjcpc/doc/1944/1944canlii385/1944canlii385.html（CanLII 标题「Montreal Coke & Manufacturing Co. v. Minister of National Revenue,; Montreal Light,; Heat & Power Consolidated v. Minister of National Revenue」，1944）｜依据：本管线组案名「Montreal Coke and Manufacturing Co. v. Minister of National Revenue」与 CanLII 标题双方对上、判决年 ∈ 报告年−2..报告年",2026-09-11
[1944] A.C. 254,1944ac254,CA,JCPC,CanLII ukpc（枢密院对加拿大上诉判决库，API v1 caseBrowse）,"https://www.canlii.org/en/ca/ukjcpc/doc/1944/1944canlii384/1944canlii384.html（CanLII 标题「Trower & Sons Ltd. v. Ripstein」，1944）｜依据：本管线组案名「Trower and Sons, Ld. v. Ripstein」与 CanLII 标题双方对上、判决年 ∈ 报告年−2..报告年",2026-09-11
[1945] A.C. 108,1945ac108,CA,JCPC,CanLII ukpc（枢密院对加拿大上诉判决库，API v1 caseBrowse）,"https://www.canlii.org/en/ca/ukjcpc/doc/1945/1945canlii346/1945canlii346.html（CanLII 标题「Vigneux et al. v. Canadian Performing Right Society Ltd.」，1945）｜依据：本管线组案名「Vigneux v. Canadian Performing Right Society, Ltd」与 CanLII 标题双方对上、判决年 ∈ 报告年−2..报告年",2026-09-11
[1946] A.C. 193,1946ac193,CA,JCPC,CanLII ukpc（枢密院对加拿大上诉判决库，API v1 caseBrowse）,"https://www.canlii.org/en/ca/ukjcpc/doc/1946/1946canlii351/1946canlii351.html（CanLII 标题「Ontario (Attorney General) v. Canada Temperance Federation」，1946）｜依据：本管线组案名「a subsequent case, Attorney-General for Ontario v. Canada Temperance Federation」与 CanLII 标题双方对上、判决年 ∈ 报告年−2..报告年",2026-09-11
[1946] A.C. 32,1946ac32,CA,JCPC,CanLII ukpc（枢密院对加拿大上诉判决库，API v1 caseBrowse）,https://www.canlii.org/en/ca/ukjcpc/doc/1945/1945canlii397/1945canlii397.html（CanLII 标题「Toronto v. Attorney-General of Canada」，1945）｜依据：本管线组案名「Toronto v. Attorney-General for Canada」与 CanLII 标题双方对上、判决年 ∈ 报告年−2..报告年,2026-09-11
[1946] A.C. 33,1946ac33,CA,JCPC,CanLII ukpc（枢密院对加拿大上诉判决库，API v1 caseBrowse）,https://www.canlii.org/en/ca/ukjcpc/doc/1946/1946canlii354/1946canlii354.html（CanLII 标题「Canada (Attorney General) v. Quebec (Attorney General)」，1946）｜依据：本管线组案名「Attorney-General for Canada v. Attorney-General for Quebec」与 CanLII 标题双方对上、判决年 ∈ 报告年−2..报告年,2026-09-11
[1946] A.C. 83,1946ac83,CA,JCPC,CanLII ukpc（枢密院对加拿大上诉判决库，API v1 caseBrowse）,https://www.canlii.org/en/ca/ukjcpc/doc/1945/1945canlii516/1945canlii516.html（CanLII 标题「R. v. Kwaku Mensah」，1945）｜依据：本管线组案名「Kwaku Mensah v. The King」与 CanLII 标题双方对上、判决年 ∈ 报告年−2..报告年,2026-09-11
[1947] A.C. 109,1947ac109,CA,JCPC,CanLII ukpc（枢密院对加拿大上诉判决库，API v1 caseBrowse）,"https://www.canlii.org/en/ca/ukjcpc/doc/1946/1946canlii345/1946canlii345.html（CanLII 标题「Wrights' Canadian Ropes Limited v. Canada (National Revenue)」，1946）｜依据：本管线组案名「Minister of National Revenue v. Wrights' Canadian Ropes, Ltd」与 CanLII 标题双方对上、判决年 ∈ 报告年−2..报告年",2026-09-11
[1947] A.C. 127,1947ac127,CA,JCPC,CanLII ukpc（枢密院对加拿大上诉判决库，API v1 caseBrowse）,https://www.canlii.org/en/ca/ukjcpc/doc/1946/1946canlii351/1946canlii351.html（CanLII 标题「Ontario (Attorney General) v. Canada Temperance Federation」，1946） ; https://www.canlii.org/en/ca/ukjcpc/doc/1947/1947canlii301/1947canlii301.html（CanLII 标题「Ontario (Attorney General) v. Canada (Attorney General)」，1947）｜依据：本管线组案名「Attorney-General for Ontario v. Attorney-General for Canada」与 CanLII 标题双方对上、判决年 ∈ 报告年−2..报告年,2026-09-11
[1947] A.C. 313,1947ac313,CA,JCPC,CanLII ukpc（枢密院对加拿大上诉判决库，API v1 caseBrowse）,https://www.canlii.org/en/ca/ukjcpc/doc/1947/1947canlii304/1947canlii304.html（CanLII 标题「Fiberglas Canada Ltd. et al. v. Spun Rock Wools Ltd. et al.」，1947）｜依据：本管线组案名「Spun Rock Wools Ltd. v. Fiberglas Canada Ltd」与 CanLII 标题双方对上、判决年 ∈ 报告年−2..报告年,2026-09-11
[1947] A.C. 33,1947ac33,CA,JCPC,CanLII ukpc（枢密院对加拿大上诉判决库，API v1 caseBrowse）,https://www.canlii.org/en/ca/ukjcpc/doc/1946/1946canlii354/1946canlii354.html（CanLII 标题「Canada (Attorney General) v. Quebec (Attorney General)」，1946）｜依据：本管线组案名「Attorney-General for Canada v. Attorney-General for Quebec」与 CanLII 标题双方对上、判决年 ∈ 报告年−2..报告年,2026-09-11
[1947] A.C. 503,1947ac503,CA,JCPC,CanLII ukpc（枢密院对加拿大上诉判决库，API v1 caseBrowse）,https://www.canlii.org/en/ca/ukjcpc/doc/1947/1947canlii347/1947canlii347.html（CanLII 标题「Alberta (Attorney General) v. Canada (Attorney General)」，1947）｜依据：本管线组案名「Attorney‑General for Alberta v. Attorney‑General for Canada」与 CanLII 标题双方对上、判决年 ∈ 报告年−2..报告年,2026-09-11
[1947] A.C. 66,1947ac66,CA,JCPC,CanLII ukpc（枢密院对加拿大上诉判决库，API v1 caseBrowse）,"https://www.canlii.org/en/ca/ukjcpc/doc/1946/1946canlii350/1946canlii350.html（CanLII 标题「Gooderham & Worts Limited v. Canadian Broadcasting Corporation」，1946）｜依据：本管线组案名「Gooderham and Worts, Ltd. v. Canadian Broadcasting Corp」与 CanLII 标题双方对上、判决年 ∈ 报告年−2..报告年",2026-09-11
[1947] A.C. 87,1947ac87,CA,JCPC,CanLII ukpc（枢密院对加拿大上诉判决库，API v1 caseBrowse）,https://www.canlii.org/en/ca/ukjcpc/doc/1946/1946canlii361/1946canlii361.html（CanLII 标题「Co-Operative Committee On Japanese Canadians et al. v. Attorney-General of Canada et al.」，1946）｜依据：本管线组案名「Co‑operative Committee on Japanese Canadians v. Attorney‑General of Canada」与 CanLII 标题双方对上、判决年 ∈ 报告年−2..报告年,2026-09-11
[1949] A.C. 110,1949ac110,CA,JCPC,CanLII ukpc（枢密院对加拿大上诉判决库，API v1 caseBrowse）,https://www.canlii.org/en/ca/ukjcpc/doc/1948/1948canlii317/1948canlii317.html（CanLII 标题「Saskatchewan (Attorney General) v. Canada (Attorney General)」，1948）｜依据：本管线组案名「Attorney General for Saskatchewan v. Attorney General for Canada」与 CanLII 标题双方对上、判决年 ∈ 报告年−2..报告年,2026-09-11
[1949] A.C. 134,1949ac134,CA,JCPC,CanLII ukpc（枢密院对加拿大上诉判决库，API v1 caseBrowse）,"https://www.canlii.org/en/ca/ukjcpc/doc/1948/1948canlii266/1948canlii266.html（CanLII 标题「Labour Relations Board of Saskatchewan v. John East Iron Works Limited」，1948）｜依据：本管线组案名「Labour Relations Board of Saskatchewan v. John East Iron Works, Ltd」与 CanLII 标题双方对上、判决年 ∈ 报告年−2..报告年",2026-09-11
[1949] A.C. 182,1949ac182,CA,JCPC,CanLII ukpc（枢密院对加拿大上诉判决库，API v1 caseBrowse）,https://www.canlii.org/en/ca/ukjcpc/doc/1949/1949canlii437/1949canlii437.html（CanLII 标题「R. v. Noor Mohamed」，1949）｜依据：本管线组案名「Noor Mohamed v. The King」与 CanLII 标题双方对上、判决年 ∈ 报告年−2..报告年,2026-09-11
[1949] A.C. 36,1949ac36,CA,JCPC,CanLII ukpc（枢密院对加拿大上诉判决库，API v1 caseBrowse）,https://www.canlii.org/en/ca/ukjcpc/doc/1948/1948canlii399/1948canlii399.html（CanLII 标题「International Harvester Company of Canada v. Income Tax Commission」，1948）｜依据：本管线组案名「International Harvester Co. v. Provincial Tax Commission」与 CanLII 标题双方对上、判决年 ∈ 报告年−2..报告年,2026-09-11
[1950] A.C. 441,1950ac441,CA,JCPC,CanLII ukpc（枢密院对加拿大上诉判决库，API v1 caseBrowse）,https://www.canlii.org/en/ca/ukjcpc/doc/1950/1950canlii514/1950canlii514.html（CanLII 标题「Abdul Karim Basma v. Weekes」，1950）｜依据：本管线组案名「Basma v. Weekes et al」与 CanLII 标题双方对上、判决年 ∈ 报告年−2..报告年,2026-09-11
[1950] A.C. 458,1950ac458,CA,JCPC,CanLII ukpc（枢密院对加拿大上诉判决库，API v1 caseBrowse）,"https://www.canlii.org/en/ca/ukjcpc/doc/1950/1950canlii420/1950canlii420.html（CanLII 标题「Malaya (Public Prosecutor) v. Sambasivam」，1950）｜依据：本管线组案名「Sambasivam v. Public Prosecutor, Federation of Malaya」与 CanLII 标题双方对上、判决年 ∈ 报告年−2..报告年",2026-09-11
[1950] A.C. 87,1950ac87,CA,JCPC,CanLII ukpc（枢密院对加拿大上诉判决库，API v1 caseBrowse）,https://www.canlii.org/en/ca/ukjcpc/doc/1949/1949canlii324/1949canlii324.html（CanLII 标题「Esquimalt & Nanaimo Railway Company v. British Columbia (Attorney General)」，1949）｜依据：本管线组案名「Attorney‑General for British Columbia v. Esquimalt and Nanaimo Railway Co」与 CanLII 标题双方对上、判决年 ∈ 报告年−2..报告年,2026-09-11
[1951] 2 All E.R. 448,19512aller448,CA,JCPC,CanLII ukpc（枢密院对加拿大上诉判决库，API v1 caseBrowse）,https://www.canlii.org/en/ca/ukjcpc/doc/1951/1951canlii374/1951canlii374.html（CanLII 标题「Nance v. British Columbia Electric Railway Company」，1951）｜依据：本管线组案名「Nance v. British Columbia Electric Railway」与 CanLII 标题双方对上、判决年 ∈ 报告年−2..报告年,2026-09-11
[1951] A.C. 179,1951ac179,CA,JCPC,CanLII ukpc（枢密院对加拿大上诉判决库，API v1 caseBrowse）,"https://www.canlii.org/en/ca/ukjcpc/doc/1950/1950canlii342/1950canlii342.html（CanLII 标题「Reference Re Validity of Section 5(a) of Tre Dairy Industry Act, Canadian Federation of Agriculture v. Attorney-General of Quebec et al. Margarine Case」，1950）｜依据：本管线组案名「Canadian Federation of Agriculture v. Attorney‑General for Quebec」与 CanLII 标题双方对上、判决年 ∈ 报告年−2..报告年",2026-09-11
[1951] A.C. 319,1951ac319,CA,JCPC,CanLII ukpc（枢密院对加拿大上诉判决库，API v1 caseBrowse）,https://www.canlii.org/en/ca/ukjcpc/doc/1951/1951canlii306/1951canlii306.html（CanLII 标题「Boiler Inspection & Insurance Co. of Canada v. Sherwin-Williams Co. of Canada Ltd.」，1951）｜依据：本管线组案名「Sherwin-Williams Co. of Canada Ltd. v. Boiler Inspection & Insurance Co. of Canada」与 CanLII 标题双方对上、判决年 ∈ 报告年−2..报告年,2026-09-11
[1951] A.C. 352,1951ac352,CA,JCPC,CanLII ukpc（枢密院对加拿大上诉判决库，API v1 caseBrowse）,https://www.canlii.org/en/ca/ukjcpc/doc/1951/1951canlii305/1951canlii305.html（CanLII 标题「McKee v. McKee」，1951）｜依据：本管线组案名「McKee v. McKee」与 CanLII 标题双方对上、判决年 ∈ 报告年−2..报告年,2026-09-11
[1951] A.C. 585,1951ac585,CA,JCPC,CanLII ukpc（枢密院对加拿大上诉判决库，API v1 caseBrowse）,https://www.canlii.org/en/ca/ukjcpc/doc/1951/1951canlii373/1951canlii373.html（CanLII 标题「Kuzych v. White (No. 3)」，1951）｜依据：本管线组案名「White v. Kuzych」与 CanLII 标题双方对上、判决年 ∈ 报告年−2..报告年,2026-09-11
[1951] AC 601,1951ac601,CA,JCPC,CanLII ukpc（枢密院对加拿大上诉判决库，API v1 caseBrowse）,https://www.canlii.org/en/ca/ukjcpc/doc/1951/1951canlii374/1951canlii374.html（CanLII 标题「Nance v. British Columbia Electric Railway Company」，1951）｜依据：本管线组案名「Nance v. British Columbia Electric Railway Co」与 CanLII 标题双方对上、判决年 ∈ 报告年−2..报告年,2026-09-11
[1951] A.C. 786,1951ac786,CA,JCPC,CanLII ukpc（枢密院对加拿大上诉判决库，API v1 caseBrowse）,https://www.canlii.org/en/ca/ukjcpc/doc/1951/1951canlii309/1951canlii309.html（CanLII 标题「Bennett & White (Calgary) Limited v. Sugar City (Municipal District)」，1951）｜依据：本管线组案名「Bennett & White (Calgary) Ltd. v. Municipal District of Sugar City No. 5」与 CanLII 标题双方对上、判决年 ∈ 报告年−2..报告年,2026-09-11
[1952] A.C. 192,1952ac192,CA,JCPC,CanLII ukpc（枢密院对加拿大上诉判决库，API v1 caseBrowse）,https://www.canlii.org/en/ca/ukjcpc/doc/1952/1952canlii260/1952canlii260.html（CanLII 标题「Canada Steamship Lines Limited v. R.」，1952）｜依据：本管线组案名「Canada Steamship Lines Ltd. v. The King」与 CanLII 标题双方对上、判决年 ∈ 报告年−2..报告年,2026-09-11
