printed_key,key_type,valid_from,valid_to,court_established,deciding_court,origin_country_scope,origin_subdivision_scope,scope_kind,source,source_locator,verification_status,notes,reviewer,reviewed_at
SCC,neutral_code,2000,,1875,Supreme Court of Canada,CA,,exclusive_origin,"标识符适用期：Canadian Citation Committee《A Neutral Citation Standard for Case Law》（Lexum 托管，CanLII 运营方）——SCC 2000 年 1 月起签发中立引用，首例 2000 SCC 1；排他来源地：Supreme Court Act, R.S.C. 1985, c. S-26, ss. 3, 35, 40, 52（法域限于「within and throughout Canada」）；建院 1875（SCC 官方 History 页）","https://www.lexum.com/ccc-ccr/neutr/index_en.html ; https://laws-lois.justice.gc.ca/eng/acts/s-26/FullText.html ; https://www.scc-csc.ca/visit-visitez/history-histoire/",verified_scope_rule,"valid_from/valid_to = 中立引用**标识符**的适用期（年代闸用它）；court_established 只是信息列，不参与年代闸。1875–1949 年 SCC 自身判决可再上诉至英国枢密院（outbound），不影响 inbound 来源地推断",engineering lead (autonomous demo round),2026-09-12
CSC,neutral_code,2000,,1875,Cour suprême du Canada（= SCC，法语代码）,CA,,exclusive_origin,"同 SCC 行；CCC 标准并列载有 CSC 代码，2000 年 1 月起；官方双语实例：2014 CSC 7 = 2014 SCC 7（Hryniak c. Mauldin）","https://www.lexum.com/ccc-ccr/neutr/index_en.html ; https://decisions.scc-csc.ca/scc-csc/bulletins/fr/item/4671/index.do",verified_scope_rule,与 SCC 同一法院的双语代码（双语映射 = R2-1 允许的身份等价依据之一）,engineering lead (autonomous demo round),2026-09-12
ONCA,neutral_code,2007,,"1867（标准记载；官网未载建院年）",Court of Appeal for Ontario,CA,Ontario,exclusive_origin,"标识符适用期：CCC 标准——Ontario Court of Appeal 2007 年 1 月起签发（2007 ONCA 1）；排他来源地：ontariocourts.ca 官方原话「The Court of Appeal for Ontario hears appeals that originate in Ontario courts and tribunals」；法定依据 Courts of Justice Act, R.S.O. 1990, c. C.43, s. 6(1)（上诉来源全部为 Ontario 法院）","https://www.lexum.com/ccc-ccr/neutr/index_en.html ; https://www.ontariocourts.ca/coa/how-to-proceed-court/ ; https://www.canlii.org/en/on/laws/stat/rso-1990-c-c43/latest/rso-1990-c-c43.html",verified_scope_rule,R2-4 订正：年代闸改用**标识符**适用期 2007（此前误用建院年 1867，且引 Wikipedia 的行已全部替换为官方/一手来源）,engineering lead (autonomous demo round),2026-09-12
EWCA,neutral_code,2001,,1875,Court of Appeal of England and Wales,GB,England and Wales,exclusive_origin,"标识符适用期：E&W 法院中立引用 [year] EWCA 由 2001 年 1 月的 Practice Statement/Direction 引入（Inner Temple Library neutral citations guide：2001-01-11 起签发）；建院：Supreme Court of Judicature Acts 1873–1875（1875-11-01 运行）；殖民地/外国上诉走枢密院（JCPC）而非 E&W 法院","https://www.innertemplelibrary.org.uk/research-and-training/guide-to-neutral-citations/ ; https://www.iclr.co.uk/knowledge/case-law/neutral-citations/ ; https://www.jcpc.uk/about/",verified_scope_rule,印出来的 token 是 EWCA（Civ/Crim 是分辑槽）；仅适用于 citation_kind=neutral 的行；2001 年前的 EWCA 号不存在（无 BAILII 回溯问题；年代闸与标识符期一致）,engineering lead (autonomous demo round),2026-09-12
EWHC,neutral_code,2001,,1875,High Court of Justice of England and Wales,GB,England and Wales,exclusive_origin,"同 EWCA（Judicature Acts 1873–1875 设立 High Court；中立引用 2001 年 1 月起）","https://www.innertemplelibrary.org.uk/research-and-training/guide-to-neutral-citations/ ; https://www.iclr.co.uk/knowledge/case-law/neutral-citations/",verified_scope_rule,Administrative Court 分庭代码为 EWHC (Admin)，同属本规则,engineering lead (autonomous demo round),2026-09-12
EWCA Civ,neutral_code,2001,,1875,Court of Appeal of England and Wales (Civil Division),GB,England and Wales,exclusive_origin,"R2-4 新增分辑行：语料实测印刷形「[2002] EWCA Civ. 1096」（token 含分辑词，键 abbr=ewcaciv）；分辑是同一法院的民事分庭——排他来源地与 EWCA 行同源","https://www.innertemplelibrary.org.uk/research-and-training/guide-to-neutral-citations/",verified_scope_rule,键是印刷事实 nk(EWCA Civ)；不实现前缀匹配（分辑行逐个显式登记）,engineering lead (autonomous demo round),2026-09-12
EWCA Crim,neutral_code,2001,,1875,Court of Appeal of England and Wales (Criminal Division),GB,England and Wales,exclusive_origin,"R2-4 新增分辑行：语料实测印刷形「[2002] EWCA Crim 1353」（键 abbr=ewcacrim）；刑事分庭排他来源地同 EWCA","https://www.innertemplelibrary.org.uk/research-and-training/guide-to-neutral-citations/",verified_scope_rule,同上,engineering lead (autonomous demo round),2026-09-12
EWHC Ch,neutral_code,2001,,1875,High Court of Justice of England and Wales (Chancery Division),GB,England and Wales,exclusive_origin,"R2-4 新增分辑行：语料实测印刷形「[2001] EWHC Ch 443」（键 abbr=ewhcch）；大法官分庭排他来源地同 EWHC","https://www.innertemplelibrary.org.uk/research-and-training/guide-to-neutral-citations/",verified_scope_rule,同上；UKUT（上诉法院/裁判所分庭属地不同）**不**入表——其分庭属地依赖具体 chamber，证据不足，保持 UNDETERMINED,engineering lead (autonomous demo round),2026-09-12
UKSC,neutral_code,2009,,2009,The Supreme Court of the United Kingdom,GB,United Kingdom,exclusive_origin,"Constitutional Reform Act 2005 Part 3 s.23（2009-10-01 设立，标识符同年启用）；s.40（管辖权全部源自 UK 法院体系——「UK only」属法条推论而非明文）","https://supremecourt.uk/about-the-court/history ; https://www.legislation.gov.uk/ukpga/2005/4/section/40",verified_scope_rule,外国/海外领土上诉走同址的 JCPC（jcpc.uk），不经过 UKSC,engineering lead (autonomous demo round),2026-09-12
UKHL,neutral_code,2001,2009,,House of Lords (Appellate Committee),GB,United Kingdom,exclusive_origin,"中立引用 [year] UKHL 自 2001-01-11 起才由法院签发（Inner Temple Library neutral citation guide；ICLR：中立引用=法院签发）；BAILII 对 2001 年前的 HL 判决回溯性冠以现代形 UKHL 号（如 Rylands v Fletcher [1868] UKHL 1）——年代闸 valid_from=2001 把回溯号挡在规则外","https://www.innertemplelibrary.org.uk/research-and-training/guide-to-neutral-citations/ ; https://www.bailii.org/uk/cases/UKHL/1868/1.html ; https://www.iclr.co.uk/knowledge/case-law/neutral-citations/",verified_scope_rule,已知例外已由年代闸排除：1922 年前爱尔兰上诉至 HL 的案子只可能以 <2001 的回溯号出现（<2001 → 不适用 → UNDETERMINED）,engineering lead (autonomous demo round),2026-09-12
