court_code,normalized_key,jurisdiction,source,source_locator,added_date
ABAER,ABAER,AB,CanLII API v1 caseBrowse,"databaseId=abaer; jurisdiction=""ab""; name=""Alberta Energy Regulator""; 佐证引证=""2026 ABAER 7 (CanLII)""（该库样本 5 条印此码）; endpoint=https://api.canlii.org/v1/caseBrowse/en/abaer/?offset=0&resultCount=5",2026-09-09
ABASC,ABASC,AB,CanLII API v1 caseBrowse,"databaseId=absec; jurisdiction=""ab""; name=""Alberta Securities Commission""; 佐证引证=""2026 ABASC 109 (CanLII)""（该库样本 5 条印此码）; endpoint=https://api.canlii.org/v1/caseBrowse/en/absec/?offset=0&resultCount=5",2026-09-09
ABCA,ABCA,AB,CanLII API v1 caseBrowse,"databaseId=abca; jurisdiction=""ab""; name=""Court of Appeal of Alberta""; 佐证引证=""2026 ABCA 288 (CanLII)""（该库样本 5 条印此码）; endpoint=https://api.canlii.org/v1/caseBrowse/en/abca/?offset=0&resultCount=5",2026-09-09
ABCDRT,ABCDRT,AB,CanLII API v1 caseBrowse,"databaseId=abcdrt; jurisdiction=""ab""; name=""Condominium Dispute Resolution Tribunal""; 佐证引证=""2026 ABCDRT 19 (CanLII)""（该库样本 5 条印此码）; endpoint=https://api.canlii.org/v1/caseBrowse/en/abcdrt/?offset=0&resultCount=5",2026-09-09
ABCGYARB,ABCGYARB,AB,CanLII API v1 caseBrowse,"databaseId=abcgyarb; jurisdiction=""ab""; name=""Calgary Assessment Review Board""; 佐证引证=""2026 ABCGYARB 2212643 (CanLII)""（该库样本 5 条印此码）; endpoint=https://api.canlii.org/v1/caseBrowse/en/abcgyarb/?offset=0&resultCount=5",2026-09-09
ABCJ,ABCJ,AB,CanLII API v1 caseBrowse,"databaseId=abcj; jurisdiction=""ab""; name=""Alberta Court of Justice""; 佐证引证=""2026 ABCJ 138 (CanLII)""（该库样本 5 条印此码）; endpoint=https://api.canlii.org/v1/caseBrowse/en/abcj/?offset=0&resultCount=5",2026-09-09
ABCPA,ABCPA,AB,CanLII API v1 caseBrowse,"databaseId=abcpa; jurisdiction=""ab""; name=""Chartered Professional Accountants of Alberta""; 佐证引证=""2026 ABCPA 7 (CanLII)""（该库样本 5 条印此码）; endpoint=https://api.canlii.org/v1/caseBrowse/en/abcpa/?offset=0&resultCount=5",2026-09-09
ABCPT,ABCPT,AB,CanLII API v1 caseBrowse,"databaseId=abcpt; jurisdiction=""ab""; name=""College of Physiotherapists of Alberta""; 佐证引证=""2025 ABCPT 6 (CanLII)""（该库样本 4 条印此码）; endpoint=https://api.canlii.org/v1/caseBrowse/en/abcpt/?offset=0&resultCount=5",2026-09-09
ABCTIAB,ABCTIAB,AB,CanLII API v1 caseBrowse,"databaseId=abctiab; jurisdiction=""ab""; name=""Calgary Tax Incentive Appeal Board""; 佐证引证=""2025 ABCTIAB 1 (CanLII)""（该库样本 1 条印此码）; endpoint=https://api.canlii.org/v1/caseBrowse/en/abctiab/?offset=0&resultCount=5",2026-09-09
ABEAB,ABEAB,AB,CanLII API v1 caseBrowse,"databaseId=abeab; jurisdiction=""ab""; name=""Alberta Environmental Appeal Board""; 佐证引证=""2026 ABEAB 18 (CanLII)""（该库样本 5 条印此码）; endpoint=https://api.canlii.org/v1/caseBrowse/en/abeab/?offset=0&resultCount=5",2026-09-09
ABECARB,ABECARB,AB,CanLII API v1 caseBrowse,"databaseId=abecarb; jurisdiction=""ab""; name=""Edmonton Composite Assessment Review Board""; 佐证引证=""2026 ABECARB 643 (CanLII)""（该库样本 5 条印此码）; endpoint=https://api.canlii.org/v1/caseBrowse/en/abecarb/?offset=0&resultCount=5",2026-09-09
ABELARB,ABELARB,AB,CanLII API v1 caseBrowse,"databaseId=abelarb; jurisdiction=""ab""; name=""Edmonton Local Assessment Review Board""; 佐证引证=""2026 ABELARB 344 (CanLII)""（该库样本 5 条印此码）; endpoint=https://api.canlii.org/v1/caseBrowse/en/abelarb/?offset=0&resultCount=5",2026-09-09
ABESAB,ABESAB,AB,CanLII API v1 caseBrowse,"databaseId=abesu; jurisdiction=""ab""; name=""Alberta Employment Standards Appeals""; 佐证引证=""2026 ABESAB 17 (CanLII)""（该库样本 5 条印此码）; endpoint=https://api.canlii.org/v1/caseBrowse/en/abesu/?offset=0&resultCount=5",2026-09-09
ABESDAB,ABESDAB,AB,CanLII API v1 caseBrowse,"databaseId=abesdab; jurisdiction=""ab""; name=""Edmonton Subdivision and Development Appeal Board""; 佐证引证=""2026 ABESDAB 20004 (CanLII)""（该库样本 5 条印此码）; endpoint=https://api.canlii.org/v1/caseBrowse/en/abesdab/?offset=0&resultCount=5",2026-09-09
ABHRAAT,ABHRAAT,AB,CanLII API v1 caseBrowse,"databaseId=abhraat; jurisdiction=""ab""; name=""Horse Racing Alberta Appeal Tribunal""; 佐证引证=""2026 ABHRAAT 26 (CanLII)""（该库样本 5 条印此码）; endpoint=https://api.canlii.org/v1/caseBrowse/en/abhraat/?offset=0&resultCount=5",2026-09-09
ABKB,ABKB,AB,CanLII API v1 caseBrowse,"databaseId=abkb; jurisdiction=""ab""; name=""Court of King's Bench of Alberta""; 佐证引证=""2026 ABKB 632 (CanLII)""（该库样本 5 条印此码）; endpoint=https://api.canlii.org/v1/caseBrowse/en/abkb/?offset=0&resultCount=5",2026-09-09
ABLCB,ABLCB,AB,CanLII API v1 caseBrowse,"databaseId=ablcb; jurisdiction=""ab""; name=""Alberta Land Compensation Board""; 佐证引证=""2021 ABLCB 1 (CanLII)""（该库样本 5 条印此码）; endpoint=https://api.canlii.org/v1/caseBrowse/en/ablcb/?offset=0&resultCount=5",2026-09-09
ABLCSAB,ABLCSAB,AB,CanLII API v1 caseBrowse,"databaseId=ablcsab; jurisdiction=""ab""; name=""Calgary Licence and Community Standards Appeal Board""; 佐证引证=""2026 ABLCSAB 9 (CanLII)""（该库样本 5 条印此码）; endpoint=https://api.canlii.org/v1/caseBrowse/en/ablcsab/?offset=0&resultCount=5",2026-09-09
ABLERB,ABLERB,AB,CanLII API v1 caseBrowse,"databaseId=ablerb; jurisdiction=""ab""; name=""Alberta Law Enforcement Review Board""; 佐证引证=""2026 ABLERB 10 (CanLII)""（该库样本 5 条印此码）; endpoint=https://api.canlii.org/v1/caseBrowse/en/ablerb/?offset=0&resultCount=5",2026-09-09
ABLPRT,ABLPRT,AB,CanLII API v1 caseBrowse,"databaseId=ablprt; jurisdiction=""ab""; name=""Alberta Land and Property Rights Tribunal""; 佐证引证=""2026 ABLPRT 557 (CanLII)""（该库样本 5 条印此码）; endpoint=https://api.canlii.org/v1/caseBrowse/en/ablprt/?offset=0&resultCount=5",2026-09-09
ABLS,ABLS,AB,CanLII API v1 caseBrowse,"databaseId=abls; jurisdiction=""ab""; name=""Law Society of Alberta""; 佐证引证=""2026 ABLS 17 (CanLII)""（该库样本 5 条印此码）; endpoint=https://api.canlii.org/v1/caseBrowse/en/abls/?offset=0&resultCount=5",2026-09-09
ABMGB,ABMGB,AB,CanLII API v1 caseBrowse,"databaseId=abmgb; jurisdiction=""ab""; name=""Alberta Municipal Government Board""; 佐证引证=""2021 ABMGB 49 (CanLII)""（该库样本 5 条印此码）; endpoint=https://api.canlii.org/v1/caseBrowse/en/abmgb/?offset=0&resultCount=5",2026-09-09
ABOHSAB,ABOHSAB,AB,CanLII API v1 caseBrowse,"databaseId=abohsab; jurisdiction=""ab""; name=""Alberta Occupational Health and Safety Appeal Body""; 佐证引证=""2026 ABOHSAB 15 (CanLII)""（该库样本 5 条印此码）; endpoint=https://api.canlii.org/v1/caseBrowse/en/abohsab/?offset=0&resultCount=5",2026-09-09
ABPC,ABPC,AB,CanLII API v1 caseBrowse,"databaseId=abcj; jurisdiction=""ab""; name=""Alberta Court of Justice""; 佐证引证=""2017 ABPC 320 (CanLII)""（该库样本 5 条印此码）; endpoint=https://api.canlii.org/v1/caseBrowse/en/abcj/?offset=0&resultCount=5&decisionDateBefore=2018-01-01",2026-09-09
ABPLAB,ABPLAB,AB,CanLII API v1 caseBrowse,"databaseId=abplab; jurisdiction=""ab""; name=""Alberta Public Lands Appeal Board""; 佐证引证=""2026 ABPLAB 9 (CanLII)""（该库样本 5 条印此码）; endpoint=https://api.canlii.org/v1/caseBrowse/en/abplab/?offset=0&resultCount=5",2026-09-09
ABQB,ABQB,AB,CanLII API v1 caseBrowse,"databaseId=abkb; jurisdiction=""ab""; name=""Court of King's Bench of Alberta""; 佐证引证=""2017 ABQB 812 (CanLII)""（该库样本 5 条印此码）; endpoint=https://api.canlii.org/v1/caseBrowse/en/abkb/?offset=0&resultCount=5&decisionDateBefore=2018-01-01",2026-09-09
ABRECA,ABRECA,AB,CanLII API v1 caseBrowse,"databaseId=abreca; jurisdiction=""ab""; name=""Real Estate Council of Alberta""; 佐证引证=""2026 ABRECA 46 (CanLII)""（该库样本 5 条印此码）; endpoint=https://api.canlii.org/v1/caseBrowse/en/abreca/?offset=0&resultCount=5",2026-09-09
ABRTDRS,ABRTDRS,AB,CanLII API v1 caseBrowse,"databaseId=abrtdrs; jurisdiction=""ab""; name=""Alberta Residential Tenancy Dispute Resolution Service""; 佐证引证=""2026 ABRTDRS 13 (CanLII)""（该库样本 5 条印此码）; endpoint=https://api.canlii.org/v1/caseBrowse/en/abrtdrs/?offset=0&resultCount=5",2026-09-09
ABSRA,ABSRA,AB,CanLII API v1 caseBrowse,"databaseId=absra; jurisdiction=""ab""; name=""SafeRoads Alberta""; 佐证引证=""2026 ABSRA 1639 (CanLII)""（该库样本 5 条印此码）; endpoint=https://api.canlii.org/v1/caseBrowse/en/absra/?offset=0&resultCount=5",2026-09-09
ABSRB,ABSRB,AB,CanLII API v1 caseBrowse,"databaseId=absrb; jurisdiction=""ab""; name=""Alberta Surface Rights Board""; 佐证引证=""2021 ABSRB 1216 (CanLII)""（该库样本 5 条印此码）; endpoint=https://api.canlii.org/v1/caseBrowse/en/absrb/?offset=0&resultCount=5",2026-09-09
ABTSB,ABTSB,AB,CanLII API v1 caseBrowse,"databaseId=abtsb; jurisdiction=""ab""; name=""Alberta Transportation Safety Board""; 佐证引证=""2021 ABTSB 2481 (CanLII)""（该库样本 5 条印此码）; endpoint=https://api.canlii.org/v1/caseBrowse/en/abtsb/?offset=0&resultCount=5",2026-09-09
AHRC,AHRC,AB,CanLII API v1 caseBrowse,"databaseId=abhrc; jurisdiction=""ab""; name=""Alberta Human Rights Commission""; 佐证引证=""2026 AHRC 108 (CanLII)""（该库样本 5 条印此码）; endpoint=https://api.canlii.org/v1/caseBrowse/en/abhrc/?offset=0&resultCount=5",2026-09-09
ALRB,ALRB,AB,CanLII API v1 caseBrowse,"databaseId=ablrb; jurisdiction=""ab""; name=""Alberta Labour Relations Board""; 佐证引证=""2026 ALRB 107 (CanLII)""（该库样本 5 条印此码）; endpoint=https://api.canlii.org/v1/caseBrowse/en/ablrb/?offset=0&resultCount=5",2026-09-09
BCCA,BCCA,BC,CanLII API v1 caseBrowse,"databaseId=bcca; jurisdiction=""bc""; name=""Court of Appeal for British Columbia""; 佐证引证=""2026 BCCA 372 (CanLII)""（该库样本 5 条印此码）; endpoint=https://api.canlii.org/v1/caseBrowse/en/bcca/?offset=0&resultCount=5",2026-09-09
BCCCALAB,BCCCALAB,BC,CanLII API v1 caseBrowse,"databaseId=bcccalab; jurisdiction=""bc""; name=""Community Care and Assisted Living Appeal Board""; 佐证引证=""2025 BCCCALAB 2 (CanLII)""（该库样本 5 条印此码）; endpoint=https://api.canlii.org/v1/caseBrowse/en/bcccalab/?offset=0&resultCount=5",2026-09-09
BCCNM,BCCNM,BC,CanLII API v1 caseBrowse,"databaseId=bccnm; jurisdiction=""bc""; name=""British Columbia College of Nurses and Midwives""; 佐证引证=""2025 BCCNM 2 (CanLII)""（该库样本 5 条印此码）; endpoint=https://api.canlii.org/v1/caseBrowse/en/bccnm/?offset=0&resultCount=5",2026-09-09
BCCRT,BCCRT,BC,CanLII API v1 caseBrowse,"databaseId=bccrt; jurisdiction=""bc""; name=""Civil Resolution Tribunal of British Columbia""; 佐证引证=""2026 BCCRT 1288 (CanLII)""（该库样本 5 条印此码）; endpoint=https://api.canlii.org/v1/caseBrowse/en/bccrt/?offset=0&resultCount=5",2026-09-09
BCCTC,BCCTC,BC,CanLII API v1 caseBrowse,"databaseId=bcctc; jurisdiction=""bc""; name=""British Columbia Container Trucking Commissioner""; 佐证引证=""2026 BCCTC 8 (CanLII)""（该库样本 5 条印此码）; endpoint=https://api.canlii.org/v1/caseBrowse/en/bcctc/?offset=0&resultCount=5",2026-09-09
BCEAB,BCEAB,BC,CanLII API v1 caseBrowse,"databaseId=bceab; jurisdiction=""bc""; name=""British Columbia Environmental Appeal Board""; 佐证引证=""2026 BCEAB 39 (CanLII)""（该库样本 5 条印此码）; endpoint=https://api.canlii.org/v1/caseBrowse/en/bceab/?offset=0&resultCount=5",2026-09-09
BCEGBC,BCEGBC,BC,CanLII API v1 caseBrowse,"databaseId=bceg; jurisdiction=""bc""; name=""Engineers and Geoscientists British Columbia""; 佐证引证=""2026 BCEGBC 15 (CanLII)""（该库样本 5 条印此码）; endpoint=https://api.canlii.org/v1/caseBrowse/en/bceg/?offset=0&resultCount=5",2026-09-09
BCERAT,BCERAT,BC,CanLII API v1 caseBrowse,"databaseId=bcogat; jurisdiction=""bc""; name=""Energy Resource Appeal Tribunal""; 佐证引证=""2026 BCERAT 4 (CanLII)""（该库样本 5 条印此码）; endpoint=https://api.canlii.org/v1/caseBrowse/en/bcogat/?offset=0&resultCount=5",2026-09-09
BCEST,BCEST,BC,CanLII API v1 caseBrowse,"databaseId=bcest; jurisdiction=""bc""; name=""British Columbia Employment Standards Tribunal""; 佐证引证=""2026 BCEST 59 (CanLII)""（该库样本 5 条印此码）; endpoint=https://api.canlii.org/v1/caseBrowse/en/bcest/?offset=0&resultCount=5",2026-09-09
BCFAC,BCFAC,BC,CanLII API v1 caseBrowse,"databaseId=bcfac; jurisdiction=""bc""; name=""Forest Appeals Commission""; 佐证引证=""2026 BCFAC 5 (CanLII)""（该库样本 5 条印此码）; endpoint=https://api.canlii.org/v1/caseBrowse/en/bcfac/?offset=0&resultCount=5",2026-09-09
BCFST,BCFST,BC,CanLII API v1 caseBrowse,"databaseId=bcfst; jurisdiction=""bc""; name=""Financial Services Tribunal""; 佐证引证=""2026 BCFST 3 (CanLII)""（该库样本 5 条印此码）; endpoint=https://api.canlii.org/v1/caseBrowse/en/bcfst/?offset=0&resultCount=5",2026-09-09
BCHAB,BCHAB,BC,CanLII API v1 caseBrowse,"databaseId=bchab; jurisdiction=""bc""; name=""British Columbia Hospital Appeal Board""; 佐证引证=""2026 BCHAB 2 (CanLII)""（该库样本 5 条印此码）; endpoint=https://api.canlii.org/v1/caseBrowse/en/bchab/?offset=0&resultCount=5",2026-09-09
BCHPRB,BCHPRB,BC,CanLII API v1 caseBrowse,"databaseId=bchprb; jurisdiction=""bc""; name=""Health Professions Review Board of British Columbia""; 佐证引证=""2026 BCHPRB 73 (CanLII)""（该库样本 5 条印此码）; endpoint=https://api.canlii.org/v1/caseBrowse/en/bchprb/?offset=0&resultCount=5",2026-09-09
BCHRT,BCHRT,BC,CanLII API v1 caseBrowse,"databaseId=bchrt; jurisdiction=""bc""; name=""British Columbia Human Rights Tribunal""; 佐证引证=""2026 BCHRT 180 (CanLII)""（该库样本 5 条印此码）; endpoint=https://api.canlii.org/v1/caseBrowse/en/bchrt/?offset=0&resultCount=5",2026-09-09
BCIPC,BCIPC,BC,CanLII API v1 caseBrowse,"databaseId=bcipc; jurisdiction=""bc""; name=""Information and Privacy Commissioner""; 佐证引证=""2026 BCIPC 89 (CanLII)""（该库样本 5 条印此码）; endpoint=https://api.canlii.org/v1/caseBrowse/en/bcipc/?offset=0&resultCount=5",2026-09-09
BCITAB,BCITAB,BC,CanLII API v1 caseBrowse,"databaseId=bcitab; jurisdiction=""bc""; name=""Skilled Trades BC Appeal Board""; 佐证引证=""2014 BCITAB 1 (CanLII)""（该库样本 3 条印此码）; endpoint=https://api.canlii.org/v1/caseBrowse/en/bcitab/?offset=0&resultCount=5",2026-09-09
BCLCRB,BCLCRB,BC,CanLII API v1 caseBrowse,"databaseId=bclcrb; jurisdiction=""bc""; name=""British Columbia Liquor and Cannabis Regulation Branch""; 佐证引证=""2026 BCLCRB 26 (CanLII)""（该库样本 5 条印此码）; endpoint=https://api.canlii.org/v1/caseBrowse/en/bclcrb/?offset=0&resultCount=5",2026-09-09
BCLRB,BCLRB,BC,CanLII API v1 caseBrowse,"databaseId=bclrb; jurisdiction=""bc""; name=""Labour Relations Board""; 佐证引证=""2026 BCLRB 279 (CanLII)""（该库样本 5 条印此码）; endpoint=https://api.canlii.org/v1/caseBrowse/en/bclrb/?offset=0&resultCount=5",2026-09-09
BCORL,BCORL,BC,CanLII API v1 caseBrowse,"databaseId=bcorl; jurisdiction=""bc""; name=""Office of the Registrar of Lobbyists""; 佐证引证=""2026 BCORL 3 (CanLII)""（该库样本 5 条印此码）; endpoint=https://api.canlii.org/v1/caseBrowse/en/bcorl/?offset=0&resultCount=5",2026-09-09
BCPAAB,BCPAAB,BC,CanLII API v1 caseBrowse,"databaseId=bcpaab; jurisdiction=""bc""; name=""British Columbia Property Assessment Appeal Board""; 佐证引证=""2026 BCPAAB 20262894 (CanLII)""（该库样本 5 条印此码）; endpoint=https://api.canlii.org/v1/caseBrowse/en/bcpaab/?offset=0&resultCount=5",2026-09-09
BCPC,BCPC,BC,CanLII API v1 caseBrowse,"databaseId=bcpc; jurisdiction=""bc""; name=""Provincial Court of British Columbia""; 佐证引证=""2026 BCPC 224 (CanLII)""（该库样本 5 条印此码）; endpoint=https://api.canlii.org/v1/caseBrowse/en/bcpc/?offset=0&resultCount=5",2026-09-09
BCRB,BCRB,BC,CanLII API v1 caseBrowse,"databaseId=bcrb; jurisdiction=""bc""; name=""British Columbia Review Board""; 佐证引证=""2025 BCRB 246 (CanLII)""（该库样本 5 条印此码）; endpoint=https://api.canlii.org/v1/caseBrowse/en/bcrb/?offset=0&resultCount=5",2026-09-09
BCRMB,BCRMB,BC,CanLII API v1 caseBrowse,"databaseId=bcrmb; jurisdiction=""bc""; name=""Registrar of Mortgage Brokers""; 佐证引证=""2025 BCRMB 12 (CanLII)""（该库样本 5 条印此码）; endpoint=https://api.canlii.org/v1/caseBrowse/en/bcrmb/?offset=0&resultCount=5",2026-09-09
BCSC,BCSC,BC,CanLII API v1 caseBrowse,"databaseId=bcsc; jurisdiction=""bc""; name=""Supreme Court of British Columbia""; 佐证引证=""2026 BCSC 1702 (CanLII)""（该库样本 5 条印此码）; endpoint=https://api.canlii.org/v1/caseBrowse/en/bcsc/?offset=0&resultCount=5",2026-09-09
BCSECCOM,BCSECCOM,BC,CanLII API v1 caseBrowse,"databaseId=bcsec; jurisdiction=""bc""; name=""British Columbia Securities Commission""; 佐证引证=""2026 BCSECCOM 304 (CanLII)""（该库样本 5 条印此码）; endpoint=https://api.canlii.org/v1/caseBrowse/en/bcsec/?offset=0&resultCount=5",2026-09-09
BCSFI,BCSFI,BC,CanLII API v1 caseBrowse,"databaseId=bcsfi; jurisdiction=""bc""; name=""Superintendent of Financial Institutions""; 佐证引证=""2025 BCSFI 1 (CanLII)""（该库样本 5 条印此码）; endpoint=https://api.canlii.org/v1/caseBrowse/en/bcsfi/?offset=0&resultCount=5",2026-09-09
BCSP,BCSP,BC,CanLII API v1 caseBrowse,"databaseId=bcsp; jurisdiction=""bc""; name=""Superintendent of Pensions""; 佐证引证=""2022 BCSP 5 (CanLII)""（该库样本 4 条印此码）; endpoint=https://api.canlii.org/v1/caseBrowse/en/bcsp/?offset=0&resultCount=5",2026-09-09
BCSRB,BCSRB,BC,CanLII API v1 caseBrowse,"databaseId=bcsrb; jurisdiction=""bc""; name=""Surface Rights Board of British Columbia""; 佐证引证=""2026 BCSRB 3 (CanLII)""（该库样本 5 条印此码）; endpoint=https://api.canlii.org/v1/caseBrowse/en/bcsrb/?offset=0&resultCount=5",2026-09-09
BCSRE,BCSRE,BC,CanLII API v1 caseBrowse,"databaseId=bcsre; jurisdiction=""bc""; name=""Superintendent of Real Estate""; 佐证引证=""2025 BCSRE 105 (CanLII)""（该库样本 5 条印此码）; endpoint=https://api.canlii.org/v1/caseBrowse/en/bcsre/?offset=0&resultCount=5",2026-09-09
BCSTAB,BCSTAB,BC,CanLII API v1 caseBrowse,"databaseId=bcitab; jurisdiction=""bc""; name=""Skilled Trades BC Appeal Board""; 佐证引证=""2026 BCSTAB 1 (CanLII)""（该库样本 1 条印此码）; endpoint=https://api.canlii.org/v1/caseBrowse/en/bcitab/?offset=0&resultCount=5",2026-09-09
CACM,CACM,CA,CanLII API v1 caseBrowse,"databaseId=cmac-cacm; jurisdiction=""ca""; name=""Court Martial Appeal Court of Canada""; 佐证引证=""2026 CACM 5 (CanLII)""（该库样本 5 条印此码）; endpoint=https://api.canlii.org/v1/caseBrowse/fr/cmac-cacm/?offset=0&resultCount=5",2026-09-09
CACP,CACP,CA,CanLII API v1 caseBrowse,"databaseId=cacp; jurisdiction=""ca""; name=""Commissioner of Patents""; 佐证引证=""2025 CACP 14 (CanLII)""（该库样本 5 条印此码）; endpoint=https://api.canlii.org/v1/caseBrowse/en/cacp/?offset=0&resultCount=5",2026-09-09
CAF,CAF,CA,CanLII API v1 caseBrowse,"databaseId=fca; jurisdiction=""ca""; name=""Federal Court of Appeal""; 佐证引证=""2026 CAF 147 (CanLII)""（该库样本 2 条印此码）; endpoint=https://api.canlii.org/v1/caseBrowse/fr/fca/?offset=0&resultCount=5",2026-09-09
CART,CART,CA,CanLII API v1 caseBrowse,"databaseId=cart-crac; jurisdiction=""ca""; name=""Canada Agricultural Review Tribunal""; 佐证引证=""2026 CART 37 (CanLII)""（该库样本 5 条印此码）; endpoint=https://api.canlii.org/v1/caseBrowse/en/cart-crac/?offset=0&resultCount=5",2026-09-09
CASDRC,CASDRC,CA,CanLII API v1 caseBrowse,"databaseId=casdrc-cacrds; jurisdiction=""ca""; name=""Sport Dispute Resolution Centre of Canada""; 佐证引证=""2026 CASDRC 31 (CanLII)""（该库样本 5 条印此码）; endpoint=https://api.canlii.org/v1/caseBrowse/en/casdrc-cacrds/?offset=0&resultCount=5",2026-09-09
CB,CB,CA,CanLII API v1 caseBrowse,"databaseId=cbc; jurisdiction=""ca""; name=""Copyright Board of Canada""; 佐证引证=""2026 CB 8 (CanLII)""（该库样本 5 条印此码）; endpoint=https://api.canlii.org/v1/caseBrowse/en/cbc/?offset=0&resultCount=5",2026-09-09
CBSC,CBSC,CA,CanLII API v1 caseBrowse,"databaseId=cbsc-ccnr; jurisdiction=""ca""; name=""Canadian Broadcast Standards Council""; 佐证引证=""2026 CBSC 2 (CanLII)""（该库样本 5 条印此码）; endpoint=https://api.canlii.org/v1/caseBrowse/en/cbsc-ccnr/?offset=0&resultCount=5",2026-09-09
CCI,CCI,CA,CanLII API v1 caseBrowse,"databaseId=cci-tcc; jurisdiction=""ca""; name=""Tax Court of Canada""; 佐证引证=""2026 CCI 162 (CanLII)""（该库样本 2 条印此码）; endpoint=https://api.canlii.org/v1/caseBrowse/fr/cci-tcc/?offset=0&resultCount=5",2026-09-09
CF,CF,CA,CanLII API v1 caseBrowse,"databaseId=fct; jurisdiction=""ca""; name=""Federal Court""; 佐证引证=""2026 CF 1129 (CanLII)""（该库样本 1 条印此码）; endpoint=https://api.canlii.org/v1/caseBrowse/en/fct/?offset=0&resultCount=5",2026-09-09
CGYSDAB,CGYSDAB,AB,CanLII API v1 caseBrowse,"databaseId=absdab; jurisdiction=""ab""; name=""Calgary Subdivision & Development Appeal Board""; 佐证引证=""2026 CGYSDAB 80 (CanLII)""（该库样本 5 条印此码）; endpoint=https://api.canlii.org/v1/caseBrowse/en/absdab/?offset=0&resultCount=5",2026-09-09
CHRT,CHRT,CA,CanLII API v1 caseBrowse,"databaseId=chrt; jurisdiction=""ca""; name=""Canadian Human Rights Tribunal""; 佐证引证=""2026 CHRT 69 (CanLII)""（该库样本 4 条印此码）; endpoint=https://api.canlii.org/v1/caseBrowse/en/chrt/?offset=0&resultCount=5",2026-09-09
CICC,CICC,CA,CanLII API v1 caseBrowse,"databaseId=iccrc; jurisdiction=""ca""; name=""College of Immigration and Citizenship Consultants""; 佐证引证=""2026 CICC 26 (CanLII)""（该库样本 5 条印此码）; endpoint=https://api.canlii.org/v1/caseBrowse/en/iccrc/?offset=0&resultCount=5",2026-09-09
CIRB,CIRB,CA,CanLII API v1 caseBrowse,"databaseId=cirb; jurisdiction=""ca""; name=""Canada Industrial Relations Board""; 佐证引证=""2024 CIRB 1169 (CanLII)""（该库样本 5 条印此码）; endpoint=https://api.canlii.org/v1/caseBrowse/en/cirb/?offset=0&resultCount=5",2026-09-09
CIRO,CIRO,CA,CanLII API v1 caseBrowse,"databaseId=ciro-ocri; jurisdiction=""ca""; name=""Canadian Investment Regulatory Organization""; 佐证引证=""2026 CIRO 19 (CanLII)""（该库样本 5 条印此码）; endpoint=https://api.canlii.org/v1/caseBrowse/en/ciro-ocri/?offset=0&resultCount=5",2026-09-09
CM,CM,CA,CanLII API v1 caseBrowse,"databaseId=cm; jurisdiction=""ca""; name=""Courts Martial""; 佐证引证=""2026 CM 6016 (CanLII)""（该库样本 5 条印此码）; endpoint=https://api.canlii.org/v1/caseBrowse/en/cm/?offset=0&resultCount=5",2026-09-09
CMAC,CMAC,CA,CanLII API v1 caseBrowse,"databaseId=cmac-cacm; jurisdiction=""ca""; name=""Court Martial Appeal Court of Canada""; 佐证引证=""2026 CMAC 5 (CanLII)""（该库样本 5 条印此码）; endpoint=https://api.canlii.org/v1/caseBrowse/en/cmac-cacm/?offset=0&resultCount=5",2026-09-09
CPATA,CPATA,CA,CanLII API v1 caseBrowse,"databaseId=cpata-cabamc; jurisdiction=""ca""; name=""College of Patent Agents & Trademark Agents""; 佐证引证=""2025 CPATA 5 (CanLII)""（该库样本 5 条印此码）; endpoint=https://api.canlii.org/v1/caseBrowse/en/cpata-cabamc/?offset=0&resultCount=5",2026-09-09
CRAAAP,CRAAAP,QC,CanLII API v1 caseBrowse,"databaseId=qccraaap; jurisdiction=""qc""; name=""Commission de reconnaissance des associations d'artistes et des associations de producteurs""; 佐证引证=""2008 CRAAAP 440 (CanLII)""（该库样本 5 条印此码）; endpoint=https://api.canlii.org/v1/caseBrowse/en/qccraaap/?offset=0&resultCount=5",2026-09-09
CSC,CSC,CA,CanLII API v1 caseBrowse,"databaseId=csc-scc; jurisdiction=""ca""; name=""Supreme Court of Canada""; 佐证引证=""2026 CSC 29 (CanLII)""（该库样本 5 条印此码）; endpoint=https://api.canlii.org/v1/caseBrowse/fr/csc-scc/?offset=0&resultCount=5",2026-09-09
EPTC,EPTC,CA,CanLII API v1 caseBrowse,"databaseId=eptc; jurisdiction=""ca""; name=""Environmental Protection Tribunal of Canada""; 佐证引证=""2026 EPTC 2 (CanLII)""（该库样本 5 条印此码）; endpoint=https://api.canlii.org/v1/caseBrowse/en/eptc/?offset=0&resultCount=5",2026-09-09
EWCA Civ,EWCACIV,GB,Find Case Law (The National Archives),"https://caselaw.nationalarchives.gov.uk/ewca/civ -- 15,055 results, court ""Court of Appeal (Civil Division)"" + ""Neutral citation [2026] EWCA Civ 1161""",2026-09-09
EWCA Crim,EWCACRIM,GB,Find Case Law (The National Archives),"https://caselaw.nationalarchives.gov.uk/ewca/crim -- 7,630 results, court ""Court of Appeal (Criminal Division)"" + ""Neutral citation [2026] EWCA Crim 1135""",2026-09-09
EWFC,EWFC,GB,Find Case Law (The National Archives),"https://caselaw.nationalarchives.gov.uk/ewfc -- 2,067 results, court ""Family Court"" + ""Neutral citation [2026] EWFC 243""",2026-09-09
EWHC,EWHC,GB,Find Case Law (The National Archives),"https://caselaw.nationalarchives.gov.uk/ewhc/ch -- 9,051 results, court ""High Court (...)"" + ""Neutral citation [2026] EWHC 2324 (Ch)""; division printed as trailing parenthetical",2026-09-09
FC,FC,CA,CanLII API v1 caseBrowse,"databaseId=fct; jurisdiction=""ca""; name=""Federal Court""; 佐证引证=""2026 FC 1132 (CanLII)""（该库样本 3 条印此码）; endpoint=https://api.canlii.org/v1/caseBrowse/en/fct/?offset=0&resultCount=5",2026-09-09
FCA,FCA,CA,CanLII API v1 caseBrowse,"databaseId=fca; jurisdiction=""ca""; name=""Federal Court of Appeal""; 佐证引证=""2026 FCA 149 (CanLII)""（该库样本 5 条印此码）; endpoint=https://api.canlii.org/v1/caseBrowse/en/fca/?offset=0&resultCount=5",2026-09-09
FCT,FCT,CA,CanLII API v1 caseBrowse,"databaseId=fct; jurisdiction=""ca""; name=""Federal Court""; 佐证引证=""2002 FCT 1331 (CanLII)""（该库样本 5 条印此码）; endpoint=https://api.canlii.org/v1/caseBrowse/en/fct/?offset=0&resultCount=5&decisionDateBefore=2003-01-01",2026-09-09
FPCA,FPCA,CA,CanLII API v1 caseBrowse,"databaseId=fpca; jurisdiction=""ca""; name=""Financial Planning Canada Standards Council""; 佐证引证=""2026 FPCA 5 (CanLII)""（该库样本 5 条印此码）; endpoint=https://api.canlii.org/v1/caseBrowse/en/fpca/?offset=0&resultCount=5",2026-09-09
FPSLREB,FPSLREB,CA,CanLII API v1 caseBrowse,"databaseId=pslreb; jurisdiction=""ca""; name=""Federal Public Sector Labour Relations and Employment Board""; 佐证引证=""2026 FPSLREB 104 (CanLII)""（该库样本 5 条印此码）; endpoint=https://api.canlii.org/v1/caseBrowse/en/pslreb/?offset=0&resultCount=5",2026-09-09
HCA,HCA,AU,High Court of Australia official website,"https://www.hcourt.gov.au/cases-and-judgments/judgments/judgments-1998-current -- ""High Court of Australia judgments since 1998 ... official judgments as delivered (published) by the Court""; prints ""Citation: [2026] HCA 34""",2026-09-09
HRTO,HRTO,ON,CanLII API v1 caseBrowse,"databaseId=onhrt; jurisdiction=""on""; name=""Human Rights Tribunal of Ontario""; 佐证引证=""2026 HRTO 1378 (CanLII)""（该库样本 5 条印此码）; endpoint=https://api.canlii.org/v1/caseBrowse/en/onhrt/?offset=0&resultCount=5",2026-09-09
IIROC,IIROC,CA,CanLII API v1 caseBrowse,"databaseId=caiiroc; jurisdiction=""ca""; name=""Investment Industry Regulatory Organization of Canada""; 佐证引证=""2023 IIROC 5 (CanLII)""（该库样本 5 条印此码）; endpoint=https://api.canlii.org/v1/caseBrowse/en/caiiroc/?offset=0&resultCount=5",2026-09-09
LSBC,LSBC,BC,CanLII API v1 caseBrowse,"databaseId=lsbc; jurisdiction=""bc""; name=""Law Society of British Columbia""; 佐证引证=""2026 LSBC 13 (CanLII)""（该库样本 5 条印此码）; endpoint=https://api.canlii.org/v1/caseBrowse/en/lsbc/?offset=0&resultCount=5",2026-09-09
MBCA,MBCA,MB,CanLII API v1 caseBrowse,"databaseId=mbca; jurisdiction=""mb""; name=""Court of Appeal of Manitoba""; 佐证引证=""2026 MBCA 72 (CanLII)""（该库样本 5 条印此码）; endpoint=https://api.canlii.org/v1/caseBrowse/en/mbca/?offset=0&resultCount=5",2026-09-09
MBHR,MBHR,MB,CanLII API v1 caseBrowse,"databaseId=mbhrc; jurisdiction=""mb""; name=""Manitoba Human Rights Commission""; 佐证引证=""2024 MBHR 2 (CanLII)""（该库样本 1 条印此码）; endpoint=https://api.canlii.org/v1/caseBrowse/en/mbhrc/?offset=0&resultCount=5",2026-09-09
MBKB,MBKB,MB,CanLII API v1 caseBrowse,"databaseId=mbkb; jurisdiction=""mb""; name=""Court of King's Bench of Manitoba""; 佐证引证=""2026 MBKB 120 (CanLII)""（该库样本 5 条印此码）; endpoint=https://api.canlii.org/v1/caseBrowse/en/mbkb/?offset=0&resultCount=5",2026-09-09
MBLS,MBLS,MB,CanLII API v1 caseBrowse,"databaseId=mbls; jurisdiction=""mb""; name=""Law Society of Manitoba""; 佐证引证=""2026 MBLS 2 (CanLII)""（该库样本 5 条印此码）; endpoint=https://api.canlii.org/v1/caseBrowse/en/mbls/?offset=0&resultCount=5",2026-09-09
MBPC,MBPC,MB,CanLII API v1 caseBrowse,"databaseId=mbpc; jurisdiction=""mb""; name=""Provincial Court of Manitoba""; 佐证引证=""2026 MBPC 54 (CanLII)""（该库样本 5 条印此码）; endpoint=https://api.canlii.org/v1/caseBrowse/en/mbpc/?offset=0&resultCount=5",2026-09-09
MBQB,MBQB,MB,CanLII API v1 caseBrowse,"databaseId=mbkb; jurisdiction=""mb""; name=""Court of King's Bench of Manitoba""; 佐证引证=""2017 MBQB 216 (CanLII)""（该库样本 5 条印此码）; endpoint=https://api.canlii.org/v1/caseBrowse/en/mbkb/?offset=0&resultCount=5&decisionDateBefore=2018-01-01",2026-09-09
NBAPAB,NBAPAB,NB,CanLII API v1 caseBrowse,"databaseId=nbapab; jurisdiction=""nb""; name=""New Brunswick Assessment and Planning Appeal Board""; 佐证引证=""2026 NBAPAB 4 (CanLII)""（该库样本 5 条印此码）; endpoint=https://api.canlii.org/v1/caseBrowse/en/nbapab/?offset=0&resultCount=5",2026-09-09
NBBR,NBBR,NB,CanLII API v1 caseBrowse,"databaseId=nbkb; jurisdiction=""nb""; name=""Court of King's Bench of New Brunswick""; 佐证引证=""2017 NBBR 242 (CanLII)""（该库样本 1 条印此码）; endpoint=https://api.canlii.org/v1/caseBrowse/en/nbkb/?offset=0&resultCount=5&decisionDateBefore=2018-01-01",2026-09-09
NBCA,NBCA,NB,CanLII API v1 caseBrowse,"databaseId=nbca; jurisdiction=""nb""; name=""Court of Appeal of New Brunswick""; 佐证引证=""2026 NBCA 101 (CanLII)""（该库样本 5 条印此码）; endpoint=https://api.canlii.org/v1/caseBrowse/en/nbca/?offset=0&resultCount=5",2026-09-09
NBCP,NBCP,NB,CanLII API v1 caseBrowse,"databaseId=nbpc; jurisdiction=""nb""; name=""Provincial Court of New Brunswick""; 佐证引证=""2011 NBCP 31 (CanLII)""（该库样本 2 条印此码）; endpoint=https://api.canlii.org/v1/caseBrowse/en/nbpc/?offset=0&resultCount=5&decisionDateBefore=2012-01-01",2026-09-09
NBCPH,NBCPH,NB,CanLII API v1 caseBrowse,"databaseId=nbcph; jurisdiction=""nb""; name=""New Brunswick College of Pharmacists""; 佐证引证=""2021 NBCPH 1 (CanLII)""（该库样本 3 条印此码）; endpoint=https://api.canlii.org/v1/caseBrowse/en/nbcph/?offset=0&resultCount=5",2026-09-09
NBEUB,NBEUB,NB,CanLII API v1 caseBrowse,"databaseId=nbeub; jurisdiction=""nb""; name=""New Brunswick Energy and Utilities Board""; 佐证引证=""2025 NBEUB 15 (CanLII)""（该库样本 5 条印此码）; endpoint=https://api.canlii.org/v1/caseBrowse/en/nbeub/?offset=0&resultCount=5",2026-09-09
NBFCSC,NBFCSC,NB,CanLII API v1 caseBrowse,"databaseId=nbfc; jurisdiction=""nb""; name=""Financial and Consumer Services Commission""; 佐证引证=""2024 NBFCSC 1 (CanLII)""（该库样本 4 条印此码）; endpoint=https://api.canlii.org/v1/caseBrowse/en/nbfc/?offset=0&resultCount=5",2026-09-09
NBFCST,NBFCST,NB,CanLII API v1 caseBrowse,"databaseId=nbsec; jurisdiction=""nb""; name=""Financial and Consumer Services Tribunal""; 佐证引证=""2022 NBFCST 6 (CanLII)""（该库样本 5 条印此码）; endpoint=https://api.canlii.org/v1/caseBrowse/en/nbsec/?offset=0&resultCount=5",2026-09-09
NBKB,NBKB,NB,CanLII API v1 caseBrowse,"databaseId=nbkb; jurisdiction=""nb""; name=""Court of King's Bench of New Brunswick""; 佐证引证=""2026 NBKB 176 (CanLII)""（该库样本 5 条印此码）; endpoint=https://api.canlii.org/v1/caseBrowse/en/nbkb/?offset=0&resultCount=5",2026-09-09
NBLSB,NBLSB,NB,CanLII API v1 caseBrowse,"databaseId=nbls; jurisdiction=""nb""; name=""Law Society of New Brunswick""; 佐证引证=""2024 NBLSB 11 (CanLII)""（该库样本 5 条印此码）; endpoint=https://api.canlii.org/v1/caseBrowse/en/nbls/?offset=0&resultCount=5",2026-09-09
NBOMBUD,NBOMBUD,NB,CanLII API v1 caseBrowse,"databaseId=nbomb; jurisdiction=""nb""; name=""Ombud New Brunswick""; 佐证引证=""2026 NBOMBUD 4 (CanLII)""（该库样本 5 条印此码）; endpoint=https://api.canlii.org/v1/caseBrowse/en/nbomb/?offset=0&resultCount=5",2026-09-09
NBPC,NBPC,NB,CanLII API v1 caseBrowse,"databaseId=nbpc; jurisdiction=""nb""; name=""Provincial Court of New Brunswick""; 佐证引证=""2011 NBPC 36 (CanLII)""（该库样本 3 条印此码）; endpoint=https://api.canlii.org/v1/caseBrowse/en/nbpc/?offset=0&resultCount=5&decisionDateBefore=2012-01-01",2026-09-09
NBQB,NBQB,NB,CanLII API v1 caseBrowse,"databaseId=nbkb; jurisdiction=""nb""; name=""Court of King's Bench of New Brunswick""; 佐证引证=""2017 NBQB 251 (CanLII)""（该库样本 3 条印此码）; endpoint=https://api.canlii.org/v1/caseBrowse/en/nbkb/?offset=0&resultCount=5&decisionDateBefore=2018-01-01",2026-09-09
NBREA,NBREA,NB,CanLII API v1 caseBrowse,"databaseId=nbrea; jurisdiction=""nb""; name=""New Brunswick Real Estate Association""; 佐证引证=""2026 NBREA 2430 (CanLII)""（该库样本 5 条印此码）; endpoint=https://api.canlii.org/v1/caseBrowse/en/nbrea/?offset=0&resultCount=5",2026-09-09
NBSM,NBSM,NB,CanLII API v1 caseBrowse,"databaseId=nbpc; jurisdiction=""nb""; name=""Provincial Court of New Brunswick""; 佐证引证=""2026 NBSM 26 (CanLII)""（该库样本 5 条印此码）; endpoint=https://api.canlii.org/v1/caseBrowse/en/nbpc/?offset=0&resultCount=5",2026-09-09
NFCA,NFCA,NL,CanLII API v1 caseBrowse,"databaseId=nlca; jurisdiction=""nl""; name=""Court of Appeal of Newfoundland and Labrador""; 佐证引证=""2001 NFCA 68 (CanLII)""（该库样本 4 条印此码）; endpoint=https://api.canlii.org/v1/caseBrowse/en/nlca/?offset=0&resultCount=5&decisionDateBefore=2002-01-01",2026-09-09
NHRT,NHRT,NU,CanLII API v1 caseBrowse,"databaseId=nuhrt; jurisdiction=""nu""; name=""Nunavut Human Rights Tribunal""; 佐证引证=""2012 NHRT 2 (CanLII)""（该库样本 2 条印此码）; endpoint=https://api.canlii.org/v1/caseBrowse/en/nuhrt/?offset=0&resultCount=5",2026-09-09
NLCA,NLCA,NL,CanLII API v1 caseBrowse,"databaseId=nlca; jurisdiction=""nl""; name=""Court of Appeal of Newfoundland and Labrador""; 佐证引证=""2026 NLCA 31 (CanLII)""（该库样本 5 条印此码）; endpoint=https://api.canlii.org/v1/caseBrowse/en/nlca/?offset=0&resultCount=5",2026-09-09
NLCPS,NLCPS,NL,CanLII API v1 caseBrowse,"databaseId=nlcps; jurisdiction=""nl""; name=""College of Physicians and Surgeons of Newfoundland and Labrador""; 佐证引证=""2026 NLCPS 1 (CanLII)""（该库样本 5 条印此码）; endpoint=https://api.canlii.org/v1/caseBrowse/en/nlcps/?offset=0&resultCount=5",2026-09-09
NLLRB,NLLRB,NL,CanLII API v1 caseBrowse,"databaseId=nllrb; jurisdiction=""nl""; name=""Newfoundland and Labrador Labour Relations Board""; 佐证引证=""2026 NLLRB 13 (CanLII)""（该库样本 5 条印此码）; endpoint=https://api.canlii.org/v1/caseBrowse/en/nllrb/?offset=0&resultCount=5",2026-09-09
NLPB,NLPB,NL,CanLII API v1 caseBrowse,"databaseId=nlpb; jurisdiction=""nl""; name=""College of Pharmacy of Newfoundland and Labrador""; 佐证引证=""2024 NLPB 2 (CanLII)""（该库样本 3 条印此码）; endpoint=https://api.canlii.org/v1/caseBrowse/en/nlpb/?offset=0&resultCount=5",2026-09-09
NLSC,NLSC,NL,CanLII API v1 caseBrowse,"databaseId=nlsctd; jurisdiction=""nl""; name=""Supreme Court of Newfoundland and Labrador""; 佐证引证=""2026 NLSC 109 (CanLII)""（该库样本 5 条印此码）; endpoint=https://api.canlii.org/v1/caseBrowse/en/nlsctd/?offset=0&resultCount=5",2026-09-09
NLTD,NLTD,NL,CanLII API v1 caseBrowse,"databaseId=nlsctd; jurisdiction=""nl""; name=""Supreme Court of Newfoundland and Labrador""; 佐证引证=""2011 NLTD 173 (CanLII)""（该库样本 4 条印此码）; endpoint=https://api.canlii.org/v1/caseBrowse/en/nlsctd/?offset=0&resultCount=5&decisionDateBefore=2012-01-01",2026-09-09
NSAARB,NSAARB,NS,CanLII API v1 caseBrowse,"databaseId=nsawab; jurisdiction=""ns""; name=""Nova Scotia Animal Welfare Appeal Board""; 佐证引证=""2026 NSAARB 3 (CanLII)""（该库样本 2 条印此码）; endpoint=https://api.canlii.org/v1/caseBrowse/en/nsawab/?offset=0&resultCount=5",2026-09-09
NSAWAB,NSAWAB,NS,CanLII API v1 caseBrowse,"databaseId=nsawab; jurisdiction=""ns""; name=""Nova Scotia Animal Welfare Appeal Board""; 佐证引证=""2026 NSAWAB 1 (CanLII)""（该库样本 3 条印此码）; endpoint=https://api.canlii.org/v1/caseBrowse/en/nsawab/?offset=0&resultCount=5",2026-09-09
NSBS,NSBS,NS,CanLII API v1 caseBrowse,"databaseId=nsbs; jurisdiction=""ns""; name=""Nova Scotia Barristers' Society Hearing Panel""; 佐证引证=""2026 NSBS 1 (CanLII)""（该库样本 5 条印此码）; endpoint=https://api.canlii.org/v1/caseBrowse/en/nsbs/?offset=0&resultCount=5",2026-09-09
NSCA,NSCA,NS,CanLII API v1 caseBrowse,"databaseId=nsca; jurisdiction=""ns""; name=""Nova Scotia Court of Appeal""; 佐证引证=""2026 NSCA 66 (CanLII)""（该库样本 5 条印此码）; endpoint=https://api.canlii.org/v1/caseBrowse/en/nsca/?offset=0&resultCount=5",2026-09-09
NSEB,NSEB,NS,CanLII API v1 caseBrowse,"databaseId=nsuarb; jurisdiction=""ns""; name=""Nova Scotia Energy and Regulatory Boards Tribunal""; 佐证引证=""2026 NSEB 19 (CanLII)""（该库样本 1 条印此码）; endpoint=https://api.canlii.org/v1/caseBrowse/en/nsuarb/?offset=0&resultCount=5",2026-09-09
NSLB,NSLB,NS,CanLII API v1 caseBrowse,"databaseId=nslb; jurisdiction=""ns""; name=""Nova Scotia Labour Board""; 佐证引证=""2026 NSLB 125 (CanLII)""（该库样本 5 条印此码）; endpoint=https://api.canlii.org/v1/caseBrowse/en/nslb/?offset=0&resultCount=5",2026-09-09
NSLST,NSLST,NS,CanLII API v1 caseBrowse,"databaseId=nslst; jurisdiction=""ns""; name=""Nova Scotia Labour Standards Tribunal""; 佐证引证=""2011 NSLST 39 (CanLII)""（该库样本 5 条印此码）; endpoint=https://api.canlii.org/v1/caseBrowse/en/nslst/?offset=0&resultCount=5",2026-09-09
NSOHSAP,NSOHSAP,NS,CanLII API v1 caseBrowse,"databaseId=nsohsap; jurisdiction=""ns""; name=""Nova Scotia Occupational Health and Safety Appeal Panel""; 佐证引证=""2011 NSOHSAP 176 (CanLII)""（该库样本 5 条印此码）; endpoint=https://api.canlii.org/v1/caseBrowse/en/nsohsap/?offset=0&resultCount=5",2026-09-09
NSOIPC,NSOIPC,NS,CanLII API v1 caseBrowse,"databaseId=nsfoipop; jurisdiction=""ns""; name=""Office of the Information and Privacy Commissioner for Nova Scotia""; 佐证引证=""2026 NSOIPC 13 (CanLII)""（该库样本 5 条印此码）; endpoint=https://api.canlii.org/v1/caseBrowse/en/nsfoipop/?offset=0&resultCount=5",2026-09-09
NSPB,NSPB,NS,CanLII API v1 caseBrowse,"databaseId=nspr; jurisdiction=""ns""; name=""Nova Scotia Probate Court""; 佐证引证=""2019 NSPB 2 (CanLII)""（该库样本 4 条印此码）; endpoint=https://api.canlii.org/v1/caseBrowse/en/nspr/?offset=0&resultCount=5",2026-09-09
NSPC,NSPC,NS,CanLII API v1 caseBrowse,"databaseId=nspc; jurisdiction=""ns""; name=""Provincial Court of Nova Scotia""; 佐证引证=""2026 NSPC 42 (CanLII)""（该库样本 5 条印此码）; endpoint=https://api.canlii.org/v1/caseBrowse/en/nspc/?offset=0&resultCount=5",2026-09-09
NSRAB,NSRAB,NS,CanLII API v1 caseBrowse,"databaseId=nsuarb; jurisdiction=""ns""; name=""Nova Scotia Energy and Regulatory Boards Tribunal""; 佐证引证=""2026 NSRAB 121 (CanLII)""（该库样本 4 条印此码）; endpoint=https://api.canlii.org/v1/caseBrowse/en/nsuarb/?offset=0&resultCount=5",2026-09-09
NSSC,NSSC,NS,CanLII API v1 caseBrowse,"databaseId=nssc; jurisdiction=""ns""; name=""Supreme Court of Nova Scotia""; 佐证引证=""2026 NSSC 286 (CanLII)""（该库样本 5 条印此码）; endpoint=https://api.canlii.org/v1/caseBrowse/en/nssc/?offset=0&resultCount=5",2026-09-09
NSSEC,NSSEC,NS,CanLII API v1 caseBrowse,"databaseId=nssec; jurisdiction=""ns""; name=""Nova Scotia Securities Commission""; 佐证引证=""2025 NSSEC 5 (CanLII)""（该库样本 5 条印此码）; endpoint=https://api.canlii.org/v1/caseBrowse/en/nssec/?offset=0&resultCount=5",2026-09-09
NSSM,NSSM,NS,CanLII API v1 caseBrowse,"databaseId=nssm; jurisdiction=""ns""; name=""Small Claims Court""; 佐证引证=""2026 NSSM 25 (CanLII)""（该库样本 5 条印此码）; endpoint=https://api.canlii.org/v1/caseBrowse/en/nssm/?offset=0&resultCount=5",2026-09-09
NSUARB,NSUARB,NS,CanLII API v1 caseBrowse,"databaseId=nsuarb; jurisdiction=""ns""; name=""Nova Scotia Energy and Regulatory Boards Tribunal""; 佐证引证=""2019 NSUARB 171 (CanLII)""（该库样本 5 条印此码）; endpoint=https://api.canlii.org/v1/caseBrowse/en/nsuarb/?offset=0&resultCount=5&decisionDateBefore=2020-01-01",2026-09-09
NSWCA,NSWCA,AU,NSW Caselaw (NSW Government official),"https://www.caselaw.nsw.gov.au/decision/1a07f9397fb53d3115b1a288 -- decision header prints ""Court of Appeal / Supreme Court / New South Wales"" + ""Medium Neutral Citation: ... [2026] NSWCA 188""",2026-09-09
NSWCCA,NSWCCA,AU,NSW Caselaw (NSW Government official),"https://www.caselaw.nsw.gov.au/decision/1a05bbd574f10f518deb58a6 -- header prints ""Court of Criminal Appeal / Supreme Court / New South Wales"" + ""Medium Neutral Citation: ... [2026] NSWCCA 131""",2026-09-09
NSWSC,NSWSC,AU,NSW Caselaw (NSW Government official),"https://www.caselaw.nsw.gov.au/decision/1a07fed6f7f6aaf5d477acf2 -- header prints ""Supreme Court / New South Wales"" + ""Medium Neutral Citation: ... [2026] NSWSC 1081""",2026-09-09
NTESA,NTESA,NT,CanLII API v1 caseBrowse,"databaseId=ntlsb; jurisdiction=""nt""; name=""Northwest Territories Employment Standards Appeals""; 佐证引证=""2024 NTESA 2 (CanLII)""（该库样本 2 条印此码）; endpoint=https://api.canlii.org/v1/caseBrowse/en/ntlsb/?offset=0&resultCount=5",2026-09-09
NTIPC,NTIPC,NT,CanLII API v1 caseBrowse,"databaseId=ntipc; jurisdiction=""nt""; name=""Northwest Territories Information and Privacy Commissioner""; 佐证引证=""2026 NTIPC 154 (CanLII)""（该库样本 5 条印此码）; endpoint=https://api.canlii.org/v1/caseBrowse/en/ntipc/?offset=0&resultCount=5",2026-09-09
NUCA,NUCA,NU,CanLII API v1 caseBrowse,"databaseId=nuca; jurisdiction=""nu""; name=""Court of Appeal of Nunavut""; 佐证引证=""2026 NUCA 4 (CanLII)""（该库样本 5 条印此码）; endpoint=https://api.canlii.org/v1/caseBrowse/en/nuca/?offset=0&resultCount=5",2026-09-09
NUCJ,NUCJ,NU,CanLII API v1 caseBrowse,"databaseId=nucj; jurisdiction=""nu""; name=""Nunavut Court of Justice""; 佐证引证=""2026 NUCJ 21 (CanLII)""（该库样本 5 条印此码）; endpoint=https://api.canlii.org/v1/caseBrowse/en/nucj/?offset=0&resultCount=5",2026-09-09
NUIPC,NUIPC,NU,CanLII API v1 caseBrowse,"databaseId=nuipc; jurisdiction=""nu""; name=""Information and Privacy Commissioner""; 佐证引证=""2025 NUIPC 16 (CanLII)""（该库样本 5 条印此码）; endpoint=https://api.canlii.org/v1/caseBrowse/en/nuipc/?offset=0&resultCount=5",2026-09-09
NULS,NULS,NU,CanLII API v1 caseBrowse,"databaseId=nuls; jurisdiction=""nu""; name=""Law Society of Nunavut""; 佐证引证=""2025 NULS 1 (CanLII)""（该库样本 4 条印此码）; endpoint=https://api.canlii.org/v1/caseBrowse/en/nuls/?offset=0&resultCount=5",2026-09-09
NWTAAT,NWTAAT,NT,CanLII API v1 caseBrowse,"databaseId=ntaat; jurisdiction=""nt""; name=""Northwest Territories Assessment Appeal Tribunal""; 佐证引证=""2024 NWTAAT 3 (CanLII)""（该库样本 5 条印此码）; endpoint=https://api.canlii.org/v1/caseBrowse/en/ntaat/?offset=0&resultCount=5",2026-09-09
NWTCA,NWTCA,NT,CanLII API v1 caseBrowse,"databaseId=ntca; jurisdiction=""nt""; name=""Court of Appeal for the Northwest Territories""; 佐证引证=""2026 NWTCA 9 (CanLII)""（该库样本 5 条印此码）; endpoint=https://api.canlii.org/v1/caseBrowse/en/ntca/?offset=0&resultCount=5",2026-09-09
NWTSC,NWTSC,NT,CanLII API v1 caseBrowse,"databaseId=ntsc; jurisdiction=""nt""; name=""Supreme Court of the Northwest Territories""; 佐证引证=""2026 NWTSC 57 (CanLII)""（该库样本 5 条印此码）; endpoint=https://api.canlii.org/v1/caseBrowse/en/ntsc/?offset=0&resultCount=5",2026-09-09
NWTTC,NWTTC,NT,CanLII API v1 caseBrowse,"databaseId=ntyjc; jurisdiction=""nt""; name=""Youth Justice Court""; 佐证引证=""2024 NWTTC 8 (CanLII)""（该库样本 5 条印此码）; endpoint=https://api.canlii.org/v1/caseBrowse/en/ntyjc/?offset=0&resultCount=5",2026-09-09
OHSTC,OHSTC,CA,CanLII API v1 caseBrowse,"databaseId=ohstc; jurisdiction=""ca""; name=""Occupational Health and Safety Tribunal Canada""; 佐证引证=""2022 OHSTC 3 (CanLII)""（该库样本 5 条印此码）; endpoint=https://api.canlii.org/v1/caseBrowse/en/ohstc/?offset=0&resultCount=5",2026-09-09
OIC,OIC,CA,CanLII API v1 caseBrowse,"databaseId=oic; jurisdiction=""ca""; name=""Information Commissioner of Canada""; 佐证引证=""2026 OIC 46 (CanLII)""（该库样本 5 条印此码）; endpoint=https://api.canlii.org/v1/caseBrowse/en/oic/?offset=0&resultCount=5",2026-09-09
ONACRB,ONACRB,ON,CanLII API v1 caseBrowse,"databaseId=onacrb; jurisdiction=""on""; name=""Ontario Animal Care Review Board""; 佐证引证=""2026 ONACRB 259 (CanLII)""（该库样本 5 条印此码）; endpoint=https://api.canlii.org/v1/caseBrowse/en/onacrb/?offset=0&resultCount=5",2026-09-09
ONAFRAAT,ONAFRAAT,ON,CanLII API v1 caseBrowse,"databaseId=onafraat; jurisdiction=""on""; name=""Agriculture, Food & Rural Affairs Appeal Tribunal""; 佐证引证=""2026 ONAFRAAT 17 (CanLII)""（该库样本 5 条印此码）; endpoint=https://api.canlii.org/v1/caseBrowse/en/onafraat/?offset=0&resultCount=5",2026-09-09
ONAPE,ONAPE,ON,CanLII API v1 caseBrowse,"databaseId=onape; jurisdiction=""on""; name=""Association of Professional Engineers of Ontario""; 佐证引证=""2026 ONAPE 5 (CanLII)""（该库样本 5 条印此码）; endpoint=https://api.canlii.org/v1/caseBrowse/en/onape/?offset=0&resultCount=5",2026-09-09
ONASLPDT,ONASLPDT,ON,CanLII API v1 caseBrowse,"databaseId=oncaspd; jurisdiction=""on""; name=""Ontario Audiologists and Speech-Language Pathologists Discipline Tribunal""; 佐证引证=""2026 ONASLPDT 4 (CanLII)""（该库样本 5 条印此码）; endpoint=https://api.canlii.org/v1/caseBrowse/en/oncaspd/?offset=0&resultCount=5",2026-09-09
ONBAH,ONBAH,ON,CanLII API v1 caseBrowse,"databaseId=onbah; jurisdiction=""on""; name=""Ontario Boundaries Act Hearings""; 佐证引证=""2023 ONBAH 1 (CanLII)""（该库样本 5 条印此码）; endpoint=https://api.canlii.org/v1/caseBrowse/en/onbah/?offset=0&resultCount=5",2026-09-09
ONBCC,ONBCC,ON,CanLII API v1 caseBrowse,"databaseId=onbcc; jurisdiction=""on""; name=""Building Code Commission""; 佐证引证=""2026 ONBCC 9 (CanLII)""（该库样本 5 条印此码）; endpoint=https://api.canlii.org/v1/caseBrowse/en/onbcc/?offset=0&resultCount=5",2026-09-09
ONCA,ONCA,ON,CanLII API v1 caseBrowse,"databaseId=onca; jurisdiction=""on""; name=""Court of Appeal for Ontario""; 佐证引证=""2026 ONCA 632 (CanLII)""（该库样本 5 条印此码）; endpoint=https://api.canlii.org/v1/caseBrowse/en/onca/?offset=0&resultCount=5",2026-09-09
ONCAT,ONCAT,ON,CanLII API v1 caseBrowse,"databaseId=oncat; jurisdiction=""on""; name=""Condominium Authority Tribunal""; 佐证引证=""2026 ONCAT 171 (CanLII)""（该库样本 5 条印此码）; endpoint=https://api.canlii.org/v1/caseBrowse/en/oncat/?offset=0&resultCount=5",2026-09-09
ONCDHO,ONCDHO,ON,CanLII API v1 caseBrowse,"databaseId=oncdho; jurisdiction=""on""; name=""College of Dental Hygienists of Ontario""; 佐证引证=""2024 ONCDHO 1 (CanLII)""（该库样本 5 条印此码）; endpoint=https://api.canlii.org/v1/caseBrowse/en/oncdho/?offset=0&resultCount=5",2026-09-09
ONCECE,ONCECE,ON,CanLII API v1 caseBrowse,"databaseId=oncece; jurisdiction=""on""; name=""Ontario College of Early Childhood Educators""; 佐证引证=""2026 ONCECE 16 (CanLII)""（该库样本 5 条印此码）; endpoint=https://api.canlii.org/v1/caseBrowse/en/oncece/?offset=0&resultCount=5",2026-09-09
ONCFSRB,ONCFSRB,ON,CanLII API v1 caseBrowse,"databaseId=oncfsrb; jurisdiction=""on""; name=""Child and Family Services Review Board""; 佐证引证=""2026 ONCFSRB 109 (CanLII)""（该库样本 5 条印此码）; endpoint=https://api.canlii.org/v1/caseBrowse/en/oncfsrb/?offset=0&resultCount=5",2026-09-09
ONCICB,ONCICB,ON,CanLII API v1 caseBrowse,"databaseId=oncicb; jurisdiction=""on""; name=""Criminal Injuries Compensation Board""; 佐证引证=""2021 ONCICB 6 (CanLII)""（该库样本 5 条印此码）; endpoint=https://api.canlii.org/v1/caseBrowse/en/oncicb/?offset=0&resultCount=5",2026-09-09
ONCJ,ONCJ,ON,CanLII API v1 caseBrowse,"databaseId=oncj; jurisdiction=""on""; name=""Ontario Court of Justice""; 佐证引证=""2026 ONCJ 525 (CanLII)""（该库样本 5 条印此码）; endpoint=https://api.canlii.org/v1/caseBrowse/en/oncj/?offset=0&resultCount=5",2026-09-09
ONCMLTO,ONCMLTO,ON,CanLII API v1 caseBrowse,"databaseId=oncmlto; jurisdiction=""on""; name=""College of Medical Laboratory Technologists of Ontario""; 佐证引证=""2026 ONCMLTO 1 (CanLII)""（该库样本 1 条印此码）; endpoint=https://api.canlii.org/v1/caseBrowse/en/oncmlto/?offset=0&resultCount=5",2026-09-09
ONCMT,ONCMT,ON,CanLII API v1 caseBrowse,"databaseId=oncmt; jurisdiction=""on""; name=""Capital Markets Tribunal""; 佐证引证=""2026 ONCMT 30 (CanLII)""（该库样本 5 条印此码）; endpoint=https://api.canlii.org/v1/caseBrowse/en/oncmt/?offset=0&resultCount=5",2026-09-09
ONCO,ONCO,ON,CanLII API v1 caseBrowse,"databaseId=onco; jurisdiction=""on""; name=""College of Optometrists of Ontario""; 佐证引证=""2024 ONCO 1 (CanLII)""（该库样本 5 条印此码）; endpoint=https://api.canlii.org/v1/caseBrowse/en/onco/?offset=0&resultCount=5",2026-09-09
ONCOT,ONCOT,ON,CanLII API v1 caseBrowse,"databaseId=oncoto; jurisdiction=""on""; name=""Ontario Occupational Therapists Discipline Tribunal""; 佐证引证=""2024 ONCOT 2 (CanLII)""（该库样本 5 条印此码）; endpoint=https://api.canlii.org/v1/caseBrowse/en/oncoto/?offset=0&resultCount=5",2026-09-09
ONCPA,ONCPA,ON,CanLII API v1 caseBrowse,"databaseId=oncpa; jurisdiction=""on""; name=""Chartered Professional Accountants of Ontario""; 佐证引证=""2026 ONCPA 11 (CanLII)""（该库样本 5 条印此码）; endpoint=https://api.canlii.org/v1/caseBrowse/en/oncpa/?offset=0&resultCount=5",2026-09-09
ONCPC,ONCPC,ON,CanLII API v1 caseBrowse,"databaseId=oncpc; jurisdiction=""on""; name=""Ontario Civilian Police Commission""; 佐证引证=""2025 ONCPC 35 (CanLII)""（该库样本 5 条印此码）; endpoint=https://api.canlii.org/v1/caseBrowse/en/oncpc/?offset=0&resultCount=5",2026-09-09
ONCPD,ONCPD,ON,CanLII API v1 caseBrowse,"databaseId=oncpd; jurisdiction=""on""; name=""College of Psychologists and Behavior Analysts of Ontario""; 佐证引证=""2026 ONCPD 1 (CanLII)""（该库样本 5 条印此码）; endpoint=https://api.canlii.org/v1/caseBrowse/en/oncpd/?offset=0&resultCount=5",2026-09-09
ONCPDC,ONCPDC,ON,CanLII API v1 caseBrowse,"databaseId=oncpdc; jurisdiction=""on""; name=""Ontario College of Pharmacists Discipline Committee""; 佐证引证=""2026 ONCPDC 18 (CanLII)""（该库样本 5 条印此码）; endpoint=https://api.canlii.org/v1/caseBrowse/en/oncpdc/?offset=0&resultCount=5",2026-09-09
ONCPDT,ONCPDT,ON,CanLII API v1 caseBrowse,"databaseId=oncocoo; jurisdiction=""on""; name=""Ontario Chiropodists and Podiatrists Discipline Tribunal""; 佐证引证=""2026 ONCPDT 7 (CanLII)""（该库样本 5 条印此码）; endpoint=https://api.canlii.org/v1/caseBrowse/en/oncocoo/?offset=0&resultCount=5",2026-09-09
ONCPO,ONCPO,ON,CanLII API v1 caseBrowse,"databaseId=oncpo; jurisdiction=""on""; name=""Ontario Physiotherapists Discipline Tribunal""; 佐证引证=""2025 ONCPO 79 (CanLII)""（该库样本 1 条印此码）; endpoint=https://api.canlii.org/v1/caseBrowse/en/oncpo/?offset=0&resultCount=5",2026-09-09
ONCRB,ONCRB,ON,CanLII API v1 caseBrowse,"databaseId=oncrb; jurisdiction=""on""; name=""Ontario Custody Review Board""; 佐证引证=""2026 ONCRB 49 (CanLII)""（该库样本 5 条印此码）; endpoint=https://api.canlii.org/v1/caseBrowse/en/oncrb/?offset=0&resultCount=5",2026-09-09
ONCSWSSW,ONCSWSSW,ON,CanLII API v1 caseBrowse,"databaseId=oncswssw; jurisdiction=""on""; name=""Ontario College of Social Workers and Social Service Workers""; 佐证引证=""2026 ONCSWSSW 7 (CanLII)""（该库样本 5 条印此码）; endpoint=https://api.canlii.org/v1/caseBrowse/en/oncswssw/?offset=0&resultCount=5",2026-09-09
ONCT,ONCT,ON,CanLII API v1 caseBrowse,"databaseId=onst; jurisdiction=""on""; name=""Skilled Trades Ontario""; 佐证引证=""2021 ONCT 2 (CanLII)""（该库样本 5 条印此码）; endpoint=https://api.canlii.org/v1/caseBrowse/en/onst/?offset=0&resultCount=5",2026-09-09
ONCTCMPAO,ONCTCMPAO,ON,CanLII API v1 caseBrowse,"databaseId=onctcmpao; jurisdiction=""on""; name=""College of Traditional Chinese Medicine Practitioners and Acupuncturists of Ontario""; 佐证引证=""2026 ONCTCMPAO 32 (CanLII)""（该库样本 4 条印此码）; endpoint=https://api.canlii.org/v1/caseBrowse/en/onctcmpao/?offset=0&resultCount=5",2026-09-09
ONCVO,ONCVO,ON,CanLII API v1 caseBrowse,"databaseId=oncvo; jurisdiction=""on""; name=""College of Veterinarians of Ontario""; 佐证引证=""2026 ONCVO 5 (CanLII)""（该库样本 5 条印此码）; endpoint=https://api.canlii.org/v1/caseBrowse/en/oncvo/?offset=0&resultCount=5",2026-09-09
ONDR,ONDR,ON,CanLII API v1 caseBrowse,"databaseId=ondr; jurisdiction=""on""; name=""Ontario Court of the Drainage Referee""; 佐证引证=""2026 ONDR 4 (CanLII)""（该库样本 5 条印此码）; endpoint=https://api.canlii.org/v1/caseBrowse/en/ondr/?offset=0&resultCount=5",2026-09-09
ONFSC,ONFSC,ON,CanLII API v1 caseBrowse,"databaseId=onfsc; jurisdiction=""on""; name=""Ontario Fire Safety Commission""; 佐证引证=""2025 ONFSC 50 (CanLII)""（该库样本 5 条印此码）; endpoint=https://api.canlii.org/v1/caseBrowse/en/onfsc/?offset=0&resultCount=5",2026-09-09
ONFSCDRS,ONFSCDRS,ON,CanLII API v1 caseBrowse,"databaseId=onfscdrs; jurisdiction=""on""; name=""Ontario Financial Services Commission - Dispute Resolution Services""; 佐证引证=""2020 ONFSCDRS 17 (CanLII)""（该库样本 5 条印此码）; endpoint=https://api.canlii.org/v1/caseBrowse/en/onfscdrs/?offset=0&resultCount=5",2026-09-09
ONFST,ONFST,ON,CanLII API v1 caseBrowse,"databaseId=onfst; jurisdiction=""on""; name=""Financial Services Tribunal""; 佐证引证=""2026 ONFST 14 (CanLII)""（该库样本 5 条印此码）; endpoint=https://api.canlii.org/v1/caseBrowse/en/onfst/?offset=0&resultCount=5",2026-09-09
ONIOP,ONIOP,ON,CanLII API v1 caseBrowse,"databaseId=oniop; jurisdiction=""on""; name=""Ontario Inspectorate of Policing""; 佐证引证=""2026 ONIOP 19 (CanLII)""（该库样本 5 条印此码）; endpoint=https://api.canlii.org/v1/caseBrowse/en/oniop/?offset=0&resultCount=5",2026-09-09
ONLSAP,ONLSAP,ON,CanLII API v1 caseBrowse,"databaseId=onlst; jurisdiction=""on""; name=""Law Society Tribunal""; 佐证引证=""2012 ONLSAP 32 (CanLII)""（该库样本 2 条印此码）; endpoint=https://api.canlii.org/v1/caseBrowse/en/onlst/?offset=0&resultCount=5&decisionDateBefore=2013-01-01",2026-09-09
ONLSHP,ONLSHP,ON,CanLII API v1 caseBrowse,"databaseId=onlst; jurisdiction=""on""; name=""Law Society Tribunal""; 佐证引证=""2012 ONLSHP 202 (CanLII)""（该库样本 3 条印此码）; endpoint=https://api.canlii.org/v1/caseBrowse/en/onlst/?offset=0&resultCount=5&decisionDateBefore=2013-01-01",2026-09-09
ONLSTA,ONLSTA,ON,CanLII API v1 caseBrowse,"databaseId=onlst; jurisdiction=""on""; name=""Law Society Tribunal""; 佐证引证=""2017 ONLSTA 33 (CanLII)""（该库样本 1 条印此码）; endpoint=https://api.canlii.org/v1/caseBrowse/en/onlst/?offset=0&resultCount=5&decisionDateBefore=2018-01-01",2026-09-09
ONLSTH,ONLSTH,ON,CanLII API v1 caseBrowse,"databaseId=onlst; jurisdiction=""on""; name=""Law Society Tribunal""; 佐证引证=""2026 ONLSTH 167 (CanLII)""（该库样本 5 条印此码）; endpoint=https://api.canlii.org/v1/caseBrowse/en/onlst/?offset=0&resultCount=5",2026-09-09
ONLTB,ONLTB,ON,CanLII API v1 caseBrowse,"databaseId=onltb; jurisdiction=""on""; name=""Landlord and Tenant Board""; 佐证引证=""2026 ONLTB 44153 (CanLII)""（该库样本 5 条印此码）; endpoint=https://api.canlii.org/v1/caseBrowse/en/onltb/?offset=0&resultCount=5",2026-09-09
ONMIC,ONMIC,ON,CanLII API v1 caseBrowse,"databaseId=onmic; jurisdiction=""on""; name=""Municipal Integrity Commissioners of Ontario""; 佐证引证=""2026 ONMIC 4 (CanLII)""（该库样本 5 条印此码）; endpoint=https://api.canlii.org/v1/caseBrowse/en/onmic/?offset=0&resultCount=5",2026-09-09
ONMRITDT,ONMRITDT,ON,CanLII API v1 caseBrowse,"databaseId=onmritdt; jurisdiction=""on""; name=""Ontario Medical Radiation and Imaging Technologists Discipline Tribunal""; 佐证引证=""2026 ONMRITDT 1 (CanLII)""（该库样本 1 条印此码）; endpoint=https://api.canlii.org/v1/caseBrowse/en/onmritdt/?offset=0&resultCount=5",2026-09-09
ONMTDT,ONMTDT,ON,CanLII API v1 caseBrowse,"databaseId=oncmto; jurisdiction=""on""; name=""Ontario Massage Therapists Discipline Tribunal""; 佐证引证=""2026 ONMTDT 19 (CanLII)""（该库样本 5 条印此码）; endpoint=https://api.canlii.org/v1/caseBrowse/en/oncmto/?offset=0&resultCount=5",2026-09-09
ONNFPPB,ONNFPPB,ON,CanLII API v1 caseBrowse,"databaseId=onnfppb; jurisdiction=""on""; name=""Normal Farm Practices Protection Board""; 佐证引证=""2026 ONNFPPB 4 (CanLII)""（该库样本 5 条印此码）; endpoint=https://api.canlii.org/v1/caseBrowse/en/onnfppb/?offset=0&resultCount=5",2026-09-09
ONOCT,ONOCT,ON,CanLII API v1 caseBrowse,"databaseId=onoct; jurisdiction=""on""; name=""Ontario College of Teachers""; 佐证引证=""2026 ONOCT 18 (CanLII)""（该库样本 5 条印此码）; endpoint=https://api.canlii.org/v1/caseBrowse/en/onoct/?offset=0&resultCount=5",2026-09-09
ONOMBUD,ONOMBUD,ON,CanLII API v1 caseBrowse,"databaseId=onombud; jurisdiction=""on""; name=""Office of the Ombudsman of Ontario""; 佐证引证=""2026 ONOMBUD 22 (CanLII)""（该库样本 5 条印此码）; endpoint=https://api.canlii.org/v1/caseBrowse/en/onombud/?offset=0&resultCount=5",2026-09-09
ONPDT,ONPDT,ON,CanLII API v1 caseBrowse,"databaseId=oncpo; jurisdiction=""on""; name=""Ontario Physiotherapists Discipline Tribunal""; 佐证引证=""2026 ONPDT 4 (CanLII)""（该库样本 4 条印此码）; endpoint=https://api.canlii.org/v1/caseBrowse/en/oncpo/?offset=0&resultCount=5",2026-09-09
ONPSDT,ONPSDT,ON,CanLII API v1 caseBrowse,"databaseId=oncps; jurisdiction=""on""; name=""Ontario Physicians and Surgeons Discipline Tribunal""; 佐证引证=""2026 ONPSDT 31 (CanLII)""（该库样本 5 条印此码）; endpoint=https://api.canlii.org/v1/caseBrowse/en/oncps/?offset=0&resultCount=5",2026-09-09
ONRCDSO,ONRCDSO,ON,CanLII API v1 caseBrowse,"databaseId=onrcdso; jurisdiction=""on""; name=""Royal College of Dental Surgeons of Ontario""; 佐证引证=""2026 ONRCDSO 12 (CanLII)""（该库样本 5 条印此码）; endpoint=https://api.canlii.org/v1/caseBrowse/en/onrcdso/?offset=0&resultCount=5",2026-09-09
ONRIBODC,ONRIBODC,ON,CanLII API v1 caseBrowse,"databaseId=onribodc; jurisdiction=""on""; name=""Registered Insurance Brokers of Ontario Discipline Committee""; 佐证引证=""2026 ONRIBODC 12 (CanLII)""（该库样本 5 条印此码）; endpoint=https://api.canlii.org/v1/caseBrowse/en/onribodc/?offset=0&resultCount=5",2026-09-09
ONRPDT,ONRPDT,ON,CanLII API v1 caseBrowse,"databaseId=oncrpo; jurisdiction=""on""; name=""Ontario Registered Psychotherapists Discipline Tribunal""; 佐证引证=""2026 ONRPDT 9 (CanLII)""（该库样本 5 条印此码）; endpoint=https://api.canlii.org/v1/caseBrowse/en/oncrpo/?offset=0&resultCount=5",2026-09-09
ONSBT,ONSBT,ON,CanLII API v1 caseBrowse,"databaseId=onsbt; jurisdiction=""on""; name=""Ontario Social Benefits Tribunal""; 佐证引证=""2026 ONSBT 3009 (CanLII)""（该库样本 5 条印此码）; endpoint=https://api.canlii.org/v1/caseBrowse/en/onsbt/?offset=0&resultCount=5",2026-09-09
ONSC,ONSC,ON,CanLII API v1 caseBrowse,"databaseId=onsc; jurisdiction=""on""; name=""Superior Court of Justice""; 佐证引证=""2026 ONSC 5054 (CanLII)""（该库样本 5 条印此码）; endpoint=https://api.canlii.org/v1/caseBrowse/en/onsc/?offset=0&resultCount=5",2026-09-09
ONSET,ONSET,ON,CanLII API v1 caseBrowse,"databaseId=onset; jurisdiction=""on""; name=""Ontario Special Education  (English) Tribunal""; 佐证引证=""2026 ONSET 4 (CanLII)""（该库样本 5 条印此码）; endpoint=https://api.canlii.org/v1/caseBrowse/en/onset/?offset=0&resultCount=5",2026-09-09
ONTLAB,ONTLAB,ON,CanLII API v1 caseBrowse,"databaseId=ontlab; jurisdiction=""on""; name=""Toronto Local Appeal Body""; 佐证引证=""2026 ONTLAB 435 (CanLII)""（该库样本 5 条印此码）; endpoint=https://api.canlii.org/v1/caseBrowse/en/ontlab/?offset=0&resultCount=5",2026-09-09
ONWSIAT,ONWSIAT,ON,CanLII API v1 caseBrowse,"databaseId=onwsiat; jurisdiction=""on""; name=""Ontario Workplace Safety and Insurance Appeals Tribunal""; 佐证引证=""2026 ONWSIAT 751 (CanLII)""（该库样本 5 条印此码）; endpoint=https://api.canlii.org/v1/caseBrowse/en/onwsiat/?offset=0&resultCount=5",2026-09-09
PEC,PEC,CA,CanLII API v1 caseBrowse,"databaseId=pec-ces; jurisdiction=""ca""; name=""Pay Equity Commissioner""; 佐证引证=""2025 PEC 8 (CanLII)""（该库样本 5 条印此码）; endpoint=https://api.canlii.org/v1/caseBrowse/en/pec-ces/?offset=0&resultCount=5",2026-09-09
PECA,PECA,PE,CanLII API v1 caseBrowse,"databaseId=pescad; jurisdiction=""pe""; name=""Prince Edward Island Court of Appeal""; 佐证引证=""2026 PECA 13 (CanLII)""（该库样本 5 条印此码）; endpoint=https://api.canlii.org/v1/caseBrowse/en/pescad/?offset=0&resultCount=5",2026-09-09
PEIRAC,PEIRAC,PE,CanLII API v1 caseBrowse,"databaseId=peirac; jurisdiction=""pe""; name=""Prince Edward Island Regulatory & Appeals Commission""; 佐证引证=""2026 PEIRAC 50 (CanLII)""（该库样本 5 条印此码）; endpoint=https://api.canlii.org/v1/caseBrowse/en/peirac/?offset=0&resultCount=5",2026-09-09
PESC,PESC,PE,CanLII API v1 caseBrowse,"databaseId=pesctd; jurisdiction=""pe""; name=""Supreme Court of Prince Edward Island""; 佐证引证=""2026 PESC 24 (CanLII)""（该库样本 5 条印此码）; endpoint=https://api.canlii.org/v1/caseBrowse/en/pesctd/?offset=0&resultCount=5",2026-09-09
PESCAD,PESCAD,PE,CanLII API v1 caseBrowse,"databaseId=pescad; jurisdiction=""pe""; name=""Prince Edward Island Court of Appeal""; 佐证引证=""2005 PESCAD 28 (CanLII)""（该库样本 5 条印此码）; endpoint=https://api.canlii.org/v1/caseBrowse/en/pescad/?offset=0&resultCount=5&decisionDateBefore=2006-01-01",2026-09-09
PESCTD,PESCTD,PE,CanLII API v1 caseBrowse,"databaseId=pesctd; jurisdiction=""pe""; name=""Supreme Court of Prince Edward Island""; 佐证引证=""2005 PESCTD 66 (CanLII)""（该库样本 5 条印此码）; endpoint=https://api.canlii.org/v1/caseBrowse/en/pesctd/?offset=0&resultCount=5&decisionDateBefore=2006-01-01",2026-09-09
PSDPT,PSDPT,CA,CanLII API v1 caseBrowse,"databaseId=capsdpt; jurisdiction=""ca""; name=""Public Servants Disclosure Protection Tribunal""; 佐证引证=""2025 PSDPT 1 (CanLII)""（该库样本 4 条印此码）; endpoint=https://api.canlii.org/v1/caseBrowse/en/capsdpt/?offset=0&resultCount=5",2026-09-09
PSLRB,PSLRB,CA,CanLII API v1 caseBrowse,"databaseId=pssrb; jurisdiction=""ca""; name=""Public Service Labour Relations Board""; 佐证引证=""2014 PSLRB 96 (CanLII)""（该库样本 5 条印此码）; endpoint=https://api.canlii.org/v1/caseBrowse/en/pssrb/?offset=0&resultCount=5",2026-09-09
PSLREB,PSLREB,CA,CanLII API v1 caseBrowse,"databaseId=pslreb; jurisdiction=""ca""; name=""Federal Public Sector Labour Relations and Employment Board""; 佐证引证=""2015 PSLREB 99 (CanLII)""（该库样本 5 条印此码）; endpoint=https://api.canlii.org/v1/caseBrowse/en/pslreb/?offset=0&resultCount=5&decisionDateBefore=2016-01-01",2026-09-09
PSST,PSST,CA,CanLII API v1 caseBrowse,"databaseId=psst; jurisdiction=""ca""; name=""Public Service Staffing Tribunal""; 佐证引证=""2014 PSST 18 (CanLII)""（该库样本 5 条印此码）; endpoint=https://api.canlii.org/v1/caseBrowse/en/psst/?offset=0&resultCount=5",2026-09-09
QCBDR,QCBDR,QC,CanLII API v1 caseBrowse,"databaseId=qcbdrvm; jurisdiction=""qc""; name=""Tribunal administratif des marchés financiers""; 佐证引证=""2015 QCBDR 164 (CanLII)""（该库样本 5 条印此码）; endpoint=https://api.canlii.org/v1/caseBrowse/en/qcbdrvm/?offset=0&resultCount=5&decisionDateBefore=2016-01-01",2026-09-09
QCBDRVM,QCBDRVM,QC,CanLII API v1 caseBrowse,"databaseId=qcbdrvm; jurisdiction=""qc""; name=""Tribunal administratif des marchés financiers""; 佐证引证=""2007 QCBDRVM 60 (CanLII)""（该库样本 5 条印此码）; endpoint=https://api.canlii.org/v1/caseBrowse/en/qcbdrvm/?offset=0&resultCount=5&decisionDateBefore=2008-01-01",2026-09-09
QCCA,QCCA,QC,CanLII API v1 caseBrowse,"databaseId=qcca; jurisdiction=""qc""; name=""Court of Appeal of Quebec""; 佐证引证=""2026 QCCA 1171 (CanLII)""（该库样本 5 条印此码）; endpoint=https://api.canlii.org/v1/caseBrowse/en/qcca/?offset=0&resultCount=5",2026-09-09
QCCAI,QCCAI,QC,CanLII API v1 caseBrowse,"databaseId=qccai; jurisdiction=""qc""; name=""Commission d'accès à l'information""; 佐证引证=""2026 QCCAI 265 (CanLII)""（该库样本 5 条印此码）; endpoint=https://api.canlii.org/v1/caseBrowse/en/qccai/?offset=0&resultCount=5",2026-09-09
QCCDAC,QCCDAC,QC,CanLII API v1 caseBrowse,"databaseId=qcoaq; jurisdiction=""qc""; name=""Conseil de discipline de l'Ordre des acupuncteurs du Québec""; 佐证引证=""2026 QCCDAC 6 (CanLII)""（该库样本 5 条印此码）; endpoint=https://api.canlii.org/v1/caseBrowse/en/qcoaq/?offset=0&resultCount=5",2026-09-09
QCCDADMA,QCCDADMA,QC,CanLII API v1 caseBrowse,"databaseId=qcadmaq; jurisdiction=""qc""; name=""Conseil de discipline de l'Ordre des administrateurs agréés du Québec""; 佐证引证=""2021 QCCDADMA 2 (CanLII)""（该库样本 2 条印此码）; endpoint=https://api.canlii.org/v1/caseBrowse/en/qcadmaq/?offset=0&resultCount=5",2026-09-09
QCCDAG,QCCDAG,QC,CanLII API v1 caseBrowse,"databaseId=qcoagq; jurisdiction=""qc""; name=""Conseil de discipline de l'Ordre des arpenteurs-géomètres du Québec""; 佐证引证=""2026 QCCDAG 2 (CanLII)""（该库样本 5 条印此码）; endpoint=https://api.canlii.org/v1/caseBrowse/en/qcoagq/?offset=0&resultCount=5",2026-09-09
QCCDAGR,QCCDAGR,QC,CanLII API v1 caseBrowse,"databaseId=qcagq; jurisdiction=""qc""; name=""Conseil de discipline de l'Ordre des agronomes du Québec""; 佐证引证=""2026 QCCDAGR 3 (CanLII)""（该库样本 5 条印此码）; endpoint=https://api.canlii.org/v1/caseBrowse/en/qcagq/?offset=0&resultCount=5",2026-09-09
QCCDAP,QCCDAP,QC,CanLII API v1 caseBrowse,"databaseId=qcoapq; jurisdiction=""qc""; name=""Conseil de discipline de l'Ordre des audioprothésistes du Québec""; 佐证引证=""2026 QCCDAP 2 (CanLII)""（该库样本 5 条印此码）; endpoint=https://api.canlii.org/v1/caseBrowse/en/qcoapq/?offset=0&resultCount=5",2026-09-09
QCCDARC,QCCDARC,QC,CanLII API v1 caseBrowse,"databaseId=qcoarq; jurisdiction=""qc""; name=""Conseil de discipline de l'Ordre des architectes du Québec""; 佐证引证=""2026 QCCDARC 4 (CanLII)""（该库样本 5 条印此码）; endpoint=https://api.canlii.org/v1/caseBrowse/en/qcoarq/?offset=0&resultCount=5",2026-09-09
QCCDBQ,QCCDBQ,QC,CanLII API v1 caseBrowse,"databaseId=qccdbq; jurisdiction=""qc""; name=""Barreau du Québec  Disciplinary Council""; 佐证引证=""2026 QCCDBQ 59 (CanLII)""（该库样本 3 条印此码）; endpoint=https://api.canlii.org/v1/caseBrowse/en/qccdbq/?offset=0&resultCount=5",2026-09-09
QCCDCHA,QCCDCHA,QC,CanLII API v1 caseBrowse,"databaseId=qccdcha; jurisdiction=""qc""; name=""Comité de discipline de la Chambre de l’assurance""; 佐证引证=""2026 QCCDCHA 17 (CanLII)""（该库样本 5 条印此码）; endpoint=https://api.canlii.org/v1/caseBrowse/en/qccdcha/?offset=0&resultCount=5",2026-09-09
QCCDCHIM,QCCDCHIM,QC,CanLII API v1 caseBrowse,"databaseId=qcochq; jurisdiction=""qc""; name=""Conseil de discipline de l'Ordre professionnel des chimistes du Québec""; 佐证引证=""2024 QCCDCHIM 2 (CanLII)""（该库样本 5 条印此码）; endpoint=https://api.canlii.org/v1/caseBrowse/en/qcochq/?offset=0&resultCount=5",2026-09-09
QCCDCHIR,QCCDCHIR,QC,CanLII API v1 caseBrowse,"databaseId=qcocq; jurisdiction=""qc""; name=""Conseil de discipline de l'Ordre des chiropraticiens du Québec""; 佐证引证=""2026 QCCDCHIR 7 (CanLII)""（该库样本 5 条印此码）; endpoint=https://api.canlii.org/v1/caseBrowse/en/qcocq/?offset=0&resultCount=5",2026-09-09
QCCDCO,QCCDCO,QC,CanLII API v1 caseBrowse,"databaseId=qccdccoq; jurisdiction=""qc""; name=""Conseil de discipline des Conseillers et conseillères d'orientation du Québec""; 佐证引证=""2026 QCCDCO 1 (CanLII)""（该库样本 5 条印此码）; endpoint=https://api.canlii.org/v1/caseBrowse/en/qccdccoq/?offset=0&resultCount=5",2026-09-09
QCCDCPA,QCCDCPA,QC,CanLII API v1 caseBrowse,"databaseId=qccpa; jurisdiction=""qc""; name=""Conseil de discipline de l'Ordre des comptables professionnels agréés du Québec""; 佐证引证=""2026 QCCDCPA 37 (CanLII)""（该库样本 5 条印此码）; endpoint=https://api.canlii.org/v1/caseBrowse/en/qccpa/?offset=0&resultCount=5",2026-09-09
QCCDCRHRI,QCCDCRHRI,QC,CanLII API v1 caseBrowse,"databaseId=qccdrhri; jurisdiction=""qc""; name=""Conseil de discipline de l'Ordre professionnel des conseillers en ressources humaines et en relations industrielles agrées du Québec""; 佐证引证=""2026 QCCDCRHRI 2 (CanLII)""（该库样本 5 条印此码）; endpoint=https://api.canlii.org/v1/caseBrowse/en/qccdrhri/?offset=0&resultCount=5",2026-09-09
QCCDCRIM,QCCDCRIM,QC,CanLII API v1 caseBrowse,"databaseId=qccdcrim; jurisdiction=""qc""; name=""Conseil de discipline de l'Ordre des criminologues du Québec""; 佐证引证=""2025 QCCDCRIM 1 (CanLII)""（该库样本 3 条印此码）; endpoint=https://api.canlii.org/v1/caseBrowse/en/qccdcrim/?offset=0&resultCount=5",2026-09-09
QCCDCSF,QCCDCSF,QC,CanLII API v1 caseBrowse,"databaseId=qccdcsf; jurisdiction=""qc""; name=""Comité de discipline de la Chambre de la sécurité financière""; 佐证引证=""2025 QCCDCSF 7 (CanLII)""（该库样本 5 条印此码）; endpoint=https://api.canlii.org/v1/caseBrowse/en/qccdcsf/?offset=0&resultCount=5",2026-09-09
QCCDDD,QCCDDD,QC,CanLII API v1 caseBrowse,"databaseId=qcodlq; jurisdiction=""qc""; name=""Conseil de discipline de l'Ordre professionnel des denturologistes du Québec""; 佐证引证=""2026 QCCDDD 1 (CanLII)""（该库样本 4 条印此码）; endpoint=https://api.canlii.org/v1/caseBrowse/en/qcodlq/?offset=0&resultCount=5",2026-09-09
QCCDDTP,QCCDDTP,QC,CanLII API v1 caseBrowse,"databaseId=qcopdq; jurisdiction=""qc""; name=""Ordre des diététistes-nutritionnistes du Québec""; 佐证引证=""2026 QCCDDTP 3 (CanLII)""（该库样本 5 条印此码）; endpoint=https://api.canlii.org/v1/caseBrowse/en/qcopdq/?offset=0&resultCount=5",2026-09-09
QCCDEA,QCCDEA,QC,CanLII API v1 caseBrowse,"databaseId=qcoeaq; jurisdiction=""qc""; name=""Conseil de discipline de l'Ordre professionnel des évaluateurs agréés du Québec""; 佐证引证=""2026 QCCDEA 2 (CanLII)""（该库样本 5 条印此码）; endpoint=https://api.canlii.org/v1/caseBrowse/en/qcoeaq/?offset=0&resultCount=5",2026-09-09
QCCDERG,QCCDERG,QC,CanLII API v1 caseBrowse,"databaseId=qcoeq; jurisdiction=""qc""; name=""Conseil de discipline de l'Ordre des ergothérapeutes du Québec""; 佐证引证=""2026 QCCDERG 1 (CanLII)""（该库样本 5 条印此码）; endpoint=https://api.canlii.org/v1/caseBrowse/en/qcoeq/?offset=0&resultCount=5",2026-09-09
QCCDHD,QCCDHD,QC,CanLII API v1 caseBrowse,"databaseId=qcohdq; jurisdiction=""qc""; name=""Ordre des hygiénistes dentaires du Québec""; 佐证引证=""2026 QCCDHD 1 (CanLII)""（该库样本 5 条印此码）; endpoint=https://api.canlii.org/v1/caseBrowse/en/qcohdq/?offset=0&resultCount=5",2026-09-09
QCCDHJ,QCCDHJ,QC,CanLII API v1 caseBrowse,"databaseId=qccdhj; jurisdiction=""qc""; name=""Conseil de discipline de la Chambre des huissiers de justice du Québec""; 佐证引证=""2026 QCCDHJ 1 (CanLII)""（该库样本 5 条印此码）; endpoint=https://api.canlii.org/v1/caseBrowse/en/qccdhj/?offset=0&resultCount=5",2026-09-09
QCCDIA,QCCDIA,QC,CanLII API v1 caseBrowse,"databaseId=qccdoiia; jurisdiction=""qc""; name=""Conseil de discipline de l'Ordre des infirmières et infirmiers auxiliaires du Québec""; 佐证引证=""2026 QCCDIA 8 (CanLII)""（该库样本 5 条印此码）; endpoint=https://api.canlii.org/v1/caseBrowse/en/qccdoiia/?offset=0&resultCount=5",2026-09-09
QCCDINF,QCCDINF,QC,CanLII API v1 caseBrowse,"databaseId=qccdoii; jurisdiction=""qc""; name=""Conseil de discipline de l'Ordre des infirmières et infirmiers du Québec""; 佐证引证=""2026 QCCDINF 16 (CanLII)""（该库样本 5 条印此码）; endpoint=https://api.canlii.org/v1/caseBrowse/en/qccdoii/?offset=0&resultCount=5",2026-09-09
QCCDING,QCCDING,QC,CanLII API v1 caseBrowse,"databaseId=qccdoiq; jurisdiction=""qc""; name=""Conseil de discipline de l'Ordre des ingénieurs du Québec""; 佐证引证=""2026 QCCDING 16 (CanLII)""（该库样本 5 条印此码）; endpoint=https://api.canlii.org/v1/caseBrowse/en/qccdoiq/?offset=0&resultCount=5",2026-09-09
QCCDINGF,QCCDINGF,QC,CanLII API v1 caseBrowse,"databaseId=qcoifq; jurisdiction=""qc""; name=""Conseil de discipline de l'Ordre professionnel des ingénieurs forestiers du Québec""; 佐证引证=""2026 QCCDINGF 1 (CanLII)""（该库样本 5 条印此码）; endpoint=https://api.canlii.org/v1/caseBrowse/en/qcoifq/?offset=0&resultCount=5",2026-09-09
QCCDMD,QCCDMD,QC,CanLII API v1 caseBrowse,"databaseId=qccdcm; jurisdiction=""qc""; name=""Collège des médecins du Québec Disciplinary Council""; 佐证引证=""2026 QCCDMD 24 (CanLII)""（该库样本 5 条印此码）; endpoint=https://api.canlii.org/v1/caseBrowse/en/qccdcm/?offset=0&resultCount=5",2026-09-09
QCCDMV,QCCDMV,QC,CanLII API v1 caseBrowse,"databaseId=qccdomv; jurisdiction=""qc""; name=""Conseil de discipline de l'Ordre des médecins vétérinaires du Québec""; 佐证引证=""2026 QCCDMV 1 (CanLII)""（该库样本 5 条印此码）; endpoint=https://api.canlii.org/v1/caseBrowse/en/qccdomv/?offset=0&resultCount=5",2026-09-09
QCCDNOT,QCCDNOT,QC,CanLII API v1 caseBrowse,"databaseId=qccdnq; jurisdiction=""qc""; name=""Conseil de discipline de la Chambre des notaires du Québec""; 佐证引证=""2026 QCCDNOT 10 (CanLII)""（该库样本 5 条印此码）; endpoint=https://api.canlii.org/v1/caseBrowse/en/qccdnq/?offset=0&resultCount=5",2026-09-09
QCCDOAQ,QCCDOAQ,QC,CanLII API v1 caseBrowse,"databaseId=qcooaq; jurisdiction=""qc""; name=""Conseil de discipline de l'Ordre professionnel des orthophonistes et audiologistes du Québec""; 佐证引证=""2026 QCCDOAQ 1 (CanLII)""（该库样本 5 条印此码）; endpoint=https://api.canlii.org/v1/caseBrowse/en/qcooaq/?offset=0&resultCount=5",2026-09-09
QCCDODQ,QCCDODQ,QC,CanLII API v1 caseBrowse,"databaseId=qcodq; jurisdiction=""qc""; name=""Conseil de discipline de l'Ordre des dentistes du Québec""; 佐证引证=""2026 QCCDODQ 12 (CanLII)""（该库样本 5 条印此码）; endpoint=https://api.canlii.org/v1/caseBrowse/en/qcodq/?offset=0&resultCount=5",2026-09-09
QCCDOOD,QCCDOOD,QC,CanLII API v1 caseBrowse,"databaseId=qccdoooq; jurisdiction=""qc""; name=""Conseil de discipline de l'Ordre des opticiens d'ordonnances du Québec""; 佐证引证=""2026 QCCDOOD 5 (CanLII)""（该库样本 5 条印此码）; endpoint=https://api.canlii.org/v1/caseBrowse/en/qccdoooq/?offset=0&resultCount=5",2026-09-09
QCCDOOQ,QCCDOOQ,QC,CanLII API v1 caseBrowse,"databaseId=qcooq; jurisdiction=""qc""; name=""Conseil de discipline de l'Ordre des optométristes du Québec""; 佐证引证=""2026 QCCDOOQ 1 (CanLII)""（该库样本 5 条印此码）; endpoint=https://api.canlii.org/v1/caseBrowse/en/qcooq/?offset=0&resultCount=5",2026-09-09
QCCDOPPQ,QCCDOPPQ,QC,CanLII API v1 caseBrowse,"databaseId=qcoppq; jurisdiction=""qc""; name=""Conseil de discipline de l'Ordre professionnel de la physiothérapie du Québec""; 佐证引证=""2026 QCCDOPPQ 6 (CanLII)""（该库样本 5 条印此码）; endpoint=https://api.canlii.org/v1/caseBrowse/en/qcoppq/?offset=0&resultCount=5",2026-09-09
QCCDPHA,QCCDPHA,QC,CanLII API v1 caseBrowse,"databaseId=qccdopq; jurisdiction=""qc""; name=""Conseil de discipline de l'Ordre des pharmaciens du Québec""; 佐证引证=""2026 QCCDPHA 27 (CanLII)""（该库样本 5 条印此码）; endpoint=https://api.canlii.org/v1/caseBrowse/en/qccdopq/?offset=0&resultCount=5",2026-09-09
QCCDPOD,QCCDPOD,QC,CanLII API v1 caseBrowse,"databaseId=qcopodq; jurisdiction=""qc""; name=""Conseil de discipline de l'Ordre des podiatres du Québec""; 佐证引证=""2026 QCCDPOD 2 (CanLII)""（该库样本 5 条印此码）; endpoint=https://api.canlii.org/v1/caseBrowse/en/qcopodq/?offset=0&resultCount=5",2026-09-09
QCCDPSED,QCCDPSED,QC,CanLII API v1 caseBrowse,"databaseId=qccdppq; jurisdiction=""qc""; name=""Conseil de discipline des psychoéducateurs et psychoéducatrices du Québec""; 佐证引证=""2026 QCCDPSED 6 (CanLII)""（该库样本 5 条印此码）; endpoint=https://api.canlii.org/v1/caseBrowse/en/qccdppq/?offset=0&resultCount=5",2026-09-09
QCCDPSY,QCCDPSY,QC,CanLII API v1 caseBrowse,"databaseId=qcopq; jurisdiction=""qc""; name=""Conseil de discipline de l'Ordre des psychologues du Québec""; 佐证引证=""2026 QCCDPSY 15 (CanLII)""（该库样本 5 条印此码）; endpoint=https://api.canlii.org/v1/caseBrowse/en/qcopq/?offset=0&resultCount=5",2026-09-09
QCCDSEXO,QCCDSEXO,QC,CanLII API v1 caseBrowse,"databaseId=qcopsq; jurisdiction=""qc""; name=""Conseil de discipline de l'Ordre des sexologues du Québec""; 佐证引证=""2026 QCCDSEXO 1 (CanLII)""（该库样本 5 条印此码）; endpoint=https://api.canlii.org/v1/caseBrowse/en/qcopsq/?offset=0&resultCount=5",2026-09-09
QCCDSF,QCCDSF,QC,CanLII API v1 caseBrowse,"databaseId=qccdosfq; jurisdiction=""qc""; name=""Conseil de discipline de l'Ordre des sages-femmes du Québec""; 佐证引证=""2023 QCCDSF 1 (CanLII)""（该库样本 2 条印此码）; endpoint=https://api.canlii.org/v1/caseBrowse/en/qccdosfq/?offset=0&resultCount=5",2026-09-09
QCCDTIMROEM,QCCDTIMROEM,QC,CanLII API v1 caseBrowse,"databaseId=qcotimro; jurisdiction=""qc""; name=""Conseil de discipline de l'Ordre des technologues en imagerie médicale et en radio-oncologie du Québec""; 佐证引证=""2026 QCCDTIMROEM 1 (CanLII)""（该库样本 5 条印此码）; endpoint=https://api.canlii.org/v1/caseBrowse/en/qcotimro/?offset=0&resultCount=5",2026-09-09
QCCDTP,QCCDTP,QC,CanLII API v1 caseBrowse,"databaseId=qcotpq; jurisdiction=""qc""; name=""Conseil de discipline de l'Ordre des technologues professionnels du Québec""; 佐证引证=""2026 QCCDTP 3 (CanLII)""（该库样本 5 条印此码）; endpoint=https://api.canlii.org/v1/caseBrowse/en/qcotpq/?offset=0&resultCount=5",2026-09-09
QCCDTSTCF,QCCDTSTCF,QC,CanLII API v1 caseBrowse,"databaseId=qcotstcfq; jurisdiction=""qc""; name=""Conseil de discipline de l'Ordre professionnel des travailleurs sociaux et des thérapeutes conjugaux et familiaux du Québec""; 佐证引证=""2026 QCCDTSTCF 22 (CanLII)""（该库样本 5 条印此码）; endpoint=https://api.canlii.org/v1/caseBrowse/en/qcotstcfq/?offset=0&resultCount=5",2026-09-09
QCCDTTIA,QCCDTTIA,QC,CanLII API v1 caseBrowse,"databaseId=qcottiaq; jurisdiction=""qc""; name=""Conseil de discipline de l'Ordre professionnel des traducteurs, terminologues et interprètes agréés du Québec""; 佐证引证=""2026 QCCDTTIA 3 (CanLII)""（该库样本 4 条印此码）; endpoint=https://api.canlii.org/v1/caseBrowse/en/qcottiaq/?offset=0&resultCount=5",2026-09-09
QCCDURB,QCCDURB,QC,CanLII API v1 caseBrowse,"databaseId=qcouq; jurisdiction=""qc""; name=""Conseil de discipline de l'Ordre des urbanistes du Québec""; 佐证引证=""2025 QCCDURB 2 (CanLII)""（该库样本 4 条印此码）; endpoint=https://api.canlii.org/v1/caseBrowse/en/qcouq/?offset=0&resultCount=5",2026-09-09
QCCFP,QCCFP,QC,CanLII API v1 caseBrowse,"databaseId=qccfp; jurisdiction=""qc""; name=""Commission de la fonction publique""; 佐证引证=""2026 QCCFP 21 (CanLII)""（该库样本 5 条印此码）; endpoint=https://api.canlii.org/v1/caseBrowse/en/qccfp/?offset=0&resultCount=5",2026-09-09
QCCLP,QCCLP,QC,CanLII API v1 caseBrowse,"databaseId=qcclp; jurisdiction=""qc""; name=""Commission des lésions professionnelles du Québec""; 佐证引证=""2015 QCCLP 6917 (CanLII)""（该库样本 5 条印此码）; endpoint=https://api.canlii.org/v1/caseBrowse/en/qcclp/?offset=0&resultCount=5",2026-09-09
QCCM,QCCM,QC,CanLII API v1 caseBrowse,"databaseId=qccm; jurisdiction=""qc""; name=""Municipal Courts""; 佐证引证=""2026 QCCM 39 (CanLII)""（该库样本 5 条印此码）; endpoint=https://api.canlii.org/v1/caseBrowse/en/qccm/?offset=0&resultCount=5",2026-09-09
QCCMEQ,QCCMEQ,QC,CanLII API v1 caseBrowse,"databaseId=qccmeq; jurisdiction=""qc""; name=""Corporation des maîtres électriciens du Québec""; 佐证引证=""2026 QCCMEQ 8 (CanLII)""（该库样本 5 条印此码）; endpoint=https://api.canlii.org/v1/caseBrowse/en/qccmeq/?offset=0&resultCount=5",2026-09-09
QCCNESST,QCCNESST,QC,CanLII API v1 caseBrowse,"databaseId=qccnesst; jurisdiction=""qc""; name=""Commission des normes, de l’équité, de la santé et de la sécurité du travail""; 佐证引证=""2026 QCCNESST 332 (CanLII)""（该库样本 5 条印此码）; endpoint=https://api.canlii.org/v1/caseBrowse/en/qccnesst/?offset=0&resultCount=5",2026-09-09
QCCQ,QCCQ,QC,CanLII API v1 caseBrowse,"databaseId=qccq; jurisdiction=""qc""; name=""Court of Quebec""; 佐证引证=""2026 QCCQ 4027 (CanLII)""（该库样本 5 条印此码）; endpoint=https://api.canlii.org/v1/caseBrowse/en/qccq/?offset=0&resultCount=5",2026-09-09
QCCRT,QCCRT,QC,CanLII API v1 caseBrowse,"databaseId=qccrt; jurisdiction=""qc""; name=""Commission des relations du travail""; 佐证引证=""2015 QCCRT 719 (CanLII)""（该库样本 5 条印此码）; endpoint=https://api.canlii.org/v1/caseBrowse/en/qccrt/?offset=0&resultCount=5",2026-09-09
QCCS,QCCS,QC,CanLII API v1 caseBrowse,"databaseId=qccs; jurisdiction=""qc""; name=""Superior Court""; 佐证引证=""2026 QCCS 3175 (CanLII)""（该库样本 5 条印此码）; endpoint=https://api.canlii.org/v1/caseBrowse/en/qccs/?offset=0&resultCount=5",2026-09-09
QCCSJ,QCCSJ,QC,CanLII API v1 caseBrowse,"databaseId=qccsj; jurisdiction=""qc""; name=""Commission des services juridiques""; 佐证引证=""2026 QCCSJ 404 (CanLII)""（该库样本 5 条印此码）; endpoint=https://api.canlii.org/v1/caseBrowse/en/qccsj/?offset=0&resultCount=5",2026-09-09
QCCSST,QCCSST,QC,CanLII API v1 caseBrowse,"databaseId=qccsst; jurisdiction=""qc""; name=""Commission de la santé et de la sécurité du travail""; 佐证引证=""2019 QCCSST 1 (CanLII)""（该库样本 5 条印此码）; endpoint=https://api.canlii.org/v1/caseBrowse/en/qccsst/?offset=0&resultCount=5",2026-09-09
QCCTQ,QCCTQ,QC,CanLII API v1 caseBrowse,"databaseId=qcctq; jurisdiction=""qc""; name=""Commission des transports du Québec""; 佐证引证=""2026 QCCTQ 1388 (CanLII)""（该库样本 5 条印此码）; endpoint=https://api.canlii.org/v1/caseBrowse/en/qcctq/?offset=0&resultCount=5",2026-09-09
QCOLF,QCOLF,QC,CanLII API v1 caseBrowse,"databaseId=qcolf; jurisdiction=""qc""; name=""Office de la langue française""; 佐证引证=""2000 QCOLF 2 (CanLII)""（该库样本 5 条印此码）; endpoint=https://api.canlii.org/v1/caseBrowse/en/qcolf/?offset=0&resultCount=5",2026-09-09
QCRACJ,QCRACJ,QC,CanLII API v1 caseBrowse,"databaseId=qcracj; jurisdiction=""qc""; name=""Régie des alcools des courses et des jeux""; 佐证引证=""2026 QCRACJ 159 (CanLII)""（该库样本 5 条印此码）; endpoint=https://api.canlii.org/v1/caseBrowse/en/qcracj/?offset=0&resultCount=5",2026-09-09
QCRBQ,QCRBQ,QC,CanLII API v1 caseBrowse,"databaseId=qcrbq; jurisdiction=""qc""; name=""Régie du Bâtiment - licences d'entrepreneur de construction""; 佐证引证=""2026 QCRBQ 76 (CanLII)""（该库样本 5 条印此码）; endpoint=https://api.canlii.org/v1/caseBrowse/en/qcrbq/?offset=0&resultCount=5",2026-09-09
QCRMAAQ,QCRMAAQ,QC,CanLII API v1 caseBrowse,"databaseId=qcrmaaq; jurisdiction=""qc""; name=""Régie des marchés agricoles et alimentaires du Québec""; 佐证引证=""2026 QCRMAAQ 70 (CanLII)""（该库样本 5 条印此码）; endpoint=https://api.canlii.org/v1/caseBrowse/en/qcrmaaq/?offset=0&resultCount=5",2026-09-09
QCTA,QCTA,QC,CanLII API v1 caseBrowse,"databaseId=qctacarra; jurisdiction=""qc""; name=""Tribunal d'arbitrage (RQ and CARRA)""; 佐证引证=""2026 QCTA 354 (CanLII)""（该库样本 5 条印此码）; endpoint=https://api.canlii.org/v1/caseBrowse/en/qctacarra/?offset=0&resultCount=5",2026-09-09
QCTADP,QCTADP,QC,CanLII API v1 caseBrowse,"databaseId=qccdp; jurisdiction=""qc""; name=""Tribunal administratif de déontologie policière""; 佐证引证=""2026 QCTADP 49 (CanLII)""（该库样本 5 条印此码）; endpoint=https://api.canlii.org/v1/caseBrowse/en/qccdp/?offset=0&resultCount=5",2026-09-09
QCTAL,QCTAL,QC,CanLII API v1 caseBrowse,"databaseId=qcrdl; jurisdiction=""qc""; name=""Tribunal administratif du logement""; 佐证引证=""2026 QCTAL 29622 (CanLII)""（该库样本 5 条印此码）; endpoint=https://api.canlii.org/v1/caseBrowse/en/qcrdl/?offset=0&resultCount=5",2026-09-09
QCTAQ,QCTAQ,QC,"CanLII Quebec boards/tribunals 列表页（""Administrative Tribunal of Québec QCTAQ, 1999–now""）+ Wayback 存档的 QCTAQ 库页（Tribunal administratif du Québec, on CanLII）；官方站点 taq.gouv.qc.ca 证实其为魁北克行政法庭（Act respecting administrative justice 设立）",https://www.canlii.org/qc ; https://web.archive.org/web/2023/https://www.canlii.org/en/qc/qctaq/ ; https://www.taq.gouv.qc.ca/en/,2026-09-13
QCTAT,QCTAT,QC,CanLII API v1 caseBrowse,"databaseId=qctat; jurisdiction=""qc""; name=""Tribunal administratif du travail""; 佐证引证=""2026 QCTAT 3549 (CanLII)""（该库样本 2 条印此码）; endpoint=https://api.canlii.org/v1/caseBrowse/fr/qctat/?offset=0&resultCount=5",2026-09-09
QCTDP,QCTDP,QC,CanLII API v1 caseBrowse,"databaseId=qctdp; jurisdiction=""qc""; name=""Human Rights Tribunal""; 佐证引证=""2026 QCTDP 17 (CanLII)""（该库样本 5 条印此码）; endpoint=https://api.canlii.org/v1/caseBrowse/en/qctdp/?offset=0&resultCount=5",2026-09-09
QCTMF,QCTMF,QC,CanLII API v1 caseBrowse,"databaseId=qcbdrvm; jurisdiction=""qc""; name=""Tribunal administratif des marchés financiers""; 佐证引证=""2026 QCTMF 55 (CanLII)""（该库样本 5 条印此码）; endpoint=https://api.canlii.org/v1/caseBrowse/en/qcbdrvm/?offset=0&resultCount=5",2026-09-09
QCTP,QCTP,QC,CanLII API v1 caseBrowse,"databaseId=qctp; jurisdiction=""qc""; name=""Professions Tribunal""; 佐证引证=""2026 QCTP 41 (CanLII)""（该库样本 5 条印此码）; endpoint=https://api.canlii.org/v1/caseBrowse/en/qctp/?offset=0&resultCount=5",2026-09-09
SCC,SCC,CA,CanLII API v1 caseBrowse,"databaseId=csc-scc; jurisdiction=""ca""; name=""Supreme Court of Canada""; 佐证引证=""2026 SCC 29 (CanLII)""（该库样本 5 条印此码）; endpoint=https://api.canlii.org/v1/caseBrowse/en/csc-scc/?offset=0&resultCount=5",2026-09-09
SCTC,SCTC,CA,CanLII API v1 caseBrowse,"databaseId=sct-trp; jurisdiction=""ca""; name=""Specific Claims Tribunal Canada""; 佐证引证=""2026 SCTC 2 (CanLII)""（该库样本 5 条印此码）; endpoint=https://api.canlii.org/v1/caseBrowse/en/sct-trp/?offset=0&resultCount=5",2026-09-09
SKAIA,SKAIA,SK,CanLII API v1 caseBrowse,"databaseId=skaia; jurisdiction=""sk""; name=""Automobile Injury Appeal Commission""; 佐证引证=""2026 SKAIA 26 (CanLII)""（该库样本 5 条印此码）; endpoint=https://api.canlii.org/v1/caseBrowse/en/skaia/?offset=0&resultCount=5",2026-09-09
SKCA,SKCA,SK,CanLII API v1 caseBrowse,"databaseId=skca; jurisdiction=""sk""; name=""Court of Appeal for Saskatchewan""; 佐证引证=""2026 SKCA 97 (CanLII)""（该库样本 5 条印此码）; endpoint=https://api.canlii.org/v1/caseBrowse/en/skca/?offset=0&resultCount=5",2026-09-09
SKCPPDC,SKCPPDC,SK,CanLII API v1 caseBrowse,"databaseId=skcp; jurisdiction=""sk""; name=""Saskatchewan College of Pharmacy Professionals""; 佐证引证=""2026 SKCPPDC 4 (CanLII)""（该库样本 5 条印此码）; endpoint=https://api.canlii.org/v1/caseBrowse/en/skcp/?offset=0&resultCount=5",2026-09-09
SKKB,SKKB,SK,CanLII API v1 caseBrowse,"databaseId=skkb; jurisdiction=""sk""; name=""Court of King's Bench for Saskatchewan""; 佐证引证=""2026 SKKB 153 (CanLII)""（该库样本 5 条印此码）; endpoint=https://api.canlii.org/v1/caseBrowse/en/skkb/?offset=0&resultCount=5",2026-09-09
SKLRB,SKLRB,SK,CanLII API v1 caseBrowse,"databaseId=sklrb; jurisdiction=""sk""; name=""Saskatchewan Labour Relations Board""; 佐证引证=""2026 SKLRB 49 (CanLII)""（该库样本 5 条印此码）; endpoint=https://api.canlii.org/v1/caseBrowse/en/sklrb/?offset=0&resultCount=5",2026-09-09
SKLSS,SKLSS,SK,CanLII API v1 caseBrowse,"databaseId=sklss; jurisdiction=""sk""; name=""Law Society of Saskatchewan""; 佐证引证=""2026 SKLSS 2 (CanLII)""（该库样本 3 条印此码）; endpoint=https://api.canlii.org/v1/caseBrowse/en/sklss/?offset=0&resultCount=5",2026-09-09
SKMB,SKMB,SK,CanLII API v1 caseBrowse,"databaseId=sksmb; jurisdiction=""sk""; name=""Saskatchewan Municipal Board""; 佐证引证=""2026 SKMB 77 (CanLII)""（该库样本 5 条印此码）; endpoint=https://api.canlii.org/v1/caseBrowse/en/sksmb/?offset=0&resultCount=5",2026-09-09
SKMBR,SKMBR,SK,CanLII API v1 caseBrowse,"databaseId=skmbr; jurisdiction=""sk""; name=""Saskatchewan Municipal Boards of Revision""; 佐证引证=""2018 SKMBR 1280006 (CanLII)""（该库样本 5 条印此码）; endpoint=https://api.canlii.org/v1/caseBrowse/en/skmbr/?offset=0&resultCount=5",2026-09-09
SKORT,SKORT,SK,CanLII API v1 caseBrowse,"databaseId=skort; jurisdiction=""sk""; name=""Saskatchewan Office of Residential Tenancies""; 佐证引证=""2026 SKORT 1351 (CanLII)""（该库样本 5 条印此码）; endpoint=https://api.canlii.org/v1/caseBrowse/en/skort/?offset=0&resultCount=5",2026-09-09
SKPC,SKPC,SK,CanLII API v1 caseBrowse,"databaseId=skpc; jurisdiction=""sk""; name=""Provincial Court of Saskatchewan""; 佐证引证=""2026 SKPC 17 (CanLII)""（该库样本 5 条印此码）; endpoint=https://api.canlii.org/v1/caseBrowse/en/skpc/?offset=0&resultCount=5",2026-09-09
SKPMB,SKPMB,SK,CanLII API v1 caseBrowse,"databaseId=skpmb; jurisdiction=""sk""; name=""Saskatchewan Provincial Mediation Board""; 佐证引证=""2025 SKPMB 1 (CanLII)""（该库样本 5 条印此码）; endpoint=https://api.canlii.org/v1/caseBrowse/en/skpmb/?offset=0&resultCount=5",2026-09-09
SKQB,SKQB,SK,CanLII API v1 caseBrowse,"databaseId=skkb; jurisdiction=""sk""; name=""Court of King's Bench for Saskatchewan""; 佐证引证=""2017 SKQB 392 (CanLII)""（该库样本 5 条印此码）; endpoint=https://api.canlii.org/v1/caseBrowse/en/skkb/?offset=0&resultCount=5&decisionDateBefore=2018-01-01",2026-09-09
SKREC,SKREC,SK,CanLII API v1 caseBrowse,"databaseId=skrec; jurisdiction=""sk""; name=""Saskatchewan Real Estate Commission""; 佐证引证=""2026 SKREC 9 (CanLII)""（该库样本 5 条印此码）; endpoint=https://api.canlii.org/v1/caseBrowse/en/skrec/?offset=0&resultCount=5",2026-09-09
SKWCBAT,SKWCBAT,SK,CanLII API v1 caseBrowse,"databaseId=skwcbat; jurisdiction=""sk""; name=""Saskatchewan Workers’ Compensation Board Appeal Tribunal""; 佐证引证=""2026 SKWCBAT 885 (CanLII)""（该库样本 5 条印此码）; endpoint=https://api.canlii.org/v1/caseBrowse/en/skwcbat/?offset=0&resultCount=5",2026-09-09
SOPF,SOPF,CA,CanLII API v1 caseBrowse,"databaseId=sopf; jurisdiction=""ca""; name=""Ship-source Oil Pollution Fund""; 佐证引证=""2026 SOPF 30 (CanLII)""（该库样本 5 条印此码）; endpoint=https://api.canlii.org/v1/caseBrowse/en/sopf/?offset=0&resultCount=5",2026-09-09
SST,SST,CA,CanLII API v1 caseBrowse,"databaseId=sst-tss; jurisdiction=""ca""; name=""Social Security Tribunal of Canada""; 佐证引证=""2026 SST 496 (CanLII)""（该库样本 5 条印此码）; endpoint=https://api.canlii.org/v1/caseBrowse/en/sst-tss/?offset=0&resultCount=5",2026-09-09
TATCE,TATCE,CA,CanLII API v1 caseBrowse,"databaseId=tatc; jurisdiction=""ca""; name=""Transportation Appeal Tribunal of Canada""; 佐证引证=""2026 TATCE 19 (CanLII)""（该库样本 5 条印此码）; endpoint=https://api.canlii.org/v1/caseBrowse/en/tatc/?offset=0&resultCount=5",2026-09-09
TATCF,TATCF,CA,CanLII API v1 caseBrowse,"databaseId=tatc; jurisdiction=""ca""; name=""Transportation Appeal Tribunal of Canada""; 佐证引证=""2026 TATCF 19 (CanLII)""（该库样本 5 条印此码）; endpoint=https://api.canlii.org/v1/caseBrowse/fr/tatc/?offset=0&resultCount=5",2026-09-09
TCC,TCC,CA,CanLII API v1 caseBrowse,"databaseId=cci-tcc; jurisdiction=""ca""; name=""Tax Court of Canada""; 佐证引证=""2026 TCC 161 (CanLII)""（该库样本 4 条印此码）; endpoint=https://api.canlii.org/v1/caseBrowse/en/cci-tcc/?offset=0&resultCount=5",2026-09-09
TCDP,TCDP,CA,CanLII API v1 caseBrowse,"databaseId=chrt; jurisdiction=""ca""; name=""Canadian Human Rights Tribunal""; 佐证引证=""2026 TCDP 69 (CanLII)""（该库样本 5 条印此码）; endpoint=https://api.canlii.org/v1/caseBrowse/fr/chrt/?offset=0&resultCount=5",2026-09-09
TMOB,TMOB,CA,CanLII API v1 caseBrowse,"databaseId=tmob; jurisdiction=""ca""; name=""Trademarks Opposition Board""; 佐证引证=""2026 TMOB 177 (CanLII)""（该库样本 5 条印此码）; endpoint=https://api.canlii.org/v1/caseBrowse/en/tmob/?offset=0&resultCount=5",2026-09-09
TPFD,TPFD,CA,CanLII API v1 caseBrowse,"databaseId=capsdpt; jurisdiction=""ca""; name=""Public Servants Disclosure Protection Tribunal""; 佐证引证=""2019 TPFD 1 (CanLII)""（该库样本 1 条印此码）; endpoint=https://api.canlii.org/v1/caseBrowse/en/capsdpt/?offset=0&resultCount=5",2026-09-09
UKHL,UKHL,GB,UK Parliament official publications,"https://publications.parliament.uk/pa/ld/ldjudgmt.htm -- ""House of Lords Judgments: archive ... all House of Lords judgments delivered from 14 November 1996 to 30 July 2009""; prints [2009] UKHL 32 / [2009] UKHL 34 / [2009] UKHL 5",2026-09-09
UKPC,UKPC,GB,Find Case Law (The National Archives),"https://caselaw.nationalarchives.gov.uk/ukpc -- 710 results, each labelled court ""Privy Council"" + ""Neutral citation [2026] UKPC 31""",2026-09-09
UKSC,UKSC,GB,UKSC official website,"https://supremecourt.uk/cases -- case listing prints ""Judgment given [2026] UKSC 32""; site self-identifies as ""The Supreme Court of the United Kingdom""",2026-09-09
UKUT,UKUT,GB,Find Case Law (The National Archives),"https://caselaw.nationalarchives.gov.uk/ukut/iac -- 1,048 results, court ""Upper Tribunal (Immigration and Asylum Chamber)"" + ""Neutral citation [2026] UKUT 315 (IAC)""; chamber printed as trailing parenthetical",2026-09-09
YJCN,YJCN,NU,CanLII API v1 caseBrowse,"databaseId=nuyc; jurisdiction=""nu""; name=""Youth Justice Court of Nunavut""; 佐证引证=""2014 YJCN 1 (CanLII)""（该库样本 5 条印此码）; endpoint=https://api.canlii.org/v1/caseBrowse/en/nuyc/?offset=0&resultCount=5",2026-09-09
YKCA,YKCA,YK,CanLII API v1 caseBrowse,"databaseId=ykca; jurisdiction=""yk""; name=""Court of Appeal of Yukon""; 佐证引证=""2026 YKCA 12 (CanLII)""（该库样本 5 条印此码）; endpoint=https://api.canlii.org/v1/caseBrowse/en/ykca/?offset=0&resultCount=5",2026-09-09
YKSC,YKSC,YK,CanLII API v1 caseBrowse,"databaseId=yksc; jurisdiction=""yk""; name=""Supreme Court  of Yukon""; 佐证引证=""2026 YKSC 56 (CanLII)""（该库样本 5 条印此码）; endpoint=https://api.canlii.org/v1/caseBrowse/en/yksc/?offset=0&resultCount=5",2026-09-09
YKSM,YKSM,YK,CanLII API v1 caseBrowse,"databaseId=yksm; jurisdiction=""yk""; name=""Small Claims Court of the Yukon""; 佐证引证=""2026 YKSM 7 (CanLII)""（该库样本 5 条印此码）; endpoint=https://api.canlii.org/v1/caseBrowse/en/yksm/?offset=0&resultCount=5",2026-09-09
YKTC,YKTC,YK,CanLII API v1 caseBrowse,"databaseId=yktc; jurisdiction=""yk""; name=""Territorial Court of Yukon""; 佐证引证=""2026 YKTC 33 (CanLII)""（该库样本 5 条印此码）; endpoint=https://api.canlii.org/v1/caseBrowse/en/yktc/?offset=0&resultCount=5",2026-09-09
YTOIPC,YTOIPC,YK,CanLII API v1 caseBrowse,"databaseId=ytoipc; jurisdiction=""yk""; name=""Yukon Office of the Information and Privacy Commissioner""; 佐证引证=""2026 YTOIPC 1 (CanLII)""（该库样本 5 条印此码）; endpoint=https://api.canlii.org/v1/caseBrowse/en/ytoipc/?offset=0&resultCount=5",2026-09-09
YTRTO,YTRTO,YK,CanLII API v1 caseBrowse,"databaseId=ytrto; jurisdiction=""yk""; name=""Yukon Residential Tenancies Office""; 佐证引证=""2026 YTRTO 6 (CanLII)""（该库样本 5 条印此码）; endpoint=https://api.canlii.org/v1/caseBrowse/en/ytrto/?offset=0&resultCount=5",2026-09-09
ZACC,ZACC,ZA,Constitutional Court of South Africa official repository,"https://collections.concourt.org.za/ (linked from https://www.concourt.org.za/ as ""Cases and Judgments""; repository self-describes as ""repository of the Constitutional Court ... our collections"") -- search results print [2010] ZACC 6, [2008] ZACC 10, [2007] ZACC 5, [2018] ZACC 3, [2018] ZACC 13 alongside Constitutional Court case numbers (CCT nn/nn). NOTE: items indexed are secondary literature held in the Court's own repository, not judgment pages; evidence grade B-",2026-09-09
