word,match_type,category,observed_count,example,source,source_locator,verification_status,notes,reviewer,reviewed_at
Footnote,whole,structure_word,23139,33 Footnote 29,语料实测：edge4 基线 run 与主线 v16c 的 classify 输出（shape 抽出的缩写位不是汇编）,data/run_20261003_edge4c/classify_out/*/classified.csv; data/run_20261003_v16e/classify_out/*/classified.csv,observed_closed_word,封闭的结构词/日历词/案名片段，不是汇编缩写；已登记汇编永不拒收（classify 安全阀）,engineering lead (edge-court round),2026-10-03
Footnotes,whole,structure_word,3,2022 Footnotes Footnote 1,语料实测：edge4 基线 run 与主线 v16c 的 classify 输出（shape 抽出的缩写位不是汇编）,data/run_20261003_edge4c/classify_out/*/classified.csv; data/run_20261003_v16e/classify_out/*/classified.csv,observed_closed_word,封闭的结构词/日历词/案名片段，不是汇编缩写；已登记汇编永不拒收（classify 安全阀）,engineering lead (edge-court round),2026-10-03
Section,whole,structure_word,10178,20 Section 181,语料实测：edge4 基线 run 与主线 v16c 的 classify 输出（shape 抽出的缩写位不是汇编）,data/run_20261003_edge4c/classify_out/*/classified.csv; data/run_20261003_v16e/classify_out/*/classified.csv,observed_closed_word,封闭的结构词/日历词/案名片段，不是汇编缩写；已登记汇编永不拒收（classify 安全阀）,engineering lead (edge-court round),2026-10-03
Sections,whole,structure_word,561,94 Sections 118,语料实测：edge4 基线 run 与主线 v16c 的 classify 输出（shape 抽出的缩写位不是汇编）,data/run_20261003_edge4c/classify_out/*/classified.csv; data/run_20261003_v16e/classify_out/*/classified.csv,observed_closed_word,封闭的结构词/日历词/案名片段，不是汇编缩写；已登记汇编永不拒收（classify 安全阀）,engineering lead (edge-court round),2026-10-03
Subsection,whole,structure_word,1989,39 Subsection 181,语料实测：edge4 基线 run 与主线 v16c 的 classify 输出（shape 抽出的缩写位不是汇编）,data/run_20261003_edge4c/classify_out/*/classified.csv; data/run_20261003_v16e/classify_out/*/classified.csv,observed_closed_word,封闭的结构词/日历词/案名片段，不是汇编缩写；已登记汇编永不拒收（classify 安全阀）,engineering lead (edge-court round),2026-10-03
Subsections,whole,structure_word,145,28 Subsections 165,语料实测：edge4 基线 run 与主线 v16c 的 classify 输出（shape 抽出的缩写位不是汇编）,data/run_20261003_edge4c/classify_out/*/classified.csv; data/run_20261003_v16e/classify_out/*/classified.csv,observed_closed_word,封闭的结构词/日历词/案名片段，不是汇编缩写；已登记汇编永不拒收（classify 安全阀）,engineering lead (edge-court round),2026-10-03
Paragraph,whole,structure_word,1932,5 Paragraph 6,语料实测：edge4 基线 run 与主线 v16c 的 classify 输出（shape 抽出的缩写位不是汇编）,data/run_20261003_edge4c/classify_out/*/classified.csv; data/run_20261003_v16e/classify_out/*/classified.csv,observed_closed_word,封闭的结构词/日历词/案名片段，不是汇编缩写；已登记汇编永不拒收（classify 安全阀）,engineering lead (edge-court round),2026-10-03
Paragraphs,whole,structure_word,136,82 Paragraphs 247,语料实测：edge4 基线 run 与主线 v16c 的 classify 输出（shape 抽出的缩写位不是汇编）,data/run_20261003_edge4c/classify_out/*/classified.csv; data/run_20261003_v16e/classify_out/*/classified.csv,observed_closed_word,封闭的结构词/日历词/案名片段，不是汇编缩写；已登记汇编永不拒收（classify 安全阀）,engineering lead (edge-court round),2026-10-03
Clause,whole,structure_word,455,18 Clause 256,语料实测：edge4 基线 run 与主线 v16c 的 classify 输出（shape 抽出的缩写位不是汇编）,data/run_20261003_edge4c/classify_out/*/classified.csv; data/run_20261003_v16e/classify_out/*/classified.csv,observed_closed_word,封闭的结构词/日历词/案名片段，不是汇编缩写；已登记汇编永不拒收（classify 安全阀）,engineering lead (edge-court round),2026-10-03
Issue,whole,structure_word,464,10 Issue 1,语料实测：edge4 基线 run 与主线 v16c 的 classify 输出（shape 抽出的缩写位不是汇编）,data/run_20261003_edge4c/classify_out/*/classified.csv; data/run_20261003_v16e/classify_out/*/classified.csv,observed_closed_word,封闭的结构词/日历词/案名片段，不是汇编缩写；已登记汇编永不拒收（classify 安全阀）,engineering lead (edge-court round),2026-10-03
Citation,whole,structure_word,3380,23 Citation 2009,语料实测：edge4 基线 run 与主线 v16c 的 classify 输出（shape 抽出的缩写位不是汇编）,data/run_20261003_edge4c/classify_out/*/classified.csv; data/run_20261003_v16e/classify_out/*/classified.csv,observed_closed_word,封闭的结构词/日历词/案名片段，不是汇编缩写；已登记汇编永不拒收（classify 安全阀）,engineering lead (edge-court round),2026-10-03
File Number,whole,structure_word,3299,79 File Number 485,语料实测：edge4 基线 run 与主线 v16c 的 classify 输出（shape 抽出的缩写位不是汇编）,data/run_20261003_edge4c/classify_out/*/classified.csv; data/run_20261003_v16e/classify_out/*/classified.csv,observed_closed_word,封闭的结构词/日历词/案名片段，不是汇编缩写；已登记汇编永不拒收（classify 安全阀）,engineering lead (edge-court round),2026-10-03
Appeal,whole,structure_word,97,"2012 Appeal, 2013",语料实测：edge4 基线 run 与主线 v16c 的 classify 输出（shape 抽出的缩写位不是汇编）,data/run_20261003_edge4c/classify_out/*/classified.csv; data/run_20261003_v16e/classify_out/*/classified.csv,observed_closed_word,封闭的结构词/日历词/案名片段，不是汇编缩写；已登记汇编永不拒收（classify 安全阀）,engineering lead (edge-court round),2026-10-03
No,whole,structure_word,927,547 No. 3,语料实测：edge4 基线 run 与主线 v16c 的 classify 输出（shape 抽出的缩写位不是汇编）,data/run_20261003_edge4c/classify_out/*/classified.csv; data/run_20261003_v16e/classify_out/*/classified.csv,observed_closed_word,封闭的结构词/日历词/案名片段，不是汇编缩写；已登记汇编永不拒收（classify 安全阀）,engineering lead (edge-court round),2026-10-03
In,whole,structure_word,887,2010 In 2001,语料实测：edge4 基线 run 与主线 v16c 的 classify 输出（shape 抽出的缩写位不是汇编）,data/run_20261003_edge4c/classify_out/*/classified.csv; data/run_20261003_v16e/classify_out/*/classified.csv,observed_closed_word,封闭的结构词/日历词/案名片段，不是汇编缩写；已登记汇编永不拒收（classify 安全阀）,engineering lead (edge-court round),2026-10-03
Canada,whole,structure_word,305,122 Canada 40,语料实测：edge4 基线 run 与主线 v16c 的 classify 输出（shape 抽出的缩写位不是汇编）,data/run_20261003_edge4c/classify_out/*/classified.csv; data/run_20261003_v16e/classify_out/*/classified.csv,observed_closed_word,封闭的结构词/日历词/案名片段，不是汇编缩写；已登记汇编永不拒收（classify 安全阀）,engineering lead (edge-court round),2026-10-03
GD,whole,structure_word,606,18 GD 12,语料实测：edge4 基线 run 与主线 v16c 的 classify 输出（shape 抽出的缩写位不是汇编）,data/run_20261003_edge4c/classify_out/*/classified.csv; data/run_20261003_v16e/classify_out/*/classified.csv,observed_closed_word,封闭的结构词/日历词/案名片段，不是汇编缩写；已登记汇编永不拒收（classify 安全阀）,engineering lead (edge-court round),2026-10-03
Article,whole,structure_word,378,9 Article 146,语料实测：edge4 基线 run 与主线 v16c 的 classify 输出（shape 抽出的缩写位不是汇编）,data/run_20261003_edge4c/classify_out/*/classified.csv; data/run_20261003_v16e/classify_out/*/classified.csv,observed_closed_word,封闭的结构词/日历词/案名片段，不是汇编缩写；已登记汇编永不拒收（classify 安全阀）,engineering lead (edge-court round),2026-10-03
Articles,whole,structure_word,22,5 Articles 16,语料实测：edge4 基线 run 与主线 v16c 的 classify 输出（shape 抽出的缩写位不是汇编）,data/run_20261003_edge4c/classify_out/*/classified.csv; data/run_20261003_v16e/classify_out/*/classified.csv,observed_closed_word,封闭的结构词/日历词/案名片段，不是汇编缩写；已登记汇编永不拒收（classify 安全阀）,engineering lead (edge-court round),2026-10-03
Subparagraph,whole,structure_word,70,19 Subparagraph 6,语料实测：edge4 基线 run 与主线 v16c 的 classify 输出（shape 抽出的缩写位不是汇编）,data/run_20261003_edge4c/classify_out/*/classified.csv; data/run_20261003_v16e/classify_out/*/classified.csv,observed_closed_word,封闭的结构词/日历词/案名片段，不是汇编缩写；已登记汇编永不拒收（classify 安全阀）,engineering lead (edge-court round),2026-10-03
Subparagraphs,whole,structure_word,2,2 Subparagraphs 23,语料实测：edge4 基线 run 与主线 v16c 的 classify 输出（shape 抽出的缩写位不是汇编）,data/run_20261003_edge4c/classify_out/*/classified.csv; data/run_20261003_v16e/classify_out/*/classified.csv,observed_closed_word,封闭的结构词/日历词/案名片段，不是汇编缩写；已登记汇编永不拒收（classify 安全阀）,engineering lead (edge-court round),2026-10-03
S,whole,structure_word,302,96 S. 299,语料实测：edge4 基线 run 与主线 v16c 的 classify 输出（shape 抽出的缩写位不是汇编）,data/run_20261003_edge4c/classify_out/*/classified.csv; data/run_20261003_v16e/classify_out/*/classified.csv,observed_closed_word,封闭的结构词/日历词/案名片段，不是汇编缩写；已登记汇编永不拒收（classify 安全阀）,engineering lead (edge-court round),2026-10-03
At,whole,structure_word,205,20 At 1,语料实测：edge4 基线 run 与主线 v16c 的 classify 输出（shape 抽出的缩写位不是汇编）,data/run_20261003_edge4c/classify_out/*/classified.csv; data/run_20261003_v16e/classify_out/*/classified.csv,observed_closed_word,封闭的结构词/日历词/案名片段，不是汇编缩写；已登记汇编永不拒收（classify 安全阀）,engineering lead (edge-court round),2026-10-03
The,whole,structure_word,192,64 The 2017,语料实测：edge4 基线 run 与主线 v16c 的 classify 输出（shape 抽出的缩写位不是汇编）,data/run_20261003_edge4c/classify_out/*/classified.csv; data/run_20261003_v16e/classify_out/*/classified.csv,observed_closed_word,封闭的结构词/日历词/案名片段，不是汇编缩写；已登记汇编永不拒收（classify 安全阀）,engineering lead (edge-court round),2026-10-03
Total,whole,structure_word,152,595 Total 55,语料实测：edge4 基线 run 与主线 v16c 的 classify 输出（shape 抽出的缩写位不是汇编）,data/run_20261003_edge4c/classify_out/*/classified.csv; data/run_20261003_v16e/classify_out/*/classified.csv,observed_closed_word,封闭的结构词/日历词/案名片段，不是汇编缩写；已登记汇编永不拒收（classify 安全阀）,engineering lead (edge-court round),2026-10-03
Tab,whole,structure_word,97,2 Tab 43,语料实测：edge4 基线 run 与主线 v16c 的 classify 输出（shape 抽出的缩写位不是汇编）,data/run_20261003_edge4c/classify_out/*/classified.csv; data/run_20261003_v16e/classify_out/*/classified.csv,observed_closed_word,封闭的结构词/日历词/案名片段，不是汇编缩写；已登记汇编永不拒收（classify 安全阀）,engineering lead (edge-court round),2026-10-03
From,whole,structure_word,86,50 From 2002,语料实测：edge4 基线 run 与主线 v16c 的 classify 输出（shape 抽出的缩写位不是汇编）,data/run_20261003_edge4c/classify_out/*/classified.csv; data/run_20261003_v16e/classify_out/*/classified.csv,observed_closed_word,封闭的结构词/日历词/案名片段，不是汇编缩写；已登记汇编永不拒收（classify 安全阀）,engineering lead (edge-court round),2026-10-03
See,whole,structure_word,171,19 See 3245940,语料实测：edge4 基线 run 与主线 v16c 的 classify 输出（shape 抽出的缩写位不是汇编）,data/run_20261003_edge4c/classify_out/*/classified.csv; data/run_20261003_v16e/classify_out/*/classified.csv,observed_closed_word,封闭的结构词/日历词/案名片段，不是汇编缩写；已登记汇编永不拒收（classify 安全阀）,engineering lead (edge-court round),2026-10-03
X,whole,table_label,6905,000 X 1,语料实测：edge4 基线 run 与主线 v16c 的 classify 输出（shape 抽出的缩写位不是汇编）,data/run_20261003_edge4c/classify_out/*/classified.csv; data/run_20261003_v16e/classify_out/*/classified.csv,observed_closed_word,封闭的结构词/日历词/案名片段，不是汇编缩写；已登记汇编永不拒收（classify 安全阀）,engineering lead (edge-court round),2026-10-03
DECISION,whole,document_heading,159,4 DECISION 4,语料实测：edge4 基线 run 与主线 v16c 的 classify 输出（shape 抽出的缩写位不是汇编）,data/run_20261003_edge4c/classify_out/*/classified.csv; data/run_20261003_v16e/classify_out/*/classified.csv,observed_closed_word,封闭的结构词/日历词/案名片段，不是汇编缩写；已登记汇编永不拒收（classify 安全阀）,engineering lead (edge-court round),2026-10-03
Decision,whole,document_heading,19,8 Decision No. 325,语料实测：edge4 基线 run 与主线 v16c 的 classify 输出（shape 抽出的缩写位不是汇编）,data/run_20261003_edge4c/classify_out/*/classified.csv; data/run_20261003_v16e/classify_out/*/classified.csv,observed_closed_word,封闭的结构词/日历词/案名片段，不是汇编缩写；已登记汇编永不拒收（classify 安全阀）,engineering lead (edge-court round),2026-10-03
CONCLUSION,whole,document_heading,151,19 CONCLUSION 42,语料实测：edge4 基线 run 与主线 v16c 的 classify 输出（shape 抽出的缩写位不是汇编）,data/run_20261003_edge4c/classify_out/*/classified.csv; data/run_20261003_v16e/classify_out/*/classified.csv,observed_closed_word,封闭的结构词/日历词/案名片段，不是汇编缩写；已登记汇编永不拒收（classify 安全阀）,engineering lead (edge-court round),2026-10-03
Conclusion,whole,document_heading,104,25 Conclusion 27,语料实测：edge4 基线 run 与主线 v16c 的 classify 输出（shape 抽出的缩写位不是汇编）,data/run_20261003_edge4c/classify_out/*/classified.csv; data/run_20261003_v16e/classify_out/*/classified.csv,observed_closed_word,封闭的结构词/日历词/案名片段，不是汇编缩写；已登记汇编永不拒收（classify 安全阀）,engineering lead (edge-court round),2026-10-03
INTRODUCTION,whole,document_heading,147,0 INTRODUCTION 1,语料实测：edge4 基线 run 与主线 v16c 的 classify 输出（shape 抽出的缩写位不是汇编）,data/run_20261003_edge4c/classify_out/*/classified.csv; data/run_20261003_v16e/classify_out/*/classified.csv,observed_closed_word,封闭的结构词/日历词/案名片段，不是汇编缩写；已登记汇编永不拒收（classify 安全阀）,engineering lead (edge-court round),2026-10-03
Introduction,whole,document_heading,15,2014 Introduction 1,语料实测：edge4 基线 run 与主线 v16c 的 classify 输出（shape 抽出的缩写位不是汇编）,data/run_20261003_edge4c/classify_out/*/classified.csv; data/run_20261003_v16e/classify_out/*/classified.csv,observed_closed_word,封闭的结构词/日历词/案名片段，不是汇编缩写；已登记汇编永不拒收（classify 安全阀）,engineering lead (edge-court round),2026-10-03
January,whole,calendar,898,2018 January 18,语料实测：edge4 基线 run 与主线 v16c 的 classify 输出（shape 抽出的缩写位不是汇编）,data/run_20261003_edge4c/classify_out/*/classified.csv; data/run_20261003_v16e/classify_out/*/classified.csv,observed_closed_word,封闭的结构词/日历词/案名片段，不是汇编缩写；已登记汇编永不拒收（classify 安全阀）,engineering lead (edge-court round),2026-10-03
February,whole,calendar,649,89 February 1,语料实测：edge4 基线 run 与主线 v16c 的 classify 输出（shape 抽出的缩写位不是汇编）,data/run_20261003_edge4c/classify_out/*/classified.csv; data/run_20261003_v16e/classify_out/*/classified.csv,observed_closed_word,封闭的结构词/日历词/案名片段，不是汇编缩写；已登记汇编永不拒收（classify 安全阀）,engineering lead (edge-court round),2026-10-03
March,whole,calendar,849,469 March 20,语料实测：edge4 基线 run 与主线 v16c 的 classify 输出（shape 抽出的缩写位不是汇编）,data/run_20261003_edge4c/classify_out/*/classified.csv; data/run_20261003_v16e/classify_out/*/classified.csv,observed_closed_word,封闭的结构词/日历词/案名片段，不是汇编缩写；已登记汇编永不拒收（classify 安全阀）,engineering lead (edge-court round),2026-10-03
April,whole,calendar,1132,12 April 1,语料实测：edge4 基线 run 与主线 v16c 的 classify 输出（shape 抽出的缩写位不是汇编）,data/run_20261003_edge4c/classify_out/*/classified.csv; data/run_20261003_v16e/classify_out/*/classified.csv,observed_closed_word,封闭的结构词/日历词/案名片段，不是汇编缩写；已登记汇编永不拒收（classify 安全阀）,engineering lead (edge-court round),2026-10-03
May,whole,calendar,1184,2011 May 2014,语料实测：edge4 基线 run 与主线 v16c 的 classify 输出（shape 抽出的缩写位不是汇编）,data/run_20261003_edge4c/classify_out/*/classified.csv; data/run_20261003_v16e/classify_out/*/classified.csv,observed_closed_word,封闭的结构词/日历词/案名片段，不是汇编缩写；已登记汇编永不拒收（classify 安全阀）,engineering lead (edge-court round),2026-10-03
June,whole,calendar,1080,96 June 1,语料实测：edge4 基线 run 与主线 v16c 的 classify 输出（shape 抽出的缩写位不是汇编）,data/run_20261003_edge4c/classify_out/*/classified.csv; data/run_20261003_v16e/classify_out/*/classified.csv,observed_closed_word,封闭的结构词/日历词/案名片段，不是汇编缩写；已登记汇编永不拒收（classify 安全阀）,engineering lead (edge-court round),2026-10-03
July,whole,calendar,1012,80 July 1,语料实测：edge4 基线 run 与主线 v16c 的 classify 输出（shape 抽出的缩写位不是汇编）,data/run_20261003_edge4c/classify_out/*/classified.csv; data/run_20261003_v16e/classify_out/*/classified.csv,observed_closed_word,封闭的结构词/日历词/案名片段，不是汇编缩写；已登记汇编永不拒收（classify 安全阀）,engineering lead (edge-court round),2026-10-03
August,whole,calendar,784,837 August 2003,语料实测：edge4 基线 run 与主线 v16c 的 classify 输出（shape 抽出的缩写位不是汇编）,data/run_20261003_edge4c/classify_out/*/classified.csv; data/run_20261003_v16e/classify_out/*/classified.csv,observed_closed_word,封闭的结构词/日历词/案名片段，不是汇编缩写；已登记汇编永不拒收（classify 安全阀）,engineering lead (edge-court round),2026-10-03
September,whole,calendar,796,1189 September 7,语料实测：edge4 基线 run 与主线 v16c 的 classify 输出（shape 抽出的缩写位不是汇编）,data/run_20261003_edge4c/classify_out/*/classified.csv; data/run_20261003_v16e/classify_out/*/classified.csv,observed_closed_word,封闭的结构词/日历词/案名片段，不是汇编缩写；已登记汇编永不拒收（classify 安全阀）,engineering lead (edge-court round),2026-10-03
October,whole,calendar,928,72 October 1,语料实测：edge4 基线 run 与主线 v16c 的 classify 输出（shape 抽出的缩写位不是汇编）,data/run_20261003_edge4c/classify_out/*/classified.csv; data/run_20261003_v16e/classify_out/*/classified.csv,observed_closed_word,封闭的结构词/日历词/案名片段，不是汇编缩写；已登记汇编永不拒收（classify 安全阀）,engineering lead (edge-court round),2026-10-03
November,whole,calendar,696,10 November 27,语料实测：edge4 基线 run 与主线 v16c 的 classify 输出（shape 抽出的缩写位不是汇编）,data/run_20261003_edge4c/classify_out/*/classified.csv; data/run_20261003_v16e/classify_out/*/classified.csv,observed_closed_word,封闭的结构词/日历词/案名片段，不是汇编缩写；已登记汇编永不拒收（classify 安全阀）,engineering lead (edge-court round),2026-10-03
December,whole,calendar,972,98 December 1,语料实测：edge4 基线 run 与主线 v16c 的 classify 输出（shape 抽出的缩写位不是汇编）,data/run_20261003_edge4c/classify_out/*/classified.csv; data/run_20261003_v16e/classify_out/*/classified.csv,observed_closed_word,封闭的结构词/日历词/案名片段，不是汇编缩写；已登记汇编永不拒收（classify 安全阀）,engineering lead (edge-court round),2026-10-03
The January,whole,calendar,16,38 The January 2016,语料实测：edge4 基线 run 与主线 v16c 的 classify 输出（shape 抽出的缩写位不是汇编）,data/run_20261003_edge4c/classify_out/*/classified.csv; data/run_20261003_v16e/classify_out/*/classified.csv,observed_closed_word,封闭的结构词/日历词/案名片段，不是汇编缩写；已登记汇编永不拒收（classify 安全阀）,engineering lead (edge-court round),2026-10-03
The February,whole,calendar,12,4 The February 5,语料实测：edge4 基线 run 与主线 v16c 的 classify 输出（shape 抽出的缩写位不是汇编）,data/run_20261003_edge4c/classify_out/*/classified.csv; data/run_20261003_v16e/classify_out/*/classified.csv,observed_closed_word,封闭的结构词/日历词/案名片段，不是汇编缩写；已登记汇编永不拒收（classify 安全阀）,engineering lead (edge-court round),2026-10-03
The March,whole,calendar,16,13 The March 2019,语料实测：edge4 基线 run 与主线 v16c 的 classify 输出（shape 抽出的缩写位不是汇编）,data/run_20261003_edge4c/classify_out/*/classified.csv; data/run_20261003_v16e/classify_out/*/classified.csv,observed_closed_word,封闭的结构词/日历词/案名片段，不是汇编缩写；已登记汇编永不拒收（classify 安全阀）,engineering lead (edge-court round),2026-10-03
The April,whole,calendar,16,7 The April 29,语料实测：edge4 基线 run 与主线 v16c 的 classify 输出（shape 抽出的缩写位不是汇编）,data/run_20261003_edge4c/classify_out/*/classified.csv; data/run_20261003_v16e/classify_out/*/classified.csv,observed_closed_word,封闭的结构词/日历词/案名片段，不是汇编缩写；已登记汇编永不拒收（classify 安全阀）,engineering lead (edge-court round),2026-10-03
The May,whole,calendar,18,2 The May 2023,语料实测：edge4 基线 run 与主线 v16c 的 classify 输出（shape 抽出的缩写位不是汇编）,data/run_20261003_edge4c/classify_out/*/classified.csv; data/run_20261003_v16e/classify_out/*/classified.csv,observed_closed_word,封闭的结构词/日历词/案名片段，不是汇编缩写；已登记汇编永不拒收（classify 安全阀）,engineering lead (edge-court round),2026-10-03
The June,whole,calendar,17,8 The June 4,语料实测：edge4 基线 run 与主线 v16c 的 classify 输出（shape 抽出的缩写位不是汇编）,data/run_20261003_edge4c/classify_out/*/classified.csv; data/run_20261003_v16e/classify_out/*/classified.csv,observed_closed_word,封闭的结构词/日历词/案名片段，不是汇编缩写；已登记汇编永不拒收（classify 安全阀）,engineering lead (edge-court round),2026-10-03
The July,whole,calendar,11,51 The July 2019,语料实测：edge4 基线 run 与主线 v16c 的 classify 输出（shape 抽出的缩写位不是汇编）,data/run_20261003_edge4c/classify_out/*/classified.csv; data/run_20261003_v16e/classify_out/*/classified.csv,observed_closed_word,封闭的结构词/日历词/案名片段，不是汇编缩写；已登记汇编永不拒收（classify 安全阀）,engineering lead (edge-court round),2026-10-03
The August,whole,calendar,17,03 The August 11,语料实测：edge4 基线 run 与主线 v16c 的 classify 输出（shape 抽出的缩写位不是汇编）,data/run_20261003_edge4c/classify_out/*/classified.csv; data/run_20261003_v16e/classify_out/*/classified.csv,observed_closed_word,封闭的结构词/日历词/案名片段，不是汇编缩写；已登记汇编永不拒收（classify 安全阀）,engineering lead (edge-court round),2026-10-03
The September,whole,calendar,26,3 The September 8,语料实测：edge4 基线 run 与主线 v16c 的 classify 输出（shape 抽出的缩写位不是汇编）,data/run_20261003_edge4c/classify_out/*/classified.csv; data/run_20261003_v16e/classify_out/*/classified.csv,observed_closed_word,封闭的结构词/日历词/案名片段，不是汇编缩写；已登记汇编永不拒收（classify 安全阀）,engineering lead (edge-court round),2026-10-03
The October,whole,calendar,11,21 The October 22,语料实测：edge4 基线 run 与主线 v16c 的 classify 输出（shape 抽出的缩写位不是汇编）,data/run_20261003_edge4c/classify_out/*/classified.csv; data/run_20261003_v16e/classify_out/*/classified.csv,observed_closed_word,封闭的结构词/日历词/案名片段，不是汇编缩写；已登记汇编永不拒收（classify 安全阀）,engineering lead (edge-court round),2026-10-03
The November,whole,calendar,13,3 The November 1986,语料实测：edge4 基线 run 与主线 v16c 的 classify 输出（shape 抽出的缩写位不是汇编）,data/run_20261003_edge4c/classify_out/*/classified.csv; data/run_20261003_v16e/classify_out/*/classified.csv,observed_closed_word,封闭的结构词/日历词/案名片段，不是汇编缩写；已登记汇编永不拒收（classify 安全阀）,engineering lead (edge-court round),2026-10-03
The December,whole,calendar,27,10 The December 1993,语料实测：edge4 基线 run 与主线 v16c 的 classify 输出（shape 抽出的缩写位不是汇编）,data/run_20261003_edge4c/classify_out/*/classified.csv; data/run_20261003_v16e/classify_out/*/classified.csv,observed_closed_word,封闭的结构词/日历词/案名片段，不是汇编缩写；已登记汇编永不拒收（classify 安全阀）,engineering lead (edge-court round),2026-10-03
Jan,whole,calendar_abbr,205,155 Jan. 1,语料实测：edge4 基线 run 与主线 v16c 的 classify 输出（shape 抽出的缩写位不是汇编）,data/run_20261003_edge4c/classify_out/*/classified.csv; data/run_20261003_v16e/classify_out/*/classified.csv,observed_closed_word,封闭的结构词/日历词/案名片段，不是汇编缩写；已登记汇编永不拒收（classify 安全阀）,engineering lead (edge-court round),2026-10-03
Feb,whole,calendar_abbr,192,00 Feb 2007,语料实测：edge4 基线 run 与主线 v16c 的 classify 输出（shape 抽出的缩写位不是汇编）,data/run_20261003_edge4c/classify_out/*/classified.csv; data/run_20261003_v16e/classify_out/*/classified.csv,observed_closed_word,封闭的结构词/日历词/案名片段，不是汇编缩写；已登记汇编永不拒收（classify 安全阀）,engineering lead (edge-court round),2026-10-03
Mar,whole,calendar_abbr,98,23 Mar 18,语料实测：edge4 基线 run 与主线 v16c 的 classify 输出（shape 抽出的缩写位不是汇编）,data/run_20261003_edge4c/classify_out/*/classified.csv; data/run_20261003_v16e/classify_out/*/classified.csv,observed_closed_word,封闭的结构词/日历词/案名片段，不是汇编缩写；已登记汇编永不拒收（classify 安全阀）,engineering lead (edge-court round),2026-10-03
Jun,whole,calendar_abbr,53,986 Jun. 01,语料实测：edge4 基线 run 与主线 v16c 的 classify 输出（shape 抽出的缩写位不是汇编）,data/run_20261003_edge4c/classify_out/*/classified.csv; data/run_20261003_v16e/classify_out/*/classified.csv,observed_closed_word,封闭的结构词/日历词/案名片段，不是汇编缩写；已登记汇编永不拒收（classify 安全阀）,engineering lead (edge-court round),2026-10-03
Jul,whole,calendar_abbr,51,416 Jul. 1,语料实测：edge4 基线 run 与主线 v16c 的 classify 输出（shape 抽出的缩写位不是汇编）,data/run_20261003_edge4c/classify_out/*/classified.csv; data/run_20261003_v16e/classify_out/*/classified.csv,observed_closed_word,封闭的结构词/日历词/案名片段，不是汇编缩写；已登记汇编永不拒收（classify 安全阀）,engineering lead (edge-court round),2026-10-03
Aug,whole,calendar_abbr,107,2014 Aug. 2014,语料实测：edge4 基线 run 与主线 v16c 的 classify 输出（shape 抽出的缩写位不是汇编）,data/run_20261003_edge4c/classify_out/*/classified.csv; data/run_20261003_v16e/classify_out/*/classified.csv,observed_closed_word,封闭的结构词/日历词/案名片段，不是汇编缩写；已登记汇编永不拒收（classify 安全阀）,engineering lead (edge-court round),2026-10-03
Sep,whole,calendar_abbr,58,07 Sep 2010,语料实测：edge4 基线 run 与主线 v16c 的 classify 输出（shape 抽出的缩写位不是汇编）,data/run_20261003_edge4c/classify_out/*/classified.csv; data/run_20261003_v16e/classify_out/*/classified.csv,observed_closed_word,封闭的结构词/日历词/案名片段，不是汇编缩写；已登记汇编永不拒收（classify 安全阀）,engineering lead (edge-court round),2026-10-03
Sept,whole,calendar_abbr,146,549 Sept. 19,语料实测：edge4 基线 run 与主线 v16c 的 classify 输出（shape 抽出的缩写位不是汇编）,data/run_20261003_edge4c/classify_out/*/classified.csv; data/run_20261003_v16e/classify_out/*/classified.csv,observed_closed_word,封闭的结构词/日历词/案名片段，不是汇编缩写；已登记汇编永不拒收（classify 安全阀）,engineering lead (edge-court round),2026-10-03
Oct,whole,calendar_abbr,185,416 Oct. 1,语料实测：edge4 基线 run 与主线 v16c 的 classify 输出（shape 抽出的缩写位不是汇编）,data/run_20261003_edge4c/classify_out/*/classified.csv; data/run_20261003_v16e/classify_out/*/classified.csv,observed_closed_word,封闭的结构词/日历词/案名片段，不是汇编缩写；已登记汇编永不拒收（classify 安全阀）,engineering lead (edge-court round),2026-10-03
Nov,whole,calendar_abbr,189,229 Nov. 13,语料实测：edge4 基线 run 与主线 v16c 的 classify 输出（shape 抽出的缩写位不是汇编）,data/run_20261003_edge4c/classify_out/*/classified.csv; data/run_20261003_v16e/classify_out/*/classified.csv,observed_closed_word,封闭的结构词/日历词/案名片段，不是汇编缩写；已登记汇编永不拒收（classify 安全阀）,engineering lead (edge-court round),2026-10-03
Dec,whole,calendar_abbr,204,2010 Dec 31,语料实测：edge4 基线 run 与主线 v16c 的 classify 输出（shape 抽出的缩写位不是汇编）,data/run_20261003_edge4c/classify_out/*/classified.csv; data/run_20261003_v16e/classify_out/*/classified.csv,observed_closed_word,封闭的结构词/日历词/案名片段，不是汇编缩写；已登记汇编永不拒收（classify 安全阀）,engineering lead (edge-court round),2026-10-03
See,first_word,citation_signal,1469,15 See all Sabex 2002,语料实测：edge4 基线 run 与主线 v16c 的 classify 输出（shape 抽出的缩写位不是汇编）,data/run_20261003_edge4c/classify_out/*/classified.csv; data/run_20261003_v16e/classify_out/*/classified.csv,observed_closed_word,封闭的结构词/日历词/案名片段，不是汇编缩写；已登记汇编永不拒收（classify 安全阀）,engineering lead (edge-court round),2026-10-03
On,first_word,calendar_lead,8642,18 On September 11,语料实测：edge4 基线 run 与主线 v16c 的 classify 输出（shape 抽出的缩写位不是汇编）,data/run_20261003_edge4c/classify_out/*/classified.csv; data/run_20261003_v16e/classify_out/*/classified.csv,observed_closed_word,封闭的结构词/日历词/案名片段，不是汇编缩写；已登记汇编永不拒收（classify 安全阀）,engineering lead (edge-court round),2026-10-03
In,first_word,calendar_lead,2418,2003 In Dec. 2003,语料实测：edge4 基线 run 与主线 v16c 的 classify 输出（shape 抽出的缩写位不是汇编）,data/run_20261003_edge4c/classify_out/*/classified.csv; data/run_20261003_v16e/classify_out/*/classified.csv,observed_closed_word,封闭的结构词/日历词/案名片段，不是汇编缩写；已登记汇编永不拒收（classify 安全阀）,engineering lead (edge-court round),2026-10-03
At,first_word,document_label,60,25 At the January 7,语料实测：edge4 基线 run 与主线 v16c 的 classify 输出（shape 抽出的缩写位不是汇编）,data/run_20261003_edge4c/classify_out/*/classified.csv; data/run_20261003_v16e/classify_out/*/classified.csv,observed_closed_word,封闭的结构词/日历词/案名片段，不是汇编缩写；已登记汇编永不拒收（classify 安全阀）,engineering lead (edge-court round),2026-10-03
From,first_word,document_label,106,5 From July 2,语料实测：edge4 基线 run 与主线 v16c 的 classify 输出（shape 抽出的缩写位不是汇编）,data/run_20261003_edge4c/classify_out/*/classified.csv; data/run_20261003_v16e/classify_out/*/classified.csv,observed_closed_word,封闭的结构词/日历词/案名片段，不是汇编缩写；已登记汇编永不拒收（classify 安全阀）,engineering lead (edge-court round),2026-10-03
INTRODUCTION,first_word,document_heading,95,1 INTRODUCTION AND PROCEDURAL HISTORY 1,语料实测：edge4 基线 run 与主线 v16c 的 classify 输出（shape 抽出的缩写位不是汇编）,data/run_20261003_edge4c/classify_out/*/classified.csv; data/run_20261003_v16e/classify_out/*/classified.csv,observed_closed_word,封闭的结构词/日历词/案名片段，不是汇编缩写；已登记汇编永不拒收（classify 安全阀）,engineering lead (edge-court round),2026-10-03
