printed_abbreviation,normalized_key,origin_country,origin_subdivision,exclusivity,volume_system,vol_range_start,vol_range_end,year_range_start,year_range_end,source,source_locator,verification_status,counter_example_check,notes,reviewer,reviewed_at
S.C.R.,scr,CA,,exclusive_statute,year_volume,,,1876,,Supreme Court Act (R.S.C. 1985 c. S-26),https://laws-lois.justice.gc.ca/eng/acts/s-26/page-1.html s.3 + s.17（取用 2026-09-13）,verified_exclusive_statute,法条正文：s.3 法院是「a general court of appeal for Canada」；s.17「The Registrar ... shall report and publish the judgments of the Court」——官方汇编由法院自己的 Registrar 出版法院判决。反例搜寻：S.C.R. 各卷另含 headnote 与律师陈词等编辑材料，但不含其他法院的判决；本轮未发现任何非 SCC 判决（也无法国法院混淆项）。,卷/年体系 year_volume：引证 [1995] 2 S.C.R. 3（年+卷+页）。年窗起点 1876 = 官方汇编首卷；语料实测年 1800–2023 中 1876 前为解析噪声（由窗排除）。R3 记录,lead,2026-09-13
Can. S.C.R.,canscr,CA,,exclusive_statute,continuous,,,1876,,Supreme Court Act (R.S.C. 1985 c. S-26) + Supreme Court of Canada 官网,https://laws-lois.justice.gc.ca/eng/acts/s-26/page-1.html s.17；https://www.scc-csc.ca/judgments-jugements/index-eng.aspx（官网导航将本汇编标为「Canada Supreme Court Reports」；取用 2026-09-13）,verified_exclusive_statute,同上（同一官方汇编的早期印刷形）：语料实测印刷形如「6 Can. S. C. R. 52」「(1920) 60 Can. S.C.R. 131」——「Can. S.C.R.」展开即「Canada Supreme Court Reports」；官网以此名指该汇编。反例搜寻：同 S.C.R. 行。,与 S.C.R. 同一汇编的早期印刷形；卷号跨年连续（语料实测卷 3/6/9/30/42/57/60 + 年），故 volume_system=continuous（Stage 3 会零化年槽）。**本行依据链最长**（缩写展开 + 官网名称 + s.17），复核时优先看这一行,lead,2026-09-13
F.C.,fc,CA,,exclusive_statute,year_volume,,,1971,,Federal Courts Act (R.S.C. 1985 c. F-7),https://laws-lois.justice.gc.ca/eng/acts/F-7/page-6.html s.58(1)(2)（取用 2026-09-13）,verified_exclusive_statute,法条正文：s.58(1)「editor of the official reports of the decisions of the Federal Court of Appeal and the Federal Court」；s.58(2) 编辑只可决定哪些判决「of sufficient significance」——即只能收录该两院判决、不得收他院判决。语料实测印刷形 [1994] 1 F.C. 742 等。反例搜寻：未发现非联邦法院判决；FC 亦是联邦法院中立码（citation_kind=neutral 的行由 scope 表处理、不走本行）,卷/年体系 year_volume：引证 [1994] 1 F.C. 742。年窗起点 1971 = 联邦法院设立（Federal Court Act 1970 于 1971 生效）；语料实测年 1971–2004 全在窗内。R3 记录,lead,2026-09-13
F.C.R.,fcr,CA,,exclusive_statute,year_volume,,,1971,,Federal Courts Act (R.S.C. 1985 c. F-7),https://laws-lois.justice.gc.ca/eng/acts/F-7/page-6.html s.58(1)(2)（取用 2026-09-13）,verified_exclusive_statute,同 F.C. 行（s.58 的 official reports 即联邦法院报告；F.C.R. 是其现代印刷形）。语料实测印刷形 [2006] 2 F.C.R. 287、[2021] 1 F.C.R. 551 等——年+卷+页结构同 F.C.,与 F.C. 同一官方汇编的现代印刷形；year_volume。R3 记录,lead,2026-09-13
A.C.,ac,,,mixed,year_volume,,,,,Incorporated Council of Law Reporting（ICLR）1930 年 A.C. 卷首题名页,audit/findings/r3_reporter_origin_british.md §2（研究者取用特定卷全文；2026-09-13）,verified_mixed,"卷首逐字「HOUSE OF LORDS, JUDICIAL COMMITTEE OF THE PRIVY COUNCIL AND PEERAGE CASES」并配枢密院专职 reporter；反例 Edwards v Canada (AG) = [1930] AC 124（BAILII Cite as 行显示来自加拿大最高法院）同卷另有十余件加拿大枢密院案与尼日利亚/锡兰/新南威尔士/海峡殖民地/马耳他案",混合（上院 GB 来源地 + 各殖民地枢密院上诉非 GB 来源地）→ **不得作 GB 来源证据**。R3 记录：若误写 GB 会把 211 个现有 CA 组打成 CONFLICT,lead,2026-09-13
App. Cas.,appcas,,,mixed,year_volume,,,,,同 A.C.（1875–1890 的印刷形）,audit/findings/r3_reporter_origin_british.md §2,verified_mixed,同 A.C.：上院 + 枢密院混印,与 A.C. 同一汇编的早期印刷形 → 混合,lead,2026-09-13
E.R.,er,,,mixed,,,,,,Stevens & Sons 178 卷重印本索引图（第三方转录）;ICLR,audit/findings/r3_reporter_origin_british.md §3,verified_mixed,12–20 卷为枢密院（含印度上诉 1809–1865）；1–11 卷含苏格兰/爱尔兰上院上诉；161–167 卷为教会/海事/遗嘱检验,范围描述出自出版方索引图的第三方转录 → 即便结论可靠也不可升级为可写行；本轮按 mixed 记档（窗口留空：混合行不参与推断）,lead,2026-09-13
W.L.R.,wlr,,,mixed,year_volume,,,,,ICLR 官网范围自述;BAILII 判决页,audit/findings/r3_reporter_origin_british.md §4（含 [1956] 1 WLR 965）,verified_mixed,Subramaniam v Public Prosecutor (Malaya) = [1956] 1 WLR 965 → 含马来亚枢密院上诉；ICLR 自述含上院与枢密院,回答上一轮审计悬案：语料中 76 条 CA 法域的 W.L.R. 提及多半不是分组错误（W.L.R. 真的刊登从加拿大上诉枢密院案 → 按本项目语义来源地 CA）；但 wlr 自身不携带来源证据。语料实测年下限 1905 是噪声（真实起点 1953）,lead,2026-09-13
K.B.,kb,,,mixed,,,,,,（未取得卷首题名页）,audit/findings/r3_reporter_origin_british.md §5,verified_mixed,未找到反例、也**未取得** K.B./Q.B.D. 卷首题名页——判 mixed 的理由是「证据不足」而非「找到反例」；可升级但缺一件实物。魁北克侧已独立溯源：1900 年魁省律师总会总索引给出 1892–1898 卷 1–7（B.R.）,潜在可升级项。语料实测 kb 卷跨度 1–19521 为解析噪声；年 1893–1971 横跨 Q.B.（至 1900）与 K.B.（1901–1952）两个命名窗。因此 (1930) 45 K.B. 129 无可命中窗 → 保持 UNDETERMINED（不是 CA）,lead,2026-09-13
Q.B.,qb,,,mixed,,,,,,（同 K.B.）;1900 年魁省官方总索引,audit/findings/r3_reporter_origin_british.md §5,verified_mixed,魁北克侧：1892–1898 卷 1–7 B.R. + 1–14 C.S.；1892–1898 与英国侧重叠区按设计保持 UNDETERMINED,同 K.B.。语料 qb 高频形态（卷 1–2、年 1891–1900）与魁北克年卷形吻合而与英国连续卷形不符,lead,2026-09-13
Ch.,ch,,,mixed,,,,,,（未取得卷首题名页）,audit/findings/r3_reporter_origin_british.md §6,verified_mixed,证据不足而非找到反例；可升级项,同 K.B.),lead,2026-09-13
Ch. D.,chd,,,mixed,,,,,,（未取得卷首题名页）,audit/findings/r3_reporter_origin_british.md §6,verified_mixed,证据不足而非找到反例；可升级项,同 K.B.),lead,2026-09-13
Q.B.D.,qbd,,,mixed,,,,,,（未取得卷首题名页）,audit/findings/r3_reporter_origin_british.md §6,verified_mixed,证据不足而非找到反例；可升级项,同 K.B.),lead,2026-09-13
All E.R.,aller,,,mixed,,,,,,（仅第三方索引转录）,audit/findings/r3_reporter_origin_british.md §7,verified_mixed,范围描述只有第三方转录 → 不可升级为可写行,与 ac 同类的混合嫌疑；现有 1 348 个净新增组不兑现,lead,2026-09-13
Cr. App. R.,crappr,,,mixed,,,,,,（无出版方范围文本）,audit/findings/r3_reporter_origin_british.md §7,verified_mixed,未找到任何出版方范围文本 → 不写行,记录性（印刷形 Cr. App. R. → nk=crappr）,lead,2026-09-13
L.R. (H.L.),lrhl,,,mixed,,,,,,"系列正式题名（1866–1870）「House of Lords, ENGLISH AND IRISH APPEALS」",audit/findings/r3_reporter_origin_british.md §6,verified_mixed,含爱尔兰上诉（另有 Scotch 与 Divorce Appeals 分系列）→ 非英国专属,混合,lead,2026-09-13
L.R. (Q.B.),lr.qb,,,mixed,,,,,,同系列,audit/findings/r3_reporter_origin_british.md §6,verified_mixed,同系列混合,混合,lead,2026-09-13
Ch. App.,chapp,,,mixed,,,,,,同系列,audit/findings/r3_reporter_origin_british.md §6,verified_mixed,同系列混合,混合,lead,2026-09-13
L.R. (P.C.),lr.pc,,,mixed,,,,,,该系列本身就是殖民地上诉汇辑,audit/findings/r3_reporter_origin_british.md §6,verified_mixed,按构造即混合（枢密院各殖民地来源地）,混合,lead,2026-09-13
U.S.,us,,,mixed,year_volume,,,,,28 U.S.C. §411 历史与修订注;supremecourt.gov;LoC,audit/findings/r3_reporter_origin_other.md（含 28 U.S.C. §411(a) 与 Historical Notes；取用 2026-09-13）,verified_mixed,反例具体：277 U.S. 189 (1928) Springer v. Government of the Philippine Islands（美最高法院 1901–1946 对菲律宾行使上诉管辖；§411 历史注载明 1946-07-04 独立后删除菲律宾条款）；2 U.S. (2 Dall.) 含宾州最高法院/高等错误与上诉法院/普通诉讼法院/捕获上诉法院/宾州联邦巡回法院判决 —— 即**不是**联邦最高法院,误判区：卷 ≤ 90 与卷约 180–330。语料年 2026 为解析伪影（2025 开庭期尚未装订）,lead,2026-09-13
C.L.R.,clr,,,mixed,,,,,,澳大利亚法律汇编索引（CLR = 高等法院授权汇编；含高等法院与**枢密院**对高等法院上诉的判决）,audit/findings/r3_reporter_origin_other.md（含独立溯源的卷窗 1–283+/1903–2026）,verified_mixed,反例：含枢密院判决。**但注意**：枢密院从澳大利亚高等法院上诉的案按本项目语义来源地仍是 AU（case_origin.csv 203/203 为 CA+JCPC）——故真正的阻塞是语料另有加拿大同形侧（164 条 CA 提及）身份未决,同形未决（联邦法律汇编 AU vs 加拿大侧身份不明）→ 不写行。语料卷 2010 为解析伪影,lead,2026-09-13
P.,p,,,mixed,year_volume,,,,,ICLR 1890 年 Probate Division 卷首题名页;Pacific Reporter 窗（第三方）,audit/findings/r3_reporter_origin_british.md §8 + r3_reporter_origin_other.md §3,verified_mixed,英国侧卷首含「And On Appeal ThereFrom In The Privy Council」→ 至少混合；美国侧 Pacific Reporter 与英 Probate 同形,两侧都不是单一来源地 → 不可写。记录：现有未核实表把 P. 写成 US 卷 1–999/1883–2030 与已溯源窗（1–300/1883–1931 等）冲突,lead,2026-09-13
A.L.R.,alr,,,mixed,year_volume,,,,,Australian Law Reports 与 American Law Reports 均为第三方来源,audit/findings/r3_reporter_origin_other.md §4,verified_mixed,两本无关联系列同形；ALR 实为「注解 + 重印判例」的二手性质；两侧年份窗**均未溯源**（故意留空而非猜）,同形且无窗 → 不写行,lead,2026-09-13
N.Z.L.R.,nzlr,,,mixed,,,,,,（仅第三方；且未取得 NZCLR 自身范围声明）,audit/findings/r3_reporter_origin_other.md §5,verified_mixed,未决：新西兰终审法院在 2004-07-01 前为枢密院 —— 但按本项目语义从 NZ 上诉枢密院的案来源地仍是 NZ；真正阻塞是**无出版方范围来源**,不可写（缺来源）,lead,2026-09-13
F.,f,,,mixed,year_volume,,,,,（仅第三方参考书；出版方页面跨域重定向被拒）,audit/findings/r3_reporter_origin_other.md §6,verified_mixed,子代理标为 exclusive_publisher 但唯一范围陈述来自第三方参考书 → 按 P2 **降级**为不可写（出版方自述未取得）,本轮最大的单笔放弃之一（f 现有 1 137 个净新增组）。恢复检索能力后可重做,lead,2026-09-13
F. Supp.,fsupp,,,mixed,year_volume,,,,,（同 F.）,audit/findings/r3_reporter_origin_other.md §6,verified_mixed,同 F.：只有第三方范围陈述 → 按 P2 降级,同上,lead,2026-09-13
R.J.Q.,rjq,CA,Quebec,exclusive_statute,year_volume,,,1986,2013,Loi sur la Société québécoise d'information juridique (S-20) s.21 + SOQUIJ 汇编表,https://www.legisquebec.gouv.qc.ca/fr/document/lc/s-20 s.21（经 Exa 服务端 highlights 取回逐字原文）；https://aide.soquij.qc.ca/s/article/tableau-recueils-jurisprudentiels-publies-par-SOQUIJ（表中 R.J.Q. 1986 à 2013）（取用 2026-09-14）,verified_exclusive_statute,S-20 s.21 把 SOQUIJ 的出版对象限定为「les jugements rendus par les tribunaux judiciaires siégeant au Québec」；SOQUIJ 自己的汇编表把 R.J.Q. 列为其魁北克汇编（1986 à 2013）；语料实测 2 242 条提及印刷形全为 [YYYY] R.J.Q. N（年+页）且年份恰在 1986–2013 内（与表逐点一致）；未发现非魁北克法院判决被作为判决收录（比较法转载不是被收录的判决）。,year_volume：卷槽在语料中恒空。年窗 1986–2013 同时由出版方法条/汇编表与语料实测确认；R.J.Q. 系 1986 年将 Barreau 时期分册（C.A./C.S./C.P./C.S.P. 等）合并而成，2013 年止。Lead 一手核对,lead,2026-09-14
O.R.,or,CA,Ontario,exclusive_publisher,,,,1882,,LexisNexis Canada 产品页（出版方自述）+ Ontario Court of Appeal Practice Direction,https://www.lexisnexis.com/en-ca/products/ontario-reports（逐字：Published by the Law Society of Ontario through LexisNexis Canada … leading cases decided at all levels of Ontario courts；取用 2026-09-14）；https://www.ontariocourts.ca/coa/how-to-proceed-court/practice-directions-guidelines/practice-direction-civil/（把 Ontario Reports 列为 official or semi-official reporter）,verified_exclusive_publisher,出版方自述把范围限定为「leading cases decided at all levels of Ontario courts」→ 全部安大略法院。反例搜寻：(a) 检索被 O.R. 收录的非安大略法院判决——未发现；O.R. 由安省律师公会（法定机构）作为其官方汇编出版，上诉法院实务指引将其列为 official or semi-official reporter；(b) 语料侧交叉检查：本轮冲突风险测量中 or 的成员行从未与 ON 以外的结论冲突（唯一冲突来源是 A.C./All E.R.）。(c) 若 O.R. 收录安省案件上诉至 SCC 的判决，来源地仍是 CA（加拿大最高法院），不影响本行；唯一能推翻本行的反例是**非加拿大**判决被收录——未发现。**无出版方自述者不得升级**：本轮不把第三方手册（Bluebook/图书馆指南）当授权依据，只用于年窗。,volume_system 未定：O.R. 早段是年卷形（[1932] O.R. 675）而 (2d)/(3d) 段是连续卷（22 O.R. (3d) 514），同一缩写跨两种体系 → 不给值（Stage 3 因此不动 or 的键）。年窗起点 1882 取自 Bluebook T2.6 分期表（1882–1901 O.R.；1901–1930/31 为 O.L.R.，另键）。★第一系列（1882–1900）出版方是 Rowsell & Hutchison / Canada Law Book，**出版方自述只覆盖 Third Series** → 该段严格说未获本行依据背书（登记为已知缺口）。系列分布：无系列 4 371 / (2d) 4 285 / (3d) 20 933 条提及。Lead 一手核对,lead,2026-09-14
D.L.R.,dlr,CA,,exclusive_publisher,,,,1912,,Canada Law Book / Thomson Reuters 卷内题名页（一手；Canadiana 书目转录）,https://www.canadiana.ca/view/oocihm.83107 题名页逐字：comprising every case reported in the courts of every province；and also all the cases decided in the Supreme Court of Canada；Exchequer Court；the Railway Commission；and the Canadian cases appealed to the Privy Council（取用 2026-09-14）,verified_exclusive_publisher,反例搜寻：(a) **省别反例命中且符合预期**——题名页明载 every province；检索亦命中 Quebec 来源地案（Ford v Quebec (AG) = 54 D.L.R. (4th) 577；Alliance des professeurs de Montreal = 21 D.L.R. (4th) 354 (Que. C.A. 1985)；R. v. Rahard = [1936] 3 D.L.R. 230 (Que. Ct. Sess.)）。(b) **但这些反例只推翻「单一省」不推翻「单一国」**：出版方列出的来源全部是**加拿大**法院（各省法院 + 最高法院 + 财务法院 + 铁路委员会 + 上诉至枢密院的**加拿大**案——后者按本项目 case_origin.csv 203 行语义来源地=CA）。(c) 反向陷阱（非加拿大材料）：未找到 D.L.R. 印英国/外国判决的证据。→ **国别 CA 排他；subdivision 不排他（故留空）**。,**关键判断（Lead 复核，与子代理结论不同）**：子代理依据「题名页覆盖 every province」判 mixed，那是**省别**混合；本项目组级结论字段是 origin_country，而本汇编每一件来源都在加拿大之内 → 按 P2′ 的同类原则：国别一致取国别、细分不唯一则留空。若把 subdivision 当结论会误伤（Quebec/BC 案会被标成单一省）。volume_system **故意留空**：主体是连续卷（2d/3d/4th），但 **1923–1955 一段是按年卷**（[1923] 2 D.L.R. 485）——写 continuous 会让 Stage 3 零化年槽、把该段不同判决按 vol+page 误并，故选「体系未定、不动键」。系列断点：1st 1–70（1912–1922）；按年卷（1923–1955）；2d 1–70（1956–1968）；3d 1–150（1969–1984）；4th 1–（1984–）,lead,2026-09-14
C.C.C.,ccc,CA,,exclusive_publisher,continuous,,,,1898,Canada Law Book 卷内题名页（一手；Canadiana 书目转录）+ Thomson Reuters CriminalSource 覆盖声明,https://www.canadiana.ca/view/oocihm.8_02258 题名页逐字：in criminal and quasi-criminal cases in Canada under the laws of the Dominion and of the provinces thereof；with special reference to decisions under the Criminal Code of Canada 1892；in all the provinces；覆盖自 1898 见 https://www.thomsonreuters.ca/content/dam/ewp-m/documents/canada/en/pdf/brochures/westlaw/criminal-source-brochure-online.pdf（取用 2026-09-14）,verified_exclusive_publisher,反例搜寻：(a) 题名页「in all the provinces」= 跨省自述 → **省别**反例见诸出版方自述本身；(b) 但同句把范围钉在「in Canada」「under the laws of the Dominion and of the provinces thereof」→ 来源**全部在加拿大** → **国别 CA 排他**；(c) 反向陷阱：未找到 C.C.C. 印非加拿大判决的证据（Slaw 2013 称其对魁北克采选偏弱，是**第三方评论**、不作范围证据）。,**Lead 复核**：同 D.L.R.——国别排他、subdivision 留空。volume_system=continuous（1898 起卷号连续；语料实测卷 1–2008 / 年 1894–2019，1894–1897 为噪声）。注意区分：CriminalSource 的「complete collection back to 1898」是 coverage 不是 scope——本行 scope 依据是卷内题名页,lead,2026-09-14
W.W.R.,wwr,CA,,exclusive_publisher,year_volume,,,,1911,HathiTrust 书目转录的出版方卷内范围短语（一手短语；二级取回）,http://hdl.handle.net/2027/coo.31924065712675 逐字：Vols. for 1921- : All cases of value in Western Canada from the Judicial Committee of the Privy Council；the Supreme Court of Canada；and the courts of Alberta；British Columbia；Manitoba and Saskatchewan；vols. for 1971- include appeals to the Federal Court of Canada（取用 2026-09-14；babel.hathitrust.org 直抓 403 故为搜索正文抽取）,verified_exclusive_publisher,反例搜寻：检索 W.W.R. 与非西部来源地/他省组合 → **未命中**（命中项全为西部来源地且与 A.R./B.C.L.R./Man. R. 平行引注成对：Westfair Foods [1991] 4 W.W.R. 695 + 115 A.R. 34 (Alta. C.A.)；Re Western Grocers [1936] 2 W.W.R. 81 (Man. Q.B.)；R. v. Colvin [1942] 3 W.W.R. 465 (B.C. C.A.)）。反向陷阱（非加拿大材料）：未找到。★**未取得卷首 TABLE OF CASES REPORTED 实物**。,**必须交回复核的歧义**：上引短语可读作 (a) 来自西部四省的上院/枢密院/联邦法院上诉；或 (b) 上院/枢密院/联邦法院的全部相关判决（不限来源省）。差别只在 subdivision → 故 subdivision 留空（BC/AB/SK/MB 四省并列）。volume_system=year_volume（HathiTrust 同记录：1917–1965 每年从 v.1 起；语料引注形如 [1984] 4 W.W.R. 706）；例外段：1911–Sept.1916 为 v.1–10 连续、1st 止于 1950-12-30、New series 1951–1970,lead,2026-09-14
A.R.,ar,CA,Alberta,exclusive_publisher,continuous,,,,1976,Maritime Law Book National Reporter System 产品表（出版方自述；经第三方逐字转录）,https://www.canadalegal.info/ref-library/index.html 逐字（页注引自 www.mlb.nb.ca 2004-06-23）：MLB publishes 14 law reporters that cover every jurisdiction in Canada；except Quebec … - Alberta Reports - 1976 to present（取用 2026-09-14）,verified_exclusive_publisher,反例搜寻：检索 Alberta Reports + Court of Appeal of Alberta 描述；vLex 判例页索引字段均为 Jurisdiction: Alberta 且带 MLB headnote and full text 标记（如 (1994) 157 A.R. 241 (CA)；(2013) 566 A.R. 105）→ 无他省来源地实例。语料实测年下限 1880 与卷上限 1991 为解析噪声。,MLB 在魁北克以外**每省一本省汇编**（出版方自述），A.R. 即 Alberta 那本 → 省别排他。起点有 1976（出版方）与 1977（Bluebook）两说 → 本行取出版方 1976 并记异说,lead,2026-09-14
Alta. L.R.,altalr,CA,Alberta,exclusive_publisher,continuous,,,,1908,Carswell / Thomson Reuters 卷内题名页（一手；第三方扫描转录）,https://docslib.org/doc/5353162/alberta-law-reports-fifth-series-reports-of-selected-cases-from-the-courts-of-alberta-and-appeals 卷首逐字：ALBERTA LAW REPORTS Fifth Series Reports of Selected Cases from the Courts of Alberta and Appeals VOLUME 53 (Cited 53 Alta. L.R. (5th)) … CARSWELL A DIVISION OF THOMSON REUTERS CANADA LIMITED；6th 系列同题名见 https://docslib.org/doc/4292438/western-weekly-reports（取用 2026-09-14）,verified_exclusive_publisher,反例搜寻：卷首题名页即锚定 Alberta 法院群；另查其是否印联邦/他省案 → 无实例。「Selected」只影响哪些 Alberta 案入选、不影响来源地。,**未完全核实**：系列断点取自 Bluebook T2.6（1908–1932/33；2d 1977–1992；3d 1992–2002；4th 2002–；5th/6th 续），语料实测 1908–2019 大体吻合但 **1933–1977 断档未解释**；本行按连续窗口 1908– 记，断档期引注若有也仍是 Alberta 案,lead,2026-09-14
Man. R.,manr,CA,,exclusive_publisher,continuous,,,,1979,Maritime Law Book 自述（经第三方学术转录）+ MLB 产品表转录,http://heinonline.org/HOL/Page?collection=journals&handle=hein.journals%2Fcallb18 逐字：This report series is one of the many produced by Maritime Law Book Ltd. of Fredericton. It includes cases from the Manitoba Court of Appeal；selected decisions from other provincial courts；and selected cases appealed to the federal courts；起点见 https://www.canadalegal.info/ref-library/index.html（Manitoba Reports (2d) - 1979 to present）（取用 2026-09-14）,verified_exclusive_publisher,反例搜寻：检索 Manitoba Reports 2d + Court of Queen's Bench；Manitoba 法院官网 FAQ 记判例刊于 Manitoba Reports（https://www.manitobacourts.mb.ca/court-of-appeal/frequently-asked-questions/）→ 无非 Manitoba 来源地实例。★与 wwr 同类短语歧义：selected cases appealed to the federal courts 若读成任意来源地的联邦法院案 → 含他省来源地；本行按「上诉自 Manitoba」读法（与 saskr 的明文 originating in Saskatchewan 一致）。,**subdivision 留空**：引文出现「selected decisions from other provincial courts」，无法确定是「Manitoba 其他法院」还是「其他省法院」→ 省别不排他（国别仍 CA）。语料实测 1885–2015 中 1885–1978 属他形/噪声,lead,2026-09-14
Sask. R.,saskr,CA,Saskatchewan,exclusive_publisher,continuous,,,,1979,Maritime Law Book 自述（经第三方学术转录；含来源省锚定的明文句式）,http://heinonline.org/HOL/Page?collection=journals&handle=hein.journals%2Fcallb18 逐字：This was remedied in 1980 with the publication of Saskatchewan Reports；again by the ubiquitous Maritime Law Book Ltd. The series contains all of the judgments of the Court of Appeal plus selected judgments from other Saskatchewan courts. In addition；judgments of the Supreme Court of Canada for cases originating in Saskatchewan are included（取用 2026-09-14）,verified_exclusive_publisher,反例搜寻：检索 Saskatchewan Reports + Sask. R. + Court of Appeal + 非萨省案 → 无实例。★本行逐字句「judgments of the Supreme Court of Canada for cases **originating in Saskatchewan**」明确把上院案按**来源省**纳入 → 省别仍 SK（并可作为 wwr/manr 同类短语读法的旁证，但不能替代其自身表述）。,起点两说：出版方自述 1979（https://www.slaw.ca/2016/08/22/the-passing-of-maritime-law-book-the-end-of-an-era/ 记 started 1979）vs HeinOnline/Bluebook 1980 → 本行取出版方 1979 并记异说,lead,2026-09-14
N.S.R.,nsr,CA,Nova Scotia,exclusive_publisher,continuous,1,,1965,,Maritime Law Book 自述（创始人文稿 + 产品表，第三方转录）+ Dalhousie 书目（系列分段）,https://www.slaw.ca/2011/06/27/selection-of-cases-for-publication-in-print/ 逐字：Prior to the Internet；Maritime Law Book published all of the appeal court decisions in its provincial and federal reporters … At the trial level MLB publishes in its print reporters 60% to 70% of all trial decisions；产品表 https://www.canadalegal.info/ref-library/index.html（Nova Scotia Reports (2d) - 1970 to present）；系列分段 https://digitalcommons.schulichlaw.dal.ca/cgi/viewcontent.cgi?article=1400&context=dlj（Nova Scotia reports 1965-1969 … 5v.；Nova Scotia reports (2d series) 1970-1982）（取用 2026-09-14）,verified_exclusive_publisher,反例搜寻：检索 Nova Scotia Reports + Maritime Law Book + Court of Appeal；N.S.R. (2d) + 非新斯科舍案 → 无实例。,**窗口=1965–**（1965–1969 一辑 + 1970– 2d）。1834–1929 是 Carswell 时代的另一套 N.S.R.（不同出版方）→ 不在本行窗口内。「Selective」（初审 60–70%）只影响入选、不影响来源地,lead,2026-09-14
N.B.R.,nbr,CA,New Brunswick,exclusive_publisher,continuous,,,,1969,Maritime Law Book 自述（第三方转录）+ MLB 产品表转录,https://www.slaw.ca/2010/06/23/evolution-of-bilingual-judgments-in-new-brunswick/ 逐字：The N.B.R.(2d) in print includes all of the decisions of the New Brunswick Court of Appeal and selected judgments from the lower courts；起点见 https://www.canadalegal.info/ref-library/index.html（New Brunswick Reports (2d) - 1969 to date - Includes N.B. Reports Supplement）（取用 2026-09-14）,verified_exclusive_publisher,反例搜寻：检索 New Brunswick Reports 2d + scope Court of Appeal → 无他省来源地实例。NB 官方语言法 ss.24-25 只规范**双语发表义务**而非汇编范围（https://laws.gnb.ca/en/document/cs/o-0.5）——不作本行依据。,**窗口 1969–**；1825–1929 为另一套 N.B.R.（Carswell）、1930–1968 属 Maritime Provinces Reports → 均不在本行窗口内,lead,2026-09-14
N.R.,nr,CA,,exclusive_publisher,continuous,,,,1974,Maritime Law Book National Reporter System 产品表（出版方自述；第三方逐字转录）,https://www.canadalegal.info/ref-library/index.html 逐字：- National Reporter - SCC & FCA - 1974 to date（页注引自 www.mlb.nb.ca 2004-06-23）；名称另见加拿大司法部缩写表 https://www.justice.gc.ca/eng/rp-pr/csj-sjc/harmonization/denau/abbrevia.html（取用 2026-09-14）,verified_exclusive_publisher,反例搜寻：所有描述均把范围限于 Supreme Court of Canada 与 Federal Court of Appeal 两级法院 → 无他院案。,**★范围是「法院」不是「省」**：N.R. 可证 origin_country=CA；**绝不可用来推省级 subdivision**（SCC/FCA 案本身自带 QC/ON/… 来源省）→ 本行 subdivision 必须留空。若下游只取 origin_country 则安全。volume_system=continuous（引注形如 (1975) 55 N.R. 1）,lead,2026-09-14
Ex. C.R.,excr,CA,,exclusive_publisher,continuous,,,1877,1970,Exchequer Court of Canada 授权出版卷首（政府出版物）+ 该院为单一联邦法院,https://publications.gc.ca/collections/collection_2020/cmf-fja/JU1-2-1-16-eng.pdf 卷首逐字：REPORTS OF THE EXCHEQUER COURT OF CANADA PUBLISHED UNDER AUTHORITY BY THE REGISTRAR OF THE COURT VOL. 16 … 1918；另卷有 OFFICIAL LAW REPORTER / PUBLISHED UNDER AUTHORITY BY REGISTRAR OF THE COURT（取用 2026-09-14）,verified_exclusive_publisher,反例搜寻：未找到该刊印非该院判决的证据（该院对全国的排他管辖本身排除他院判决）。**档案（不据以升级）**：子代理原判 exclusive_statute 并自陈**法定链不完整**（未取得 Exchequer Court Act 的报告出版条款）→ Lead 改判 exclusive_publisher：出版方＝法院自身的 Registrar，卷首题名页即出版方自述的范围声明，不主张未读到的法条。,**窗口 1877–1970**（Bluebook 与加拿大政府数字化重合段；馆藏另有 1875 起点异说）。subdivision 留空（联邦法院、非省级）,lead,2026-09-14
R.F.L.,rfl,CA,,exclusive_publisher,continuous,1,,1970,,Thomson Reuters Westlaw FamilySource 产品自述（出版方；一手）+ CanLII 官方博客（收录分布）,https://lirn.ca/familysource-by-westlaw/（Reports of Family Law R.F.L. - complete collection；决定性一句见 https://www.westlawcanada.com/dynamicdata/attacheddocs/userguides/westlawcanadaresearchguide0709.pdf 逐字：Find family law cases from all Canadian jurisdictions；including the Reports of Family Law；分布见 https://blog.canlii.org/2020/07/28/4800-reports-of-family-law-decisions-from-1968-to-present-added-to-canlii/ 逐字：The decisions from the Reports of Family Law are spread across jurisdictions；with 1900 cases from Ontario）（取用 2026-09-14）,verified_exclusive_publisher,反例搜寻：出版方自述「from **all Canadian jurisdictions**」+ CanLII 记 1 900 件来自 Ontario、同族引注另见 Manitoba 与 British Columbia 来源地案 → **省别不排他**；但全部落在**加拿大**之内 → **国别 CA 排他**；反向陷阱（非加拿大）未找到。,**subdivision 留空**（跨法域）。窗口分段：Reprint Series 1824–1970 与 R.F.L. 1970–（1st–6th；6th 2004–）**不可混为一个窗口**（本行取 1970– 主系列）；体系 continuous,lead,2026-09-14
