abbreviation,normalized_key,table_jurisdiction,corpus_rows,status,province_check,channels
S.C.R.,scr,CA,152326,证据支持,,"ch1:支持(45996; CA 45996) | ch2:支持(389; CA 388, GB 1) | ch3:支持(8533; CA 8533)"
C.C.C.,ccc,CA,30368,证据支持,,ch1:支持(8204; CA 8204) | ch2:支持(11331; CA 11331)
O.R.,or,ON,29586,证据支持,省级支持,"ch1:支持(9348; CA 9348) | ch2:支持(568; CA 568, 枢密院 1)"
D.L.R.,dlr,CA,18466,证据支持,,"ch1:支持(4817; CA 4816, GB 1) | ch2:支持(3750; CA 3750, 枢密院 131)"
A.C.,ac,GB,15461,证据支持,,"ch1:支持(270; GB 270) | ch2:支持(1384; GB 1384, 枢密院 730)"
Can. S.C.R.,canscr,CA,7039,无证据,,
O.J.,oj,ON,6628,证据支持,省级支持,"ch1:支持(913; CA 913) | ch2:支持(186; CA 186, 枢密院 2)"
W.W.R.,wwr,CA,6111,证据支持,,"ch1:支持(572; CA 572) | ch2:支持(835; CA 835, 枢密院 33)"
O.A.C.,oac,ON,5638,证据支持,省级支持,ch1:支持(2451; CA 2451) | ch2:支持(124; CA 124)
S.C.C.A.,scca,CA,4688,证据支持,,ch2:支持(58; CA 58)
C.R.,cr,CA,3977,证据支持,,ch1:支持(989; CA 989) | ch2:支持(545; CA 545)
All E.R.,aller,GB,3626,证据支持,,"ch1:支持(181; GB 181) | ch2:支持(611; GB 611, 枢密院 46)"
App. Cas.,appcas,GB,3248,证据支持,,"ch2:支持(89; GB 89, 枢密院 82)"
U.S.,us,US,3152,无证据,,
B.C.L.R.,bclr,BC,2746,证据支持,省级支持,ch1:支持(2858; CA 2858) | ch2:支持(941; CA 941)
F.C.,fc,CA,2490,证据支持,,ch1:支持(113; CA 113) | ch2:支持(22; CA 22)
R.F.L.,rfl,CA,2255,证据支持,,ch1:支持(802; CA 802) | ch2:支持(588; CA 588)
R.J.Q.,rjq,QC,2240,证据支持,省级支持,ch1:支持(433; CA 433)
A.R.,ar,AB,2234,证据支持,省级支持,ch1:支持(1171; CA 1171)
Ch. D.,chd,GB,2004,无证据,,
E.R.,er,GB,1945,证据支持,,"ch2:支持(36; GB 36, 枢密院 4)"
Ch.,ch,GB,1876,证据支持,,ch4:支持(49; GB 49)
Alta. L.R.,altalr,AB,1857,证据支持,省级支持,ch1:支持(967; CA 967)
C.B.R.,cbr,CA,1833,证据支持,,"ch1:支持(689; CA 689) | ch2:支持(248; CA 248, 枢密院 1)"
Ex. C.R.,excr,CA,1767,证据支持,,ch4:支持(259; CA 259)
Q.B.D.,qbd,GB,1639,无证据,,
C.R.R.,crr,CA,1591,证据支持,,ch1:支持(960; CA 960) | ch2:支持(52; CA 52)
Man. R.,manr,MB,1456,证据支持,省级支持,ch1:支持(481; CA 481)
N.S.R.,nsr,NS,1436,证据支持,省级支持,ch1:支持(541; CA 541)
F.,f,US,1434,无证据,,
B.C.A.C.,bcac,BC,1427,证据支持,省级支持,ch1:支持(2065; CA 2065) | ch2:支持(95; CA 95)
C.P.C.,cpc,CA,1366,证据支持,,ch1:支持(573; CA 573) | ch2:支持(373; CA 373)
Ont. L.R.,ontlr,ON,1326,无证据,,
B.C.J.,bcj,BC,1283,证据支持,省级支持,"ch1:支持(864; CA 864) | ch2:支持(402; CA 402, 枢密院 9)"
D.T.C.,dtc,CA,1246,证据支持,,ch1:支持(153; CA 153) | ch2:支持(116; CA 116)
O.L.R.,olr,ON,1114,证据支持,省级支持,"ch2:支持(12; CA 12, 枢密院 1) | ch4:支持(90; CA 90)"
N.B.R.,nbr,NB,1074,证据支持,省级支持,ch1:支持(259; CA 259)
C.A.,ca,QC,1039,证据支持,,ch4:支持(80; CA 80)
Sask. R.,saskr,SK,1005,证据支持,省级支持,ch1:支持(430; CA 430)
N.R.,nr,CA,993,证据支持,,"ch1:支持(406; CA 405, GB 1) | ch2:支持(143; CA 143)"
C.P.R.,cpr,CA,970,证据支持,,ch1:支持(198; CA 198) | ch2:支持(91; CA 91)
C.T.C.,ctc,CA,927,证据支持,,ch1:支持(194; CA 194) | ch2:支持(50; CA 50)
Ont. App. R.,ontappr,ON,891,无证据,,
Que. Q.B.,queqb,QC,889,证据支持,,ch4:支持(55; CA 55)
Nfld. & P.E.I.R.,nfldpeir,"NL,PE",871,证据支持,,ch1:支持(279; CA 279)
B.L.R.,blr,CA,866,证据支持,,"ch1:支持(452; CA 451, GB 1) | ch2:支持(96; CA 96)"
Q.J.,qj,QC,807,证据支持,省级支持,ch1:支持(48; CA 48)
U.C.Q.B.,ucqb,ON,802,无证据,,
F.C.R.,fcr,CA,779,证据支持,,ch1:支持(713; CA 713)
O.W.N.,own,ON,744,证据支持,省级支持,ch2:支持(13; CA 13) | ch4:支持(138; CA 138)
Cr. App. R.,crappr,GB,729,证据支持,,"ch1:支持(10; GB 10) | ch2:支持(16; GB 16, 枢密院 4)"
W.A.C.,wac,CA,719,证据支持,,ch1:支持(222; CA 222) | ch2:支持(28; CA 28)
M.V.R.,mvr,CA,710,证据支持,,"ch1:支持(355; CA 352, AU 3) | ch2:支持(79; CA 79)"
C.C.L.I.,ccli,CA,691,证据支持,,ch1:支持(288; CA 288) | ch2:支持(95; CA 95)
C.C.E.L.,ccel,CA,679,证据支持,,ch1:支持(229; CA 229) | ch2:支持(115; CA 115)
C.S.,cs,QC,653,证据支持,,ch4:支持(34; CA 34)
R.P.R.,rpr,CA,613,证据支持,,ch1:支持(355; CA 355) | ch2:支持(81; CA 81)
F.T.R.,ftr,CA,611,证据支持,,ch1:支持(243; CA 243)
L.T.,lt,GB,577,证据支持,,"ch2:支持(10; GB 10, 枢密院 2) | ch4:支持(21; GB 21)"
M.P.L.R.,mplr,CA,561,证据支持,,ch1:支持(289; CA 289) | ch2:支持(121; CA 121)
A.J.,aj,AB,543,证据支持,省级支持,ch1:支持(232; CA 232)
C.C.L.T.,cclt,CA,534,证据支持,,ch1:支持(224; CA 224) | ch2:支持(76; CA 76)
M. & W.,mw,GB,527,证据支持,,ch4:支持(31; GB 31)
R.P.C.,rpc,GB,525,证据支持,,"ch2:支持(20; GB 19, AU 1)"
L. C. Jur.,lcjur,QC,505,无证据,,
A.P.R.,apr,CA,490,证据支持,,ch1:支持(50; CA 50)
C.R.N.S.,crns,CA,486,证据支持,,ch2:支持(55; CA 55)
U.C.C.P.,uccp,ON,480,无证据,,
B.C. Rep.,bcrep,BC,473,无证据,,
Ch. App.,chapp,GB,459,无证据,,
F.C.J.,fcj,CA,457,证据支持,,ch1:支持(182; CA 182)
C.N.L.R.,cnlr,CA,436,证据支持,,ch1:支持(177; CA 177) | ch2:支持(45; CA 45)
E.T.R.,etr,CA,429,证据支持,,ch1:支持(227; CA 227) | ch2:支持(66; CA 66)
J.Q.,jq,QC,425,证据支持,省级支持,ch1:支持(98; CA 98)
Admin. L.R.,adminlr,CA,424,证据支持,,ch1:支持(220; CA 220) | ch2:支持(26; CA 26)
Beav.,beav,GB,397,证据支持,,ch4:支持(37; GB 37)
C.H.R.R.,chrr,CA,395,证据支持,,ch1:支持(51; CA 51) | ch2:支持(10; CA 10)
Gr.,gr,ON,390,无证据,,
W.C.B.,wcb,CA,386,证据支持,,ch1:支持(178; CA 178) | ch2:支持(46; CA 46)
Q.L.R.,qlr,QC,385,无证据,,
Que. K.B.,quekb,QC,382,混合,,"ch4:混合(26; CA 17, GB 9)"
N.Z.L.R.,nzlr,NZ,377,无证据,,
Ex.,ex,GB,368,证据支持,,ch4:支持(55; GB 55)
B.C.R.,bcr,BC,368,证据支持,省级支持,ch2:支持(24; CA 24)
R.L.,rl,QC,367,无证据,,
C.B.,cb,GB,365,证据支持,,ch4:支持(36; GB 36)
L.C.R.,lcr,CA,365,证据支持,,ch1:支持(59; CA 59) | ch2:支持(20; CA 20)
H.L. Cas.,hlcas,GB,347,无证据,,
M.P.R.,mpr,CA,341,证据支持,,ch4:支持(56; CA 56)
N.Y.,ny,US,325,无证据,,
C.B.N.S.,cbns,GB,321,无证据,,
P.D.,pd,GB,313,无证据,,
Times L.R.,timeslr,GB,310,无证据,,
N.S. Rep.,nsrep,NS,303,无证据,,
A.,a,US,303,无证据,,
N.E.,ne,US,296,无证据,,
S.C.J.,scj,CA,290,证据支持,,ch1:支持(82; CA 82) | ch2:支持(24; CA 24)
U.S.R.,usr,US,289,无证据,,
F. Supp.,fsupp,US,288,无证据,,
H. & N.,hn,GB,286,证据支持,,ch4:支持(34; GB 34)
T.L.R.,tlr,GB,283,证据支持,,"ch4:支持(15; GB 14, CA 1)"
L.A.C.,lac,CA,283,证据支持,,ch1:支持(16; CA 16)
B. & C.,bc,GB,276,证据支持,,ch4:支持(24; GB 24)
Q.A.C.,qac,QC,267,证据支持,,ch4:支持(111; CA 111)
Ves.,ves,GB,261,证据支持,,ch4:支持(18; GB 18)
Lloyd's Rep.,lloydsrep,GB,258,证据支持,,"ch2:支持(11; GB 10, AU 1, 枢密院 2)"
R.D.J.,rdj,QC,252,无证据,,
E. & B.,eb,GB,250,无证据,,
R.R.A.,rra,QC,247,证据支持,省级支持,ch1:支持(29; CA 29)
B. & S.,bs,GB,244,证据支持,,ch4:支持(32; GB 32)
Cox C.C.,coxcc,GB,243,证据支持,,ch4:支持(10; GB 10)
East,east,GB,241,证据支持,,ch4:支持(34; GB 34)
Moo. P.C.,moopc,GB,233,证据支持,,"ch4:支持(16; GB 14, CA 2)"
T.T.,tt,QC,233,无证据,,
L.J. Ch.,ljch,GB,229,无证据,,
L.J.Q.B.,ljqb,GB,216,证据支持,,ch4:支持(13; GB 13)
L.J.K.B.,ljkb,GB,211,证据支持,,ch4:支持(30; GB 30)
S.Ct.,sct,US,206,无证据,,
C.P.D.,cpd,GB,205,无证据,,
T.R.,tr,GB,197,证据支持,,ch4:支持(24; GB 24)
Mass.,mass,US,187,无证据,,
Can. C.C.,cancc,CA,185,证据支持,,ch4:支持(11; CA 11)
Bing.,bing,GB,184,证据支持,,ch4:支持(27; GB 27)
Sask. L.R.,sasklr,SK,182,混合,,"ch4:混合(16; CA 12, GB 4)"
C.C.P.B.,ccpb,CA,181,证据支持,,ch1:支持(85; CA 85) | ch2:支持(16; CA 16)
B.R.,br,QC,180,无证据,,
A.C.W.S.,acws,CA,177,证据支持,,ch1:支持(107; CA 107) | ch2:支持(67; CA 67)
Imm. L.R.,immlr,CA,175,证据支持,,ch1:支持(105; CA 105)
N.B. Rep.,nbrep,NB,174,无证据,,
L.C.J.,lcj,QC,173,无证据,,
M.J.,mj,MB,171,证据支持,省级支持,ch1:支持(35; CA 35)
A. & E.,ae,GB,169,无证据,,
L. T. N. S.,ltns,GB,169,无证据,,
N.W.,nw,US,168,无证据,,
S.J.,sj,GB,167,证据反对,,ch1:反对(81; CA 81)
Ont. W.N.,ontwn,ON,166,无证据,,
C.E.L.R.,celr,CA,162,证据支持,,ch1:支持(96; CA 96)
N.S.J.,nsj,NS,159,证据支持,省级支持,ch1:支持(51; CA 51)
O.A.R.,oar,ON,157,证据支持,省级支持,ch2:支持(11; CA 11)
C.A.R.,car,GB,157,无证据,,
O'M. & H.,omh,GB,156,无证据,,
Hare,hare,GB,155,证据支持,,ch4:支持(58; GB 58)
H.L.C.,hlc,GB,150,证据支持,,ch4:支持(45; GB 45)
Can. Cr. Cas.,cancrcas,CA,146,无证据,,
L.J.P.C.,ljpc,GB,145,证据支持,,"ch4:支持(47; GB 45, CA 2)"
DeG. M. & G.,degmg,GB,144,证据支持,,ch4:支持(16; GB 16)
Grant,grant,ON,144,无证据,,
Ex. D.,exd,GB,138,无证据,,
Burr.,burr,GB,137,证据支持,,ch4:支持(46; GB 46)
N.J.,nj,NL,135,证据支持,省级支持,ch1:支持(35; CA 35)
K.B.,kb,"GB,QC",0,证据支持,,ch4:支持(39; GB 39)
Q.B.,qb,"GB,QC",0,证据支持,,ch1:支持(22; GB 22)
S.C.,sc,"GB,QC",0,无证据,,
P.,p,"GB,US",0,无证据,,
C.L.R.,clr,"AU,CA",0,支持（有混合）,,"ch1:混合(224; CA 161, AU 63) | ch2:混合(161; AU 111, CA 50, 枢密院 1) | ch4:支持(68; CA 66, GB 2)"
A.L.R.,alr,"AU,US",0,支持（有混合）,,"ch1:支持(26; AU 21, CA 5) | ch2:混合(12; AU 9, CA 3, 枢密院 3)"
W.L.R.,wlr,"CA,GB",0,证据支持,,"ch1:支持(99; GB 99) | ch2:支持(119; GB 116, CA 3, 枢密院 27)"
C. & P.,cp,"GB,QC",0,证据支持,,ch4:支持(15; GB 15)
H.L.,hl,GB,0,无证据,,
Eq.,eq,GB,0,无证据,,
P.C.,pc,GB,0,无证据,,
